split,source_session,image,label
train,_bee_20230609a,20230609a1002.jpg,20230609a1002.txt
train,_bee_20230609a,20230609a1008.jpg,20230609a1008.txt
train,_bee_20230609a,20230609a1014.jpg,20230609a1014.txt
train,_bee_20230609a,20230609a102.jpg,20230609a102.txt
train,_bee_20230609a,20230609a1020.jpg,20230609a1020.txt
train,_bee_20230609a,20230609a1026.jpg,20230609a1026.txt
train,_bee_20230609a,20230609a1032.jpg,20230609a1032.txt
train,_bee_20230609a,20230609a1038.jpg,20230609a1038.txt
train,_bee_20230609a,20230609a1044.jpg,20230609a1044.txt
train,_bee_20230609a,20230609a1050.jpg,20230609a1050.txt
train,_bee_20230609a,20230609a1056.jpg,20230609a1056.txt
train,_bee_20230609a,20230609a1062.jpg,20230609a1062.txt
train,_bee_20230609a,20230609a1068.jpg,20230609a1068.txt
train,_bee_20230609a,20230609a1074.jpg,20230609a1074.txt
train,_bee_20230609a,20230609a108.jpg,20230609a108.txt
train,_bee_20230609a,20230609a1080.jpg,20230609a1080.txt
train,_bee_20230609a,20230609a1086.jpg,20230609a1086.txt
train,_bee_20230609a,20230609a1092.jpg,20230609a1092.txt
train,_bee_20230609a,20230609a1098.jpg,20230609a1098.txt
train,_bee_20230609a,20230609a1104.jpg,20230609a1104.txt
train,_bee_20230609a,20230609a1110.jpg,20230609a1110.txt
train,_bee_20230609a,20230609a1116.jpg,20230609a1116.txt
train,_bee_20230609a,20230609a1122.jpg,20230609a1122.txt
train,_bee_20230609a,20230609a1128.jpg,20230609a1128.txt
train,_bee_20230609a,20230609a1134.jpg,20230609a1134.txt
train,_bee_20230609a,20230609a114.jpg,20230609a114.txt
train,_bee_20230609a,20230609a1140.jpg,20230609a1140.txt
train,_bee_20230609a,20230609a1146.jpg,20230609a1146.txt
train,_bee_20230609a,20230609a1152.jpg,20230609a1152.txt
train,_bee_20230609a,20230609a1158.jpg,20230609a1158.txt
train,_bee_20230609a,20230609a1164.jpg,20230609a1164.txt
train,_bee_20230609a,20230609a1170.jpg,20230609a1170.txt
train,_bee_20230609a,20230609a1176.jpg,20230609a1176.txt
train,_bee_20230609a,20230609a1182.jpg,20230609a1182.txt
train,_bee_20230609a,20230609a1188.jpg,20230609a1188.txt
train,_bee_20230609a,20230609a1194.jpg,20230609a1194.txt
train,_bee_20230609a,20230609a120.jpg,20230609a120.txt
train,_bee_20230609a,20230609a1200.jpg,20230609a1200.txt
train,_bee_20230609a,20230609a1206.jpg,20230609a1206.txt
train,_bee_20230609a,20230609a1212.jpg,20230609a1212.txt
train,_bee_20230609a,20230609a1218.jpg,20230609a1218.txt
train,_bee_20230609a,20230609a1224.jpg,20230609a1224.txt
train,_bee_20230609a,20230609a1230.jpg,20230609a1230.txt
train,_bee_20230609a,20230609a1236.jpg,20230609a1236.txt
train,_bee_20230609a,20230609a1242.jpg,20230609a1242.txt
train,_bee_20230609a,20230609a1248.jpg,20230609a1248.txt
train,_bee_20230609a,20230609a1254.jpg,20230609a1254.txt
train,_bee_20230609a,20230609a126.jpg,20230609a126.txt
train,_bee_20230609a,20230609a1260.jpg,20230609a1260.txt
train,_bee_20230609a,20230609a1266.jpg,20230609a1266.txt
train,_bee_20230609a,20230609a1272.jpg,20230609a1272.txt
train,_bee_20230609a,20230609a1278.jpg,20230609a1278.txt
train,_bee_20230609a,20230609a1284.jpg,20230609a1284.txt
train,_bee_20230609a,20230609a1290.jpg,20230609a1290.txt
train,_bee_20230609a,20230609a1296.jpg,20230609a1296.txt
train,_bee_20230609a,20230609a1302.jpg,20230609a1302.txt
train,_bee_20230609a,20230609a1308.jpg,20230609a1308.txt
train,_bee_20230609a,20230609a1314.jpg,20230609a1314.txt
train,_bee_20230609a,20230609a132.jpg,20230609a132.txt
train,_bee_20230609a,20230609a1320.jpg,20230609a1320.txt
train,_bee_20230609a,20230609a1326.jpg,20230609a1326.txt
train,_bee_20230609a,20230609a1332.jpg,20230609a1332.txt
train,_bee_20230609a,20230609a1338.jpg,20230609a1338.txt
train,_bee_20230609a,20230609a1344.jpg,20230609a1344.txt
train,_bee_20230609a,20230609a1350.jpg,20230609a1350.txt
train,_bee_20230609a,20230609a1356.jpg,20230609a1356.txt
train,_bee_20230609a,20230609a1362.jpg,20230609a1362.txt
train,_bee_20230609a,20230609a1368.jpg,20230609a1368.txt
train,_bee_20230609a,20230609a1374.jpg,20230609a1374.txt
train,_bee_20230609a,20230609a138.jpg,20230609a138.txt
train,_bee_20230609a,20230609a1380.jpg,20230609a1380.txt
train,_bee_20230609a,20230609a1386.jpg,20230609a1386.txt
train,_bee_20230609a,20230609a1392.jpg,20230609a1392.txt
train,_bee_20230609a,20230609a1398.jpg,20230609a1398.txt
train,_bee_20230609a,20230609a1404.jpg,20230609a1404.txt
train,_bee_20230609a,20230609a1410.jpg,20230609a1410.txt
train,_bee_20230609a,20230609a1416.jpg,20230609a1416.txt
train,_bee_20230609a,20230609a1422.jpg,20230609a1422.txt
train,_bee_20230609a,20230609a1428.jpg,20230609a1428.txt
train,_bee_20230609a,20230609a1434.jpg,20230609a1434.txt
train,_bee_20230609a,20230609a144.jpg,20230609a144.txt
train,_bee_20230609a,20230609a1440.jpg,20230609a1440.txt
train,_bee_20230609a,20230609a1446.jpg,20230609a1446.txt
train,_bee_20230609a,20230609a1452.jpg,20230609a1452.txt
train,_bee_20230609a,20230609a1458.jpg,20230609a1458.txt
train,_bee_20230609a,20230609a1464.jpg,20230609a1464.txt
train,_bee_20230609a,20230609a1470.jpg,20230609a1470.txt
train,_bee_20230609a,20230609a1476.jpg,20230609a1476.txt
train,_bee_20230609a,20230609a1482.jpg,20230609a1482.txt
train,_bee_20230609a,20230609a1488.jpg,20230609a1488.txt
train,_bee_20230609a,20230609a1494.jpg,20230609a1494.txt
train,_bee_20230609a,20230609a150.jpg,20230609a150.txt
train,_bee_20230609a,20230609a1500.jpg,20230609a1500.txt
train,_bee_20230609a,20230609a1506.jpg,20230609a1506.txt
train,_bee_20230609a,20230609a1512.jpg,20230609a1512.txt
train,_bee_20230609a,20230609a1518.jpg,20230609a1518.txt
train,_bee_20230609a,20230609a1524.jpg,20230609a1524.txt
train,_bee_20230609a,20230609a1530.jpg,20230609a1530.txt
train,_bee_20230609a,20230609a1536.jpg,20230609a1536.txt
train,_bee_20230609a,20230609a1542.jpg,20230609a1542.txt
train,_bee_20230609a,20230609a1548.jpg,20230609a1548.txt
train,_bee_20230609a,20230609a1554.jpg,20230609a1554.txt
train,_bee_20230609a,20230609a156.jpg,20230609a156.txt
train,_bee_20230609a,20230609a1560.jpg,20230609a1560.txt
train,_bee_20230609a,20230609a1566.jpg,20230609a1566.txt
train,_bee_20230609a,20230609a1572.jpg,20230609a1572.txt
train,_bee_20230609a,20230609a1578.jpg,20230609a1578.txt
train,_bee_20230609a,20230609a1584.jpg,20230609a1584.txt
train,_bee_20230609a,20230609a1590.jpg,20230609a1590.txt
train,_bee_20230609a,20230609a1596.jpg,20230609a1596.txt
train,_bee_20230609a,20230609a1602.jpg,20230609a1602.txt
train,_bee_20230609a,20230609a1608.jpg,20230609a1608.txt
train,_bee_20230609a,20230609a1614.jpg,20230609a1614.txt
train,_bee_20230609a,20230609a162.jpg,20230609a162.txt
train,_bee_20230609a,20230609a1620.jpg,20230609a1620.txt
train,_bee_20230609a,20230609a1626.jpg,20230609a1626.txt
train,_bee_20230609a,20230609a1632.jpg,20230609a1632.txt
train,_bee_20230609a,20230609a1638.jpg,20230609a1638.txt
train,_bee_20230609a,20230609a1644.jpg,20230609a1644.txt
train,_bee_20230609a,20230609a1650.jpg,20230609a1650.txt
train,_bee_20230609a,20230609a1656.jpg,20230609a1656.txt
train,_bee_20230609a,20230609a1662.jpg,20230609a1662.txt
train,_bee_20230609a,20230609a1668.jpg,20230609a1668.txt
train,_bee_20230609a,20230609a1674.jpg,20230609a1674.txt
train,_bee_20230609a,20230609a168.jpg,20230609a168.txt
train,_bee_20230609a,20230609a1680.jpg,20230609a1680.txt
train,_bee_20230609a,20230609a1686.jpg,20230609a1686.txt
train,_bee_20230609a,20230609a1692.jpg,20230609a1692.txt
train,_bee_20230609a,20230609a1698.jpg,20230609a1698.txt
train,_bee_20230609a,20230609a1704.jpg,20230609a1704.txt
train,_bee_20230609a,20230609a1710.jpg,20230609a1710.txt
train,_bee_20230609a,20230609a1716.jpg,20230609a1716.txt
train,_bee_20230609a,20230609a1722.jpg,20230609a1722.txt
train,_bee_20230609a,20230609a1728.jpg,20230609a1728.txt
train,_bee_20230609a,20230609a1734.jpg,20230609a1734.txt
train,_bee_20230609a,20230609a174.jpg,20230609a174.txt
train,_bee_20230609a,20230609a1740.jpg,20230609a1740.txt
train,_bee_20230609a,20230609a1746.jpg,20230609a1746.txt
train,_bee_20230609a,20230609a1752.jpg,20230609a1752.txt
train,_bee_20230609a,20230609a1758.jpg,20230609a1758.txt
train,_bee_20230609a,20230609a1764.jpg,20230609a1764.txt
train,_bee_20230609a,20230609a1770.jpg,20230609a1770.txt
train,_bee_20230609a,20230609a1776.jpg,20230609a1776.txt
train,_bee_20230609a,20230609a1782.jpg,20230609a1782.txt
train,_bee_20230609a,20230609a1788.jpg,20230609a1788.txt
train,_bee_20230609a,20230609a1794.jpg,20230609a1794.txt
train,_bee_20230609a,20230609a180.jpg,20230609a180.txt
train,_bee_20230609a,20230609a1800.jpg,20230609a1800.txt
train,_bee_20230609a,20230609a1806.jpg,20230609a1806.txt
train,_bee_20230609a,20230609a1812.jpg,20230609a1812.txt
train,_bee_20230609a,20230609a1818.jpg,20230609a1818.txt
train,_bee_20230609a,20230609a1824.jpg,20230609a1824.txt
train,_bee_20230609a,20230609a1830.jpg,20230609a1830.txt
train,_bee_20230609a,20230609a1836.jpg,20230609a1836.txt
train,_bee_20230609a,20230609a1842.jpg,20230609a1842.txt
train,_bee_20230609a,20230609a1848.jpg,20230609a1848.txt
train,_bee_20230609a,20230609a1854.jpg,20230609a1854.txt
train,_bee_20230609a,20230609a186.jpg,20230609a186.txt
train,_bee_20230609a,20230609a1860.jpg,20230609a1860.txt
train,_bee_20230609a,20230609a1866.jpg,20230609a1866.txt
train,_bee_20230609a,20230609a1872.jpg,20230609a1872.txt
train,_bee_20230609a,20230609a1878.jpg,20230609a1878.txt
train,_bee_20230609a,20230609a1884.jpg,20230609a1884.txt
train,_bee_20230609a,20230609a1890.jpg,20230609a1890.txt
train,_bee_20230609a,20230609a1896.jpg,20230609a1896.txt
train,_bee_20230609a,20230609a1902.jpg,20230609a1902.txt
train,_bee_20230609a,20230609a1908.jpg,20230609a1908.txt
train,_bee_20230609a,20230609a1914.jpg,20230609a1914.txt
train,_bee_20230609a,20230609a192.jpg,20230609a192.txt
train,_bee_20230609a,20230609a1920.jpg,20230609a1920.txt
train,_bee_20230609a,20230609a1926.jpg,20230609a1926.txt
train,_bee_20230609a,20230609a1932.jpg,20230609a1932.txt
train,_bee_20230609a,20230609a1938.jpg,20230609a1938.txt
train,_bee_20230609a,20230609a1944.jpg,20230609a1944.txt
train,_bee_20230609a,20230609a1950.jpg,20230609a1950.txt
train,_bee_20230609a,20230609a1956.jpg,20230609a1956.txt
train,_bee_20230609a,20230609a1962.jpg,20230609a1962.txt
train,_bee_20230609a,20230609a1968.jpg,20230609a1968.txt
train,_bee_20230609a,20230609a1974.jpg,20230609a1974.txt
train,_bee_20230609a,20230609a198.jpg,20230609a198.txt
train,_bee_20230609a,20230609a1980.jpg,20230609a1980.txt
train,_bee_20230609a,20230609a1986.jpg,20230609a1986.txt
train,_bee_20230609a,20230609a1992.jpg,20230609a1992.txt
train,_bee_20230609a,20230609a1998.jpg,20230609a1998.txt
train,_bee_20230609a,20230609a2004.jpg,20230609a2004.txt
train,_bee_20230609a,20230609a2010.jpg,20230609a2010.txt
train,_bee_20230609a,20230609a2016.jpg,20230609a2016.txt
train,_bee_20230609a,20230609a2022.jpg,20230609a2022.txt
train,_bee_20230609a,20230609a2028.jpg,20230609a2028.txt
train,_bee_20230609a,20230609a2034.jpg,20230609a2034.txt
train,_bee_20230609a,20230609a204.jpg,20230609a204.txt
train,_bee_20230609a,20230609a2040.jpg,20230609a2040.txt
train,_bee_20230609a,20230609a2046.jpg,20230609a2046.txt
train,_bee_20230609a,20230609a2052.jpg,20230609a2052.txt
train,_bee_20230609a,20230609a2058.jpg,20230609a2058.txt
train,_bee_20230609a,20230609a2064.jpg,20230609a2064.txt
train,_bee_20230609a,20230609a2070.jpg,20230609a2070.txt
train,_bee_20230609a,20230609a2076.jpg,20230609a2076.txt
train,_bee_20230609a,20230609a2082.jpg,20230609a2082.txt
train,_bee_20230609a,20230609a2088.jpg,20230609a2088.txt
train,_bee_20230609a,20230609a2094.jpg,20230609a2094.txt
train,_bee_20230609a,20230609a210.jpg,20230609a210.txt
train,_bee_20230609a,20230609a2100.jpg,20230609a2100.txt
train,_bee_20230609a,20230609a2106.jpg,20230609a2106.txt
train,_bee_20230609a,20230609a2112.jpg,20230609a2112.txt
train,_bee_20230609a,20230609a2118.jpg,20230609a2118.txt
train,_bee_20230609a,20230609a2124.jpg,20230609a2124.txt
train,_bee_20230609a,20230609a2130.jpg,20230609a2130.txt
train,_bee_20230609a,20230609a2136.jpg,20230609a2136.txt
train,_bee_20230609a,20230609a2142.jpg,20230609a2142.txt
train,_bee_20230609a,20230609a2148.jpg,20230609a2148.txt
train,_bee_20230609a,20230609a2154.jpg,20230609a2154.txt
train,_bee_20230609a,20230609a216.jpg,20230609a216.txt
train,_bee_20230609a,20230609a2160.jpg,20230609a2160.txt
train,_bee_20230609a,20230609a2166.jpg,20230609a2166.txt
train,_bee_20230609a,20230609a2172.jpg,20230609a2172.txt
train,_bee_20230609a,20230609a2178.jpg,20230609a2178.txt
train,_bee_20230609a,20230609a2184.jpg,20230609a2184.txt
train,_bee_20230609a,20230609a2190.jpg,20230609a2190.txt
train,_bee_20230609a,20230609a2196.jpg,20230609a2196.txt
train,_bee_20230609a,20230609a2202.jpg,20230609a2202.txt
train,_bee_20230609a,20230609a2208.jpg,20230609a2208.txt
train,_bee_20230609a,20230609a2214.jpg,20230609a2214.txt
train,_bee_20230609a,20230609a222.jpg,20230609a222.txt
train,_bee_20230609a,20230609a2220.jpg,20230609a2220.txt
train,_bee_20230609a,20230609a2226.jpg,20230609a2226.txt
train,_bee_20230609a,20230609a2232.jpg,20230609a2232.txt
train,_bee_20230609a,20230609a2238.jpg,20230609a2238.txt
train,_bee_20230609a,20230609a2244.jpg,20230609a2244.txt
train,_bee_20230609a,20230609a2250.jpg,20230609a2250.txt
train,_bee_20230609a,20230609a2256.jpg,20230609a2256.txt
train,_bee_20230609a,20230609a2262.jpg,20230609a2262.txt
train,_bee_20230609a,20230609a2268.jpg,20230609a2268.txt
train,_bee_20230609a,20230609a2274.jpg,20230609a2274.txt
train,_bee_20230609a,20230609a228.jpg,20230609a228.txt
train,_bee_20230609a,20230609a2280.jpg,20230609a2280.txt
train,_bee_20230609a,20230609a2286.jpg,20230609a2286.txt
train,_bee_20230609a,20230609a2292.jpg,20230609a2292.txt
train,_bee_20230609a,20230609a2298.jpg,20230609a2298.txt
train,_bee_20230609a,20230609a2304.jpg,20230609a2304.txt
train,_bee_20230609a,20230609a2310.jpg,20230609a2310.txt
train,_bee_20230609a,20230609a2316.jpg,20230609a2316.txt
train,_bee_20230609a,20230609a2322.jpg,20230609a2322.txt
train,_bee_20230609a,20230609a2328.jpg,20230609a2328.txt
train,_bee_20230609a,20230609a2334.jpg,20230609a2334.txt
train,_bee_20230609a,20230609a234.jpg,20230609a234.txt
train,_bee_20230609a,20230609a2340.jpg,20230609a2340.txt
train,_bee_20230609a,20230609a2346.jpg,20230609a2346.txt
train,_bee_20230609a,20230609a2352.jpg,20230609a2352.txt
train,_bee_20230609a,20230609a2358.jpg,20230609a2358.txt
train,_bee_20230609a,20230609a2364.jpg,20230609a2364.txt
train,_bee_20230609a,20230609a2370.jpg,20230609a2370.txt
train,_bee_20230609a,20230609a2376.jpg,20230609a2376.txt
train,_bee_20230609a,20230609a2382.jpg,20230609a2382.txt
train,_bee_20230609a,20230609a2388.jpg,20230609a2388.txt
train,_bee_20230609a,20230609a2394.jpg,20230609a2394.txt
train,_bee_20230609a,20230609a240.jpg,20230609a240.txt
train,_bee_20230609a,20230609a2400.jpg,20230609a2400.txt
train,_bee_20230609a,20230609a2406.jpg,20230609a2406.txt
train,_bee_20230609a,20230609a2412.jpg,20230609a2412.txt
train,_bee_20230609a,20230609a2418.jpg,20230609a2418.txt
train,_bee_20230609a,20230609a2424.jpg,20230609a2424.txt
train,_bee_20230609a,20230609a2430.jpg,20230609a2430.txt
train,_bee_20230609a,20230609a2436.jpg,20230609a2436.txt
train,_bee_20230609a,20230609a2442.jpg,20230609a2442.txt
train,_bee_20230609a,20230609a2448.jpg,20230609a2448.txt
train,_bee_20230609a,20230609a2454.jpg,20230609a2454.txt
train,_bee_20230609a,20230609a246.jpg,20230609a246.txt
train,_bee_20230609a,20230609a2460.jpg,20230609a2460.txt
train,_bee_20230609a,20230609a2466.jpg,20230609a2466.txt
train,_bee_20230609a,20230609a2472.jpg,20230609a2472.txt
train,_bee_20230609a,20230609a2478.jpg,20230609a2478.txt
train,_bee_20230609a,20230609a2484.jpg,20230609a2484.txt
train,_bee_20230609a,20230609a2490.jpg,20230609a2490.txt
train,_bee_20230609a,20230609a2496.jpg,20230609a2496.txt
train,_bee_20230609a,20230609a2502.jpg,20230609a2502.txt
train,_bee_20230609a,20230609a2508.jpg,20230609a2508.txt
train,_bee_20230609a,20230609a2514.jpg,20230609a2514.txt
train,_bee_20230609a,20230609a252.jpg,20230609a252.txt
train,_bee_20230609a,20230609a2520.jpg,20230609a2520.txt
train,_bee_20230609a,20230609a2526.jpg,20230609a2526.txt
train,_bee_20230609a,20230609a2532.jpg,20230609a2532.txt
train,_bee_20230609a,20230609a2538.jpg,20230609a2538.txt
train,_bee_20230609a,20230609a2544.jpg,20230609a2544.txt
train,_bee_20230609a,20230609a2550.jpg,20230609a2550.txt
train,_bee_20230609a,20230609a2556.jpg,20230609a2556.txt
train,_bee_20230609a,20230609a2562.jpg,20230609a2562.txt
train,_bee_20230609a,20230609a2568.jpg,20230609a2568.txt
train,_bee_20230609a,20230609a2574.jpg,20230609a2574.txt
train,_bee_20230609a,20230609a258.jpg,20230609a258.txt
train,_bee_20230609a,20230609a2580.jpg,20230609a2580.txt
train,_bee_20230609a,20230609a2586.jpg,20230609a2586.txt
train,_bee_20230609a,20230609a2592.jpg,20230609a2592.txt
train,_bee_20230609a,20230609a2598.jpg,20230609a2598.txt
train,_bee_20230609a,20230609a2604.jpg,20230609a2604.txt
train,_bee_20230609a,20230609a2610.jpg,20230609a2610.txt
train,_bee_20230609a,20230609a2616.jpg,20230609a2616.txt
train,_bee_20230609a,20230609a2622.jpg,20230609a2622.txt
train,_bee_20230609a,20230609a2628.jpg,20230609a2628.txt
train,_bee_20230609a,20230609a2634.jpg,20230609a2634.txt
train,_bee_20230609a,20230609a264.jpg,20230609a264.txt
train,_bee_20230609a,20230609a2640.jpg,20230609a2640.txt
train,_bee_20230609a,20230609a2646.jpg,20230609a2646.txt
train,_bee_20230609a,20230609a2652.jpg,20230609a2652.txt
train,_bee_20230609a,20230609a2658.jpg,20230609a2658.txt
train,_bee_20230609a,20230609a2664.jpg,20230609a2664.txt
train,_bee_20230609a,20230609a2670.jpg,20230609a2670.txt
train,_bee_20230609a,20230609a2676.jpg,20230609a2676.txt
train,_bee_20230609a,20230609a2682.jpg,20230609a2682.txt
train,_bee_20230609a,20230609a2688.jpg,20230609a2688.txt
train,_bee_20230609a,20230609a2694.jpg,20230609a2694.txt
train,_bee_20230609a,20230609a270.jpg,20230609a270.txt
train,_bee_20230609a,20230609a2700.jpg,20230609a2700.txt
train,_bee_20230609a,20230609a2706.jpg,20230609a2706.txt
train,_bee_20230609a,20230609a2712.jpg,20230609a2712.txt
train,_bee_20230609a,20230609a2718.jpg,20230609a2718.txt
train,_bee_20230609a,20230609a2724.jpg,20230609a2724.txt
train,_bee_20230609a,20230609a2730.jpg,20230609a2730.txt
train,_bee_20230609a,20230609a2736.jpg,20230609a2736.txt
train,_bee_20230609a,20230609a2742.jpg,20230609a2742.txt
train,_bee_20230609a,20230609a2748.jpg,20230609a2748.txt
train,_bee_20230609a,20230609a2754.jpg,20230609a2754.txt
train,_bee_20230609a,20230609a276.jpg,20230609a276.txt
train,_bee_20230609a,20230609a2760.jpg,20230609a2760.txt
train,_bee_20230609a,20230609a2766.jpg,20230609a2766.txt
train,_bee_20230609a,20230609a2772.jpg,20230609a2772.txt
train,_bee_20230609a,20230609a2778.jpg,20230609a2778.txt
train,_bee_20230609a,20230609a2784.jpg,20230609a2784.txt
train,_bee_20230609a,20230609a2790.jpg,20230609a2790.txt
train,_bee_20230609a,20230609a2796.jpg,20230609a2796.txt
train,_bee_20230609a,20230609a2802.jpg,20230609a2802.txt
train,_bee_20230609a,20230609a2808.jpg,20230609a2808.txt
train,_bee_20230609a,20230609a2814.jpg,20230609a2814.txt
train,_bee_20230609a,20230609a282.jpg,20230609a282.txt
train,_bee_20230609a,20230609a2820.jpg,20230609a2820.txt
train,_bee_20230609a,20230609a2826.jpg,20230609a2826.txt
train,_bee_20230609a,20230609a2832.jpg,20230609a2832.txt
train,_bee_20230609a,20230609a2838.jpg,20230609a2838.txt
train,_bee_20230609a,20230609a2844.jpg,20230609a2844.txt
train,_bee_20230609a,20230609a2850.jpg,20230609a2850.txt
train,_bee_20230609a,20230609a2856.jpg,20230609a2856.txt
train,_bee_20230609a,20230609a2862.jpg,20230609a2862.txt
train,_bee_20230609a,20230609a2868.jpg,20230609a2868.txt
train,_bee_20230609a,20230609a2874.jpg,20230609a2874.txt
train,_bee_20230609a,20230609a288.jpg,20230609a288.txt
train,_bee_20230609a,20230609a2880.jpg,20230609a2880.txt
train,_bee_20230609a,20230609a2886.jpg,20230609a2886.txt
train,_bee_20230609a,20230609a2892.jpg,20230609a2892.txt
train,_bee_20230609a,20230609a2898.jpg,20230609a2898.txt
train,_bee_20230609a,20230609a2904.jpg,20230609a2904.txt
train,_bee_20230609a,20230609a2910.jpg,20230609a2910.txt
train,_bee_20230609a,20230609a2916.jpg,20230609a2916.txt
train,_bee_20230609a,20230609a2922.jpg,20230609a2922.txt
train,_bee_20230609a,20230609a2928.jpg,20230609a2928.txt
train,_bee_20230609a,20230609a2934.jpg,20230609a2934.txt
train,_bee_20230609a,20230609a294.jpg,20230609a294.txt
train,_bee_20230609a,20230609a2940.jpg,20230609a2940.txt
train,_bee_20230609a,20230609a2946.jpg,20230609a2946.txt
train,_bee_20230609a,20230609a2952.jpg,20230609a2952.txt
train,_bee_20230609a,20230609a2958.jpg,20230609a2958.txt
train,_bee_20230609a,20230609a2964.jpg,20230609a2964.txt
train,_bee_20230609a,20230609a2970.jpg,20230609a2970.txt
train,_bee_20230609a,20230609a2976.jpg,20230609a2976.txt
train,_bee_20230609a,20230609a2982.jpg,20230609a2982.txt
train,_bee_20230609a,20230609a2988.jpg,20230609a2988.txt
train,_bee_20230609a,20230609a2994.jpg,20230609a2994.txt
train,_bee_20230609a,20230609a300.jpg,20230609a300.txt
train,_bee_20230609a,20230609a3000.jpg,20230609a3000.txt
train,_bee_20230609a,20230609a3006.jpg,20230609a3006.txt
train,_bee_20230609a,20230609a3012.jpg,20230609a3012.txt
train,_bee_20230609a,20230609a3018.jpg,20230609a3018.txt
train,_bee_20230609a,20230609a3024.jpg,20230609a3024.txt
train,_bee_20230609a,20230609a3030.jpg,20230609a3030.txt
train,_bee_20230609a,20230609a3036.jpg,20230609a3036.txt
train,_bee_20230609a,20230609a3042.jpg,20230609a3042.txt
train,_bee_20230609a,20230609a3048.jpg,20230609a3048.txt
train,_bee_20230609a,20230609a3054.jpg,20230609a3054.txt
train,_bee_20230609a,20230609a306.jpg,20230609a306.txt
train,_bee_20230609a,20230609a3060.jpg,20230609a3060.txt
train,_bee_20230609a,20230609a3066.jpg,20230609a3066.txt
train,_bee_20230609a,20230609a3072.jpg,20230609a3072.txt
train,_bee_20230609a,20230609a3078.jpg,20230609a3078.txt
train,_bee_20230609a,20230609a3084.jpg,20230609a3084.txt
train,_bee_20230609a,20230609a3090.jpg,20230609a3090.txt
train,_bee_20230609a,20230609a3096.jpg,20230609a3096.txt
train,_bee_20230609a,20230609a3102.jpg,20230609a3102.txt
train,_bee_20230609a,20230609a3108.jpg,20230609a3108.txt
train,_bee_20230609a,20230609a3114.jpg,20230609a3114.txt
train,_bee_20230609a,20230609a312.jpg,20230609a312.txt
train,_bee_20230609a,20230609a3120.jpg,20230609a3120.txt
train,_bee_20230609a,20230609a3126.jpg,20230609a3126.txt
train,_bee_20230609a,20230609a3132.jpg,20230609a3132.txt
train,_bee_20230609a,20230609a3138.jpg,20230609a3138.txt
train,_bee_20230609a,20230609a3144.jpg,20230609a3144.txt
train,_bee_20230609a,20230609a3150.jpg,20230609a3150.txt
train,_bee_20230609a,20230609a3156.jpg,20230609a3156.txt
train,_bee_20230609a,20230609a3162.jpg,20230609a3162.txt
train,_bee_20230609a,20230609a3168.jpg,20230609a3168.txt
train,_bee_20230609a,20230609a3174.jpg,20230609a3174.txt
train,_bee_20230609a,20230609a318.jpg,20230609a318.txt
train,_bee_20230609a,20230609a3180.jpg,20230609a3180.txt
train,_bee_20230609a,20230609a3186.jpg,20230609a3186.txt
train,_bee_20230609a,20230609a3192.jpg,20230609a3192.txt
train,_bee_20230609a,20230609a3198.jpg,20230609a3198.txt
train,_bee_20230609a,20230609a3204.jpg,20230609a3204.txt
train,_bee_20230609a,20230609a3210.jpg,20230609a3210.txt
train,_bee_20230609a,20230609a3216.jpg,20230609a3216.txt
train,_bee_20230609a,20230609a3222.jpg,20230609a3222.txt
train,_bee_20230609a,20230609a3228.jpg,20230609a3228.txt
train,_bee_20230609a,20230609a3234.jpg,20230609a3234.txt
train,_bee_20230609a,20230609a324.jpg,20230609a324.txt
train,_bee_20230609a,20230609a3240.jpg,20230609a3240.txt
train,_bee_20230609a,20230609a3246.jpg,20230609a3246.txt
train,_bee_20230609a,20230609a3252.jpg,20230609a3252.txt
train,_bee_20230609a,20230609a3258.jpg,20230609a3258.txt
train,_bee_20230609a,20230609a3264.jpg,20230609a3264.txt
train,_bee_20230609a,20230609a3270.jpg,20230609a3270.txt
train,_bee_20230609a,20230609a3276.jpg,20230609a3276.txt
train,_bee_20230609a,20230609a3282.jpg,20230609a3282.txt
train,_bee_20230609a,20230609a3288.jpg,20230609a3288.txt
train,_bee_20230609a,20230609a3294.jpg,20230609a3294.txt
train,_bee_20230609a,20230609a330.jpg,20230609a330.txt
train,_bee_20230609a,20230609a3300.jpg,20230609a3300.txt
train,_bee_20230609a,20230609a3306.jpg,20230609a3306.txt
train,_bee_20230609a,20230609a3312.jpg,20230609a3312.txt
train,_bee_20230609a,20230609a3318.jpg,20230609a3318.txt
train,_bee_20230609a,20230609a3324.jpg,20230609a3324.txt
train,_bee_20230609a,20230609a3330.jpg,20230609a3330.txt
train,_bee_20230609a,20230609a3336.jpg,20230609a3336.txt
train,_bee_20230609a,20230609a3342.jpg,20230609a3342.txt
train,_bee_20230609a,20230609a3348.jpg,20230609a3348.txt
train,_bee_20230609a,20230609a3354.jpg,20230609a3354.txt
train,_bee_20230609a,20230609a336.jpg,20230609a336.txt
train,_bee_20230609a,20230609a3360.jpg,20230609a3360.txt
train,_bee_20230609a,20230609a3366.jpg,20230609a3366.txt
train,_bee_20230609a,20230609a3372.jpg,20230609a3372.txt
train,_bee_20230609a,20230609a3378.jpg,20230609a3378.txt
train,_bee_20230609a,20230609a3384.jpg,20230609a3384.txt
train,_bee_20230609a,20230609a3390.jpg,20230609a3390.txt
train,_bee_20230609a,20230609a3396.jpg,20230609a3396.txt
train,_bee_20230609a,20230609a3402.jpg,20230609a3402.txt
train,_bee_20230609a,20230609a3408.jpg,20230609a3408.txt
train,_bee_20230609a,20230609a3414.jpg,20230609a3414.txt
train,_bee_20230609a,20230609a342.jpg,20230609a342.txt
train,_bee_20230609a,20230609a3420.jpg,20230609a3420.txt
train,_bee_20230609a,20230609a3426.jpg,20230609a3426.txt
train,_bee_20230609a,20230609a3432.jpg,20230609a3432.txt
train,_bee_20230609a,20230609a3438.jpg,20230609a3438.txt
train,_bee_20230609a,20230609a3444.jpg,20230609a3444.txt
train,_bee_20230609a,20230609a3450.jpg,20230609a3450.txt
train,_bee_20230609a,20230609a3456.jpg,20230609a3456.txt
train,_bee_20230609a,20230609a3462.jpg,20230609a3462.txt
train,_bee_20230609a,20230609a3468.jpg,20230609a3468.txt
train,_bee_20230609a,20230609a3474.jpg,20230609a3474.txt
train,_bee_20230609a,20230609a348.jpg,20230609a348.txt
train,_bee_20230609a,20230609a3480.jpg,20230609a3480.txt
train,_bee_20230609a,20230609a3486.jpg,20230609a3486.txt
train,_bee_20230609a,20230609a3492.jpg,20230609a3492.txt
train,_bee_20230609a,20230609a3498.jpg,20230609a3498.txt
train,_bee_20230609a,20230609a3504.jpg,20230609a3504.txt
train,_bee_20230609a,20230609a3510.jpg,20230609a3510.txt
train,_bee_20230609a,20230609a3516.jpg,20230609a3516.txt
train,_bee_20230609a,20230609a3522.jpg,20230609a3522.txt
train,_bee_20230609a,20230609a3528.jpg,20230609a3528.txt
train,_bee_20230609a,20230609a3534.jpg,20230609a3534.txt
train,_bee_20230609a,20230609a354.jpg,20230609a354.txt
train,_bee_20230609a,20230609a3540.jpg,20230609a3540.txt
train,_bee_20230609a,20230609a3546.jpg,20230609a3546.txt
train,_bee_20230609a,20230609a3552.jpg,20230609a3552.txt
train,_bee_20230609a,20230609a3558.jpg,20230609a3558.txt
train,_bee_20230609a,20230609a3564.jpg,20230609a3564.txt
train,_bee_20230609a,20230609a3570.jpg,20230609a3570.txt
train,_bee_20230609a,20230609a3576.jpg,20230609a3576.txt
train,_bee_20230609a,20230609a3582.jpg,20230609a3582.txt
train,_bee_20230609a,20230609a3588.jpg,20230609a3588.txt
train,_bee_20230609a,20230609a3594.jpg,20230609a3594.txt
train,_bee_20230609a,20230609a360.jpg,20230609a360.txt
train,_bee_20230609a,20230609a3600.jpg,20230609a3600.txt
train,_bee_20230609a,20230609a3606.jpg,20230609a3606.txt
train,_bee_20230609a,20230609a3612.jpg,20230609a3612.txt
train,_bee_20230609a,20230609a3618.jpg,20230609a3618.txt
train,_bee_20230609a,20230609a3624.jpg,20230609a3624.txt
train,_bee_20230609a,20230609a3630.jpg,20230609a3630.txt
train,_bee_20230609a,20230609a3636.jpg,20230609a3636.txt
train,_bee_20230609a,20230609a3642.jpg,20230609a3642.txt
train,_bee_20230609a,20230609a3648.jpg,20230609a3648.txt
train,_bee_20230609a,20230609a3654.jpg,20230609a3654.txt
train,_bee_20230609a,20230609a366.jpg,20230609a366.txt
train,_bee_20230609a,20230609a3660.jpg,20230609a3660.txt
train,_bee_20230609a,20230609a3666.jpg,20230609a3666.txt
train,_bee_20230609a,20230609a3672.jpg,20230609a3672.txt
train,_bee_20230609a,20230609a3678.jpg,20230609a3678.txt
train,_bee_20230609a,20230609a3684.jpg,20230609a3684.txt
train,_bee_20230609a,20230609a3690.jpg,20230609a3690.txt
train,_bee_20230609a,20230609a3696.jpg,20230609a3696.txt
train,_bee_20230609a,20230609a3702.jpg,20230609a3702.txt
train,_bee_20230609a,20230609a3708.jpg,20230609a3708.txt
train,_bee_20230609a,20230609a3714.jpg,20230609a3714.txt
train,_bee_20230609a,20230609a372.jpg,20230609a372.txt
train,_bee_20230609a,20230609a3720.jpg,20230609a3720.txt
train,_bee_20230609a,20230609a3726.jpg,20230609a3726.txt
train,_bee_20230609a,20230609a3732.jpg,20230609a3732.txt
train,_bee_20230609a,20230609a3738.jpg,20230609a3738.txt
train,_bee_20230609a,20230609a3744.jpg,20230609a3744.txt
train,_bee_20230609a,20230609a3750.jpg,20230609a3750.txt
train,_bee_20230609a,20230609a3756.jpg,20230609a3756.txt
train,_bee_20230609a,20230609a3762.jpg,20230609a3762.txt
train,_bee_20230609a,20230609a3768.jpg,20230609a3768.txt
train,_bee_20230609a,20230609a3774.jpg,20230609a3774.txt
train,_bee_20230609a,20230609a378.jpg,20230609a378.txt
train,_bee_20230609a,20230609a3780.jpg,20230609a3780.txt
train,_bee_20230609a,20230609a3786.jpg,20230609a3786.txt
train,_bee_20230609a,20230609a3792.jpg,20230609a3792.txt
train,_bee_20230609a,20230609a3798.jpg,20230609a3798.txt
train,_bee_20230609a,20230609a3804.jpg,20230609a3804.txt
train,_bee_20230609a,20230609a3810.jpg,20230609a3810.txt
train,_bee_20230609a,20230609a3816.jpg,20230609a3816.txt
train,_bee_20230609a,20230609a3822.jpg,20230609a3822.txt
train,_bee_20230609a,20230609a3828.jpg,20230609a3828.txt
train,_bee_20230609a,20230609a3834.jpg,20230609a3834.txt
train,_bee_20230609a,20230609a384.jpg,20230609a384.txt
train,_bee_20230609a,20230609a3840.jpg,20230609a3840.txt
train,_bee_20230609a,20230609a3846.jpg,20230609a3846.txt
train,_bee_20230609a,20230609a3852.jpg,20230609a3852.txt
train,_bee_20230609a,20230609a3858.jpg,20230609a3858.txt
train,_bee_20230609a,20230609a3864.jpg,20230609a3864.txt
train,_bee_20230609a,20230609a3870.jpg,20230609a3870.txt
train,_bee_20230609a,20230609a3876.jpg,20230609a3876.txt
train,_bee_20230609a,20230609a3882.jpg,20230609a3882.txt
train,_bee_20230609a,20230609a3888.jpg,20230609a3888.txt
train,_bee_20230609a,20230609a3894.jpg,20230609a3894.txt
train,_bee_20230609a,20230609a390.jpg,20230609a390.txt
train,_bee_20230609a,20230609a3900.jpg,20230609a3900.txt
train,_bee_20230609a,20230609a3906.jpg,20230609a3906.txt
train,_bee_20230609a,20230609a3912.jpg,20230609a3912.txt
train,_bee_20230609a,20230609a3918.jpg,20230609a3918.txt
train,_bee_20230609a,20230609a3924.jpg,20230609a3924.txt
train,_bee_20230609a,20230609a3930.jpg,20230609a3930.txt
train,_bee_20230609a,20230609a3936.jpg,20230609a3936.txt
train,_bee_20230609a,20230609a3942.jpg,20230609a3942.txt
train,_bee_20230609a,20230609a3948.jpg,20230609a3948.txt
train,_bee_20230609a,20230609a3954.jpg,20230609a3954.txt
train,_bee_20230609a,20230609a396.jpg,20230609a396.txt
train,_bee_20230609a,20230609a3960.jpg,20230609a3960.txt
train,_bee_20230609a,20230609a3966.jpg,20230609a3966.txt
train,_bee_20230609a,20230609a3972.jpg,20230609a3972.txt
train,_bee_20230609a,20230609a3978.jpg,20230609a3978.txt
train,_bee_20230609a,20230609a3984.jpg,20230609a3984.txt
train,_bee_20230609a,20230609a3990.jpg,20230609a3990.txt
train,_bee_20230609a,20230609a3996.jpg,20230609a3996.txt
train,_bee_20230609a,20230609a4002.jpg,20230609a4002.txt
train,_bee_20230609a,20230609a4008.jpg,20230609a4008.txt
train,_bee_20230609a,20230609a4014.jpg,20230609a4014.txt
train,_bee_20230609a,20230609a402.jpg,20230609a402.txt
train,_bee_20230609a,20230609a4026.jpg,20230609a4026.txt
train,_bee_20230609a,20230609a4032.jpg,20230609a4032.txt
train,_bee_20230609a,20230609a4038.jpg,20230609a4038.txt
train,_bee_20230609a,20230609a4044.jpg,20230609a4044.txt
train,_bee_20230609a,20230609a4050.jpg,20230609a4050.txt
train,_bee_20230609a,20230609a4056.jpg,20230609a4056.txt
train,_bee_20230609a,20230609a4062.jpg,20230609a4062.txt
train,_bee_20230609a,20230609a4068.jpg,20230609a4068.txt
train,_bee_20230609a,20230609a4074.jpg,20230609a4074.txt
train,_bee_20230609a,20230609a408.jpg,20230609a408.txt
train,_bee_20230609a,20230609a4080.jpg,20230609a4080.txt
train,_bee_20230609a,20230609a4086.jpg,20230609a4086.txt
train,_bee_20230609a,20230609a4092.jpg,20230609a4092.txt
train,_bee_20230609a,20230609a4098.jpg,20230609a4098.txt
train,_bee_20230609a,20230609a4104.jpg,20230609a4104.txt
train,_bee_20230609a,20230609a4110.jpg,20230609a4110.txt
train,_bee_20230609a,20230609a4116.jpg,20230609a4116.txt
train,_bee_20230609a,20230609a4122.jpg,20230609a4122.txt
train,_bee_20230609a,20230609a4128.jpg,20230609a4128.txt
train,_bee_20230609a,20230609a4134.jpg,20230609a4134.txt
train,_bee_20230609a,20230609a414.jpg,20230609a414.txt
train,_bee_20230609a,20230609a4140.jpg,20230609a4140.txt
train,_bee_20230609a,20230609a4146.jpg,20230609a4146.txt
train,_bee_20230609a,20230609a4152.jpg,20230609a4152.txt
train,_bee_20230609a,20230609a4158.jpg,20230609a4158.txt
train,_bee_20230609a,20230609a4164.jpg,20230609a4164.txt
train,_bee_20230609a,20230609a4170.jpg,20230609a4170.txt
train,_bee_20230609a,20230609a4176.jpg,20230609a4176.txt
train,_bee_20230609a,20230609a4182.jpg,20230609a4182.txt
train,_bee_20230609a,20230609a4188.jpg,20230609a4188.txt
train,_bee_20230609a,20230609a4194.jpg,20230609a4194.txt
train,_bee_20230609a,20230609a420.jpg,20230609a420.txt
train,_bee_20230609a,20230609a4200.jpg,20230609a4200.txt
train,_bee_20230609a,20230609a4206.jpg,20230609a4206.txt
train,_bee_20230609a,20230609a4212.jpg,20230609a4212.txt
train,_bee_20230609a,20230609a4218.jpg,20230609a4218.txt
train,_bee_20230609a,20230609a4224.jpg,20230609a4224.txt
train,_bee_20230609a,20230609a4230.jpg,20230609a4230.txt
train,_bee_20230609a,20230609a4236.jpg,20230609a4236.txt
train,_bee_20230609a,20230609a4242.jpg,20230609a4242.txt
train,_bee_20230609a,20230609a426.jpg,20230609a426.txt
train,_bee_20230609a,20230609a432.jpg,20230609a432.txt
train,_bee_20230609a,20230609a438.jpg,20230609a438.txt
train,_bee_20230609a,20230609a444.jpg,20230609a444.txt
train,_bee_20230609a,20230609a450.jpg,20230609a450.txt
train,_bee_20230609a,20230609a456.jpg,20230609a456.txt
train,_bee_20230609a,20230609a462.jpg,20230609a462.txt
train,_bee_20230609a,20230609a468.jpg,20230609a468.txt
train,_bee_20230609a,20230609a474.jpg,20230609a474.txt
train,_bee_20230609a,20230609a48.jpg,20230609a48.txt
train,_bee_20230609a,20230609a480.jpg,20230609a480.txt
train,_bee_20230609a,20230609a486.jpg,20230609a486.txt
train,_bee_20230609a,20230609a492.jpg,20230609a492.txt
train,_bee_20230609a,20230609a498.jpg,20230609a498.txt
train,_bee_20230609a,20230609a504.jpg,20230609a504.txt
train,_bee_20230609a,20230609a510.jpg,20230609a510.txt
train,_bee_20230609a,20230609a516.jpg,20230609a516.txt
train,_bee_20230609a,20230609a522.jpg,20230609a522.txt
train,_bee_20230609a,20230609a528.jpg,20230609a528.txt
train,_bee_20230609a,20230609a534.jpg,20230609a534.txt
train,_bee_20230609a,20230609a54.jpg,20230609a54.txt
train,_bee_20230609a,20230609a540.jpg,20230609a540.txt
train,_bee_20230609a,20230609a546.jpg,20230609a546.txt
train,_bee_20230609a,20230609a552.jpg,20230609a552.txt
train,_bee_20230609a,20230609a558.jpg,20230609a558.txt
train,_bee_20230609a,20230609a564.jpg,20230609a564.txt
train,_bee_20230609a,20230609a570.jpg,20230609a570.txt
train,_bee_20230609a,20230609a576.jpg,20230609a576.txt
train,_bee_20230609a,20230609a582.jpg,20230609a582.txt
train,_bee_20230609a,20230609a588.jpg,20230609a588.txt
train,_bee_20230609a,20230609a594.jpg,20230609a594.txt
train,_bee_20230609a,20230609a60.jpg,20230609a60.txt
train,_bee_20230609a,20230609a600.jpg,20230609a600.txt
train,_bee_20230609a,20230609a606.jpg,20230609a606.txt
train,_bee_20230609a,20230609a612.jpg,20230609a612.txt
train,_bee_20230609a,20230609a618.jpg,20230609a618.txt
train,_bee_20230609a,20230609a624.jpg,20230609a624.txt
train,_bee_20230609a,20230609a630.jpg,20230609a630.txt
train,_bee_20230609a,20230609a636.jpg,20230609a636.txt
train,_bee_20230609a,20230609a642.jpg,20230609a642.txt
train,_bee_20230609a,20230609a648.jpg,20230609a648.txt
train,_bee_20230609a,20230609a654.jpg,20230609a654.txt
train,_bee_20230609a,20230609a66.jpg,20230609a66.txt
train,_bee_20230609a,20230609a660.jpg,20230609a660.txt
train,_bee_20230609a,20230609a666.jpg,20230609a666.txt
train,_bee_20230609a,20230609a672.jpg,20230609a672.txt
train,_bee_20230609a,20230609a678.jpg,20230609a678.txt
train,_bee_20230609a,20230609a684.jpg,20230609a684.txt
train,_bee_20230609a,20230609a690.jpg,20230609a690.txt
train,_bee_20230609a,20230609a696.jpg,20230609a696.txt
train,_bee_20230609a,20230609a702.jpg,20230609a702.txt
train,_bee_20230609a,20230609a708.jpg,20230609a708.txt
train,_bee_20230609a,20230609a714.jpg,20230609a714.txt
train,_bee_20230609a,20230609a72.jpg,20230609a72.txt
train,_bee_20230609a,20230609a720.jpg,20230609a720.txt
train,_bee_20230609a,20230609a726.jpg,20230609a726.txt
train,_bee_20230609a,20230609a732.jpg,20230609a732.txt
train,_bee_20230609a,20230609a738.jpg,20230609a738.txt
train,_bee_20230609a,20230609a744.jpg,20230609a744.txt
train,_bee_20230609a,20230609a750.jpg,20230609a750.txt
train,_bee_20230609a,20230609a756.jpg,20230609a756.txt
train,_bee_20230609a,20230609a762.jpg,20230609a762.txt
train,_bee_20230609a,20230609a768.jpg,20230609a768.txt
train,_bee_20230609a,20230609a774.jpg,20230609a774.txt
train,_bee_20230609a,20230609a78.jpg,20230609a78.txt
train,_bee_20230609a,20230609a780.jpg,20230609a780.txt
train,_bee_20230609a,20230609a786.jpg,20230609a786.txt
train,_bee_20230609a,20230609a792.jpg,20230609a792.txt
train,_bee_20230609a,20230609a798.jpg,20230609a798.txt
train,_bee_20230609a,20230609a804.jpg,20230609a804.txt
train,_bee_20230609a,20230609a810.jpg,20230609a810.txt
train,_bee_20230609a,20230609a816.jpg,20230609a816.txt
train,_bee_20230609a,20230609a822.jpg,20230609a822.txt
train,_bee_20230609a,20230609a828.jpg,20230609a828.txt
train,_bee_20230609a,20230609a834.jpg,20230609a834.txt
train,_bee_20230609a,20230609a84.jpg,20230609a84.txt
train,_bee_20230609a,20230609a840.jpg,20230609a840.txt
train,_bee_20230609a,20230609a846.jpg,20230609a846.txt
train,_bee_20230609a,20230609a852.jpg,20230609a852.txt
train,_bee_20230609a,20230609a858.jpg,20230609a858.txt
train,_bee_20230609a,20230609a864.jpg,20230609a864.txt
train,_bee_20230609a,20230609a870.jpg,20230609a870.txt
train,_bee_20230609a,20230609a876.jpg,20230609a876.txt
train,_bee_20230609a,20230609a882.jpg,20230609a882.txt
train,_bee_20230609a,20230609a888.jpg,20230609a888.txt
train,_bee_20230609a,20230609a894.jpg,20230609a894.txt
train,_bee_20230609a,20230609a90.jpg,20230609a90.txt
train,_bee_20230609a,20230609a900.jpg,20230609a900.txt
train,_bee_20230609a,20230609a906.jpg,20230609a906.txt
train,_bee_20230609a,20230609a912.jpg,20230609a912.txt
train,_bee_20230609a,20230609a918.jpg,20230609a918.txt
train,_bee_20230609a,20230609a924.jpg,20230609a924.txt
train,_bee_20230609a,20230609a930.jpg,20230609a930.txt
train,_bee_20230609a,20230609a936.jpg,20230609a936.txt
train,_bee_20230609a,20230609a942.jpg,20230609a942.txt
train,_bee_20230609a,20230609a948.jpg,20230609a948.txt
train,_bee_20230609a,20230609a954.jpg,20230609a954.txt
train,_bee_20230609a,20230609a96.jpg,20230609a96.txt
train,_bee_20230609a,20230609a960.jpg,20230609a960.txt
train,_bee_20230609a,20230609a966.jpg,20230609a966.txt
train,_bee_20230609a,20230609a972.jpg,20230609a972.txt
train,_bee_20230609a,20230609a978.jpg,20230609a978.txt
train,_bee_20230609a,20230609a984.jpg,20230609a984.txt
train,_bee_20230609a,20230609a990.jpg,20230609a990.txt
train,_bee_20230609a,20230609a996.jpg,20230609a996.txt
train,_bee_20230609b,20230609b1002.jpg,20230609b1002.txt
train,_bee_20230609b,20230609b1008.jpg,20230609b1008.txt
train,_bee_20230609b,20230609b1014.jpg,20230609b1014.txt
train,_bee_20230609b,20230609b1020.jpg,20230609b1020.txt
train,_bee_20230609b,20230609b1026.jpg,20230609b1026.txt
train,_bee_20230609b,20230609b1032.jpg,20230609b1032.txt
train,_bee_20230609b,20230609b1038.jpg,20230609b1038.txt
train,_bee_20230609b,20230609b1044.jpg,20230609b1044.txt
train,_bee_20230609b,20230609b1050.jpg,20230609b1050.txt
train,_bee_20230609b,20230609b1056.jpg,20230609b1056.txt
train,_bee_20230609b,20230609b1062.jpg,20230609b1062.txt
train,_bee_20230609b,20230609b1068.jpg,20230609b1068.txt
train,_bee_20230609b,20230609b1074.jpg,20230609b1074.txt
train,_bee_20230609b,20230609b1080.jpg,20230609b1080.txt
train,_bee_20230609b,20230609b1086.jpg,20230609b1086.txt
train,_bee_20230609b,20230609b1092.jpg,20230609b1092.txt
train,_bee_20230609b,20230609b1098.jpg,20230609b1098.txt
train,_bee_20230609b,20230609b1104.jpg,20230609b1104.txt
train,_bee_20230609b,20230609b1110.jpg,20230609b1110.txt
train,_bee_20230609b,20230609b1116.jpg,20230609b1116.txt
train,_bee_20230609b,20230609b1122.jpg,20230609b1122.txt
train,_bee_20230609b,20230609b1128.jpg,20230609b1128.txt
train,_bee_20230609b,20230609b1134.jpg,20230609b1134.txt
train,_bee_20230609b,20230609b1140.jpg,20230609b1140.txt
train,_bee_20230609b,20230609b1146.jpg,20230609b1146.txt
train,_bee_20230609b,20230609b1152.jpg,20230609b1152.txt
train,_bee_20230609b,20230609b1158.jpg,20230609b1158.txt
train,_bee_20230609b,20230609b1164.jpg,20230609b1164.txt
train,_bee_20230609b,20230609b1170.jpg,20230609b1170.txt
train,_bee_20230609b,20230609b1176.jpg,20230609b1176.txt
train,_bee_20230609b,20230609b1182.jpg,20230609b1182.txt
train,_bee_20230609b,20230609b1188.jpg,20230609b1188.txt
train,_bee_20230609b,20230609b1194.jpg,20230609b1194.txt
train,_bee_20230609b,20230609b1200.jpg,20230609b1200.txt
train,_bee_20230609b,20230609b1206.jpg,20230609b1206.txt
train,_bee_20230609b,20230609b1212.jpg,20230609b1212.txt
train,_bee_20230609b,20230609b1218.jpg,20230609b1218.txt
train,_bee_20230609b,20230609b1224.jpg,20230609b1224.txt
train,_bee_20230609b,20230609b1230.jpg,20230609b1230.txt
train,_bee_20230609b,20230609b1236.jpg,20230609b1236.txt
train,_bee_20230609b,20230609b1242.jpg,20230609b1242.txt
train,_bee_20230609b,20230609b1248.jpg,20230609b1248.txt
train,_bee_20230609b,20230609b1254.jpg,20230609b1254.txt
train,_bee_20230609b,20230609b1260.jpg,20230609b1260.txt
train,_bee_20230609b,20230609b1266.jpg,20230609b1266.txt
train,_bee_20230609b,20230609b1272.jpg,20230609b1272.txt
train,_bee_20230609b,20230609b1278.jpg,20230609b1278.txt
train,_bee_20230609b,20230609b1284.jpg,20230609b1284.txt
train,_bee_20230609b,20230609b1290.jpg,20230609b1290.txt
train,_bee_20230609b,20230609b1296.jpg,20230609b1296.txt
train,_bee_20230609b,20230609b1302.jpg,20230609b1302.txt
train,_bee_20230609b,20230609b1308.jpg,20230609b1308.txt
train,_bee_20230609b,20230609b1314.jpg,20230609b1314.txt
train,_bee_20230609b,20230609b1320.jpg,20230609b1320.txt
train,_bee_20230609b,20230609b1326.jpg,20230609b1326.txt
train,_bee_20230609b,20230609b1332.jpg,20230609b1332.txt
train,_bee_20230609b,20230609b1338.jpg,20230609b1338.txt
train,_bee_20230609b,20230609b1344.jpg,20230609b1344.txt
train,_bee_20230609b,20230609b1350.jpg,20230609b1350.txt
train,_bee_20230609b,20230609b1356.jpg,20230609b1356.txt
train,_bee_20230609b,20230609b1362.jpg,20230609b1362.txt
train,_bee_20230609b,20230609b1368.jpg,20230609b1368.txt
train,_bee_20230609b,20230609b1374.jpg,20230609b1374.txt
train,_bee_20230609b,20230609b1380.jpg,20230609b1380.txt
train,_bee_20230609b,20230609b1386.jpg,20230609b1386.txt
train,_bee_20230609b,20230609b1392.jpg,20230609b1392.txt
train,_bee_20230609b,20230609b1398.jpg,20230609b1398.txt
train,_bee_20230609b,20230609b1404.jpg,20230609b1404.txt
train,_bee_20230609b,20230609b1410.jpg,20230609b1410.txt
train,_bee_20230609b,20230609b1416.jpg,20230609b1416.txt
train,_bee_20230609b,20230609b1422.jpg,20230609b1422.txt
train,_bee_20230609b,20230609b1428.jpg,20230609b1428.txt
train,_bee_20230609b,20230609b1434.jpg,20230609b1434.txt
train,_bee_20230609b,20230609b1440.jpg,20230609b1440.txt
train,_bee_20230609b,20230609b1446.jpg,20230609b1446.txt
train,_bee_20230609b,20230609b1452.jpg,20230609b1452.txt
train,_bee_20230609b,20230609b1458.jpg,20230609b1458.txt
train,_bee_20230609b,20230609b1464.jpg,20230609b1464.txt
train,_bee_20230609b,20230609b1470.jpg,20230609b1470.txt
train,_bee_20230609b,20230609b1476.jpg,20230609b1476.txt
train,_bee_20230609b,20230609b1482.jpg,20230609b1482.txt
train,_bee_20230609b,20230609b1488.jpg,20230609b1488.txt
train,_bee_20230609b,20230609b1494.jpg,20230609b1494.txt
train,_bee_20230609b,20230609b1500.jpg,20230609b1500.txt
train,_bee_20230609b,20230609b1506.jpg,20230609b1506.txt
train,_bee_20230609b,20230609b1512.jpg,20230609b1512.txt
train,_bee_20230609b,20230609b1518.jpg,20230609b1518.txt
train,_bee_20230609b,20230609b1524.jpg,20230609b1524.txt
train,_bee_20230609b,20230609b1530.jpg,20230609b1530.txt
train,_bee_20230609b,20230609b1536.jpg,20230609b1536.txt
train,_bee_20230609b,20230609b1542.jpg,20230609b1542.txt
train,_bee_20230609b,20230609b1548.jpg,20230609b1548.txt
train,_bee_20230609b,20230609b1554.jpg,20230609b1554.txt
train,_bee_20230609b,20230609b1560.jpg,20230609b1560.txt
train,_bee_20230609b,20230609b1566.jpg,20230609b1566.txt
train,_bee_20230609b,20230609b1572.jpg,20230609b1572.txt
train,_bee_20230609b,20230609b1578.jpg,20230609b1578.txt
train,_bee_20230609b,20230609b1584.jpg,20230609b1584.txt
train,_bee_20230609b,20230609b1590.jpg,20230609b1590.txt
train,_bee_20230609b,20230609b1596.jpg,20230609b1596.txt
train,_bee_20230609b,20230609b1602.jpg,20230609b1602.txt
train,_bee_20230609b,20230609b1608.jpg,20230609b1608.txt
train,_bee_20230609b,20230609b1614.jpg,20230609b1614.txt
train,_bee_20230609b,20230609b1620.jpg,20230609b1620.txt
train,_bee_20230609b,20230609b1626.jpg,20230609b1626.txt
train,_bee_20230609b,20230609b1632.jpg,20230609b1632.txt
train,_bee_20230609b,20230609b1638.jpg,20230609b1638.txt
train,_bee_20230609b,20230609b1644.jpg,20230609b1644.txt
train,_bee_20230609b,20230609b1650.jpg,20230609b1650.txt
train,_bee_20230609b,20230609b1656.jpg,20230609b1656.txt
train,_bee_20230609b,20230609b1662.jpg,20230609b1662.txt
train,_bee_20230609b,20230609b1668.jpg,20230609b1668.txt
train,_bee_20230609b,20230609b1674.jpg,20230609b1674.txt
train,_bee_20230609b,20230609b1680.jpg,20230609b1680.txt
train,_bee_20230609b,20230609b1686.jpg,20230609b1686.txt
train,_bee_20230609b,20230609b1698.jpg,20230609b1698.txt
train,_bee_20230609b,20230609b1710.jpg,20230609b1710.txt
train,_bee_20230609b,20230609b1716.jpg,20230609b1716.txt
train,_bee_20230609b,20230609b1722.jpg,20230609b1722.txt
train,_bee_20230609b,20230609b1728.jpg,20230609b1728.txt
train,_bee_20230609b,20230609b1734.jpg,20230609b1734.txt
train,_bee_20230609b,20230609b1740.jpg,20230609b1740.txt
train,_bee_20230609b,20230609b1746.jpg,20230609b1746.txt
train,_bee_20230609b,20230609b1752.jpg,20230609b1752.txt
train,_bee_20230609b,20230609b1758.jpg,20230609b1758.txt
train,_bee_20230609b,20230609b1764.jpg,20230609b1764.txt
train,_bee_20230609b,20230609b1770.jpg,20230609b1770.txt
train,_bee_20230609b,20230609b1776.jpg,20230609b1776.txt
train,_bee_20230609b,20230609b1782.jpg,20230609b1782.txt
train,_bee_20230609b,20230609b1788.jpg,20230609b1788.txt
train,_bee_20230609b,20230609b1794.jpg,20230609b1794.txt
train,_bee_20230609b,20230609b1800.jpg,20230609b1800.txt
train,_bee_20230609b,20230609b1806.jpg,20230609b1806.txt
train,_bee_20230609b,20230609b1812.jpg,20230609b1812.txt
train,_bee_20230609b,20230609b1818.jpg,20230609b1818.txt
train,_bee_20230609b,20230609b1824.jpg,20230609b1824.txt
train,_bee_20230609b,20230609b1830.jpg,20230609b1830.txt
train,_bee_20230609b,20230609b1836.jpg,20230609b1836.txt
train,_bee_20230609b,20230609b1842.jpg,20230609b1842.txt
train,_bee_20230609b,20230609b1848.jpg,20230609b1848.txt
train,_bee_20230609b,20230609b1854.jpg,20230609b1854.txt
train,_bee_20230609b,20230609b1860.jpg,20230609b1860.txt
train,_bee_20230609b,20230609b1866.jpg,20230609b1866.txt
train,_bee_20230609b,20230609b1872.jpg,20230609b1872.txt
train,_bee_20230609b,20230609b1878.jpg,20230609b1878.txt
train,_bee_20230609b,20230609b1884.jpg,20230609b1884.txt
train,_bee_20230609b,20230609b1890.jpg,20230609b1890.txt
train,_bee_20230609b,20230609b1896.jpg,20230609b1896.txt
train,_bee_20230609b,20230609b1902.jpg,20230609b1902.txt
train,_bee_20230609b,20230609b1908.jpg,20230609b1908.txt
train,_bee_20230609b,20230609b1914.jpg,20230609b1914.txt
train,_bee_20230609b,20230609b1920.jpg,20230609b1920.txt
train,_bee_20230609b,20230609b1926.jpg,20230609b1926.txt
train,_bee_20230609b,20230609b1932.jpg,20230609b1932.txt
train,_bee_20230609b,20230609b1938.jpg,20230609b1938.txt
train,_bee_20230609b,20230609b1944.jpg,20230609b1944.txt
train,_bee_20230609b,20230609b1950.jpg,20230609b1950.txt
train,_bee_20230609b,20230609b1956.jpg,20230609b1956.txt
train,_bee_20230609b,20230609b1962.jpg,20230609b1962.txt
train,_bee_20230609b,20230609b1968.jpg,20230609b1968.txt
train,_bee_20230609b,20230609b1974.jpg,20230609b1974.txt
train,_bee_20230609b,20230609b1980.jpg,20230609b1980.txt
train,_bee_20230609b,20230609b1986.jpg,20230609b1986.txt
train,_bee_20230609b,20230609b1992.jpg,20230609b1992.txt
train,_bee_20230609b,20230609b1998.jpg,20230609b1998.txt
train,_bee_20230609b,20230609b2004.jpg,20230609b2004.txt
train,_bee_20230609b,20230609b2010.jpg,20230609b2010.txt
train,_bee_20230609b,20230609b2016.jpg,20230609b2016.txt
train,_bee_20230609b,20230609b2022.jpg,20230609b2022.txt
train,_bee_20230609b,20230609b2028.jpg,20230609b2028.txt
train,_bee_20230609b,20230609b2034.jpg,20230609b2034.txt
train,_bee_20230609b,20230609b2040.jpg,20230609b2040.txt
train,_bee_20230609b,20230609b2046.jpg,20230609b2046.txt
train,_bee_20230609b,20230609b2052.jpg,20230609b2052.txt
train,_bee_20230609b,20230609b2058.jpg,20230609b2058.txt
train,_bee_20230609b,20230609b2064.jpg,20230609b2064.txt
train,_bee_20230609b,20230609b2070.jpg,20230609b2070.txt
train,_bee_20230609b,20230609b2076.jpg,20230609b2076.txt
train,_bee_20230609b,20230609b2082.jpg,20230609b2082.txt
train,_bee_20230609b,20230609b2088.jpg,20230609b2088.txt
train,_bee_20230609b,20230609b2094.jpg,20230609b2094.txt
train,_bee_20230609b,20230609b2100.jpg,20230609b2100.txt
train,_bee_20230609b,20230609b2106.jpg,20230609b2106.txt
train,_bee_20230609b,20230609b2112.jpg,20230609b2112.txt
train,_bee_20230609b,20230609b2118.jpg,20230609b2118.txt
train,_bee_20230609b,20230609b2142.jpg,20230609b2142.txt
train,_bee_20230609b,20230609b2148.jpg,20230609b2148.txt
train,_bee_20230609b,20230609b2154.jpg,20230609b2154.txt
train,_bee_20230609b,20230609b2160.jpg,20230609b2160.txt
train,_bee_20230609b,20230609b2166.jpg,20230609b2166.txt
train,_bee_20230609b,20230609b2172.jpg,20230609b2172.txt
train,_bee_20230609b,20230609b2178.jpg,20230609b2178.txt
train,_bee_20230609b,20230609b2184.jpg,20230609b2184.txt
train,_bee_20230609b,20230609b2202.jpg,20230609b2202.txt
train,_bee_20230609b,20230609b2208.jpg,20230609b2208.txt
train,_bee_20230609b,20230609b2214.jpg,20230609b2214.txt
train,_bee_20230609b,20230609b2220.jpg,20230609b2220.txt
train,_bee_20230609b,20230609b2226.jpg,20230609b2226.txt
train,_bee_20230609b,20230609b2232.jpg,20230609b2232.txt
train,_bee_20230609b,20230609b2238.jpg,20230609b2238.txt
train,_bee_20230609b,20230609b2244.jpg,20230609b2244.txt
train,_bee_20230609b,20230609b2250.jpg,20230609b2250.txt
train,_bee_20230609b,20230609b2256.jpg,20230609b2256.txt
train,_bee_20230609b,20230609b2262.jpg,20230609b2262.txt
train,_bee_20230609b,20230609b2268.jpg,20230609b2268.txt
train,_bee_20230609b,20230609b2274.jpg,20230609b2274.txt
train,_bee_20230609b,20230609b2280.jpg,20230609b2280.txt
train,_bee_20230609b,20230609b2286.jpg,20230609b2286.txt
train,_bee_20230609b,20230609b2292.jpg,20230609b2292.txt
train,_bee_20230609b,20230609b2298.jpg,20230609b2298.txt
train,_bee_20230609b,20230609b2304.jpg,20230609b2304.txt
train,_bee_20230609b,20230609b2310.jpg,20230609b2310.txt
train,_bee_20230609b,20230609b2346.jpg,20230609b2346.txt
train,_bee_20230609b,20230609b2352.jpg,20230609b2352.txt
train,_bee_20230609b,20230609b2358.jpg,20230609b2358.txt
train,_bee_20230609b,20230609b2364.jpg,20230609b2364.txt
train,_bee_20230609b,20230609b2370.jpg,20230609b2370.txt
train,_bee_20230609b,20230609b2376.jpg,20230609b2376.txt
train,_bee_20230609b,20230609b2382.jpg,20230609b2382.txt
train,_bee_20230609b,20230609b2388.jpg,20230609b2388.txt
train,_bee_20230609b,20230609b2394.jpg,20230609b2394.txt
train,_bee_20230609b,20230609b2400.jpg,20230609b2400.txt
train,_bee_20230609b,20230609b2406.jpg,20230609b2406.txt
train,_bee_20230609b,20230609b2412.jpg,20230609b2412.txt
train,_bee_20230609b,20230609b2418.jpg,20230609b2418.txt
train,_bee_20230609b,20230609b2430.jpg,20230609b2430.txt
train,_bee_20230609b,20230609b2436.jpg,20230609b2436.txt
train,_bee_20230609b,20230609b2442.jpg,20230609b2442.txt
train,_bee_20230609b,20230609b2448.jpg,20230609b2448.txt
train,_bee_20230609b,20230609b2454.jpg,20230609b2454.txt
train,_bee_20230609b,20230609b2460.jpg,20230609b2460.txt
train,_bee_20230609b,20230609b2466.jpg,20230609b2466.txt
train,_bee_20230609b,20230609b2472.jpg,20230609b2472.txt
train,_bee_20230609b,20230609b2478.jpg,20230609b2478.txt
train,_bee_20230609b,20230609b2484.jpg,20230609b2484.txt
train,_bee_20230609b,20230609b2490.jpg,20230609b2490.txt
train,_bee_20230609b,20230609b2496.jpg,20230609b2496.txt
train,_bee_20230609b,20230609b2502.jpg,20230609b2502.txt
train,_bee_20230609b,20230609b2508.jpg,20230609b2508.txt
train,_bee_20230609b,20230609b2514.jpg,20230609b2514.txt
train,_bee_20230609b,20230609b252.jpg,20230609b252.txt
train,_bee_20230609b,20230609b2520.jpg,20230609b2520.txt
train,_bee_20230609b,20230609b2526.jpg,20230609b2526.txt
train,_bee_20230609b,20230609b2532.jpg,20230609b2532.txt
train,_bee_20230609b,20230609b2538.jpg,20230609b2538.txt
train,_bee_20230609b,20230609b2544.jpg,20230609b2544.txt
train,_bee_20230609b,20230609b2550.jpg,20230609b2550.txt
train,_bee_20230609b,20230609b2556.jpg,20230609b2556.txt
train,_bee_20230609b,20230609b2562.jpg,20230609b2562.txt
train,_bee_20230609b,20230609b2568.jpg,20230609b2568.txt
train,_bee_20230609b,20230609b2574.jpg,20230609b2574.txt
train,_bee_20230609b,20230609b258.jpg,20230609b258.txt
train,_bee_20230609b,20230609b2580.jpg,20230609b2580.txt
train,_bee_20230609b,20230609b2586.jpg,20230609b2586.txt
train,_bee_20230609b,20230609b2592.jpg,20230609b2592.txt
train,_bee_20230609b,20230609b2598.jpg,20230609b2598.txt
train,_bee_20230609b,20230609b2604.jpg,20230609b2604.txt
train,_bee_20230609b,20230609b2610.jpg,20230609b2610.txt
train,_bee_20230609b,20230609b2616.jpg,20230609b2616.txt
train,_bee_20230609b,20230609b2622.jpg,20230609b2622.txt
train,_bee_20230609b,20230609b2628.jpg,20230609b2628.txt
train,_bee_20230609b,20230609b264.jpg,20230609b264.txt
train,_bee_20230609b,20230609b2658.jpg,20230609b2658.txt
train,_bee_20230609b,20230609b270.jpg,20230609b270.txt
train,_bee_20230609b,20230609b2706.jpg,20230609b2706.txt
train,_bee_20230609b,20230609b2712.jpg,20230609b2712.txt
train,_bee_20230609b,20230609b2718.jpg,20230609b2718.txt
train,_bee_20230609b,20230609b2724.jpg,20230609b2724.txt
train,_bee_20230609b,20230609b2730.jpg,20230609b2730.txt
train,_bee_20230609b,20230609b2736.jpg,20230609b2736.txt
train,_bee_20230609b,20230609b2742.jpg,20230609b2742.txt
train,_bee_20230609b,20230609b2748.jpg,20230609b2748.txt
train,_bee_20230609b,20230609b2754.jpg,20230609b2754.txt
train,_bee_20230609b,20230609b276.jpg,20230609b276.txt
train,_bee_20230609b,20230609b2760.jpg,20230609b2760.txt
train,_bee_20230609b,20230609b2766.jpg,20230609b2766.txt
train,_bee_20230609b,20230609b2772.jpg,20230609b2772.txt
train,_bee_20230609b,20230609b2778.jpg,20230609b2778.txt
train,_bee_20230609b,20230609b2784.jpg,20230609b2784.txt
train,_bee_20230609b,20230609b2790.jpg,20230609b2790.txt
train,_bee_20230609b,20230609b2796.jpg,20230609b2796.txt
train,_bee_20230609b,20230609b2802.jpg,20230609b2802.txt
train,_bee_20230609b,20230609b2808.jpg,20230609b2808.txt
train,_bee_20230609b,20230609b2814.jpg,20230609b2814.txt
train,_bee_20230609b,20230609b282.jpg,20230609b282.txt
train,_bee_20230609b,20230609b2820.jpg,20230609b2820.txt
train,_bee_20230609b,20230609b2826.jpg,20230609b2826.txt
train,_bee_20230609b,20230609b2832.jpg,20230609b2832.txt
train,_bee_20230609b,20230609b2838.jpg,20230609b2838.txt
train,_bee_20230609b,20230609b2844.jpg,20230609b2844.txt
train,_bee_20230609b,20230609b2850.jpg,20230609b2850.txt
train,_bee_20230609b,20230609b2856.jpg,20230609b2856.txt
train,_bee_20230609b,20230609b2862.jpg,20230609b2862.txt
train,_bee_20230609b,20230609b2868.jpg,20230609b2868.txt
train,_bee_20230609b,20230609b2874.jpg,20230609b2874.txt
train,_bee_20230609b,20230609b288.jpg,20230609b288.txt
train,_bee_20230609b,20230609b2880.jpg,20230609b2880.txt
train,_bee_20230609b,20230609b2886.jpg,20230609b2886.txt
train,_bee_20230609b,20230609b2892.jpg,20230609b2892.txt
train,_bee_20230609b,20230609b2898.jpg,20230609b2898.txt
train,_bee_20230609b,20230609b2904.jpg,20230609b2904.txt
train,_bee_20230609b,20230609b2910.jpg,20230609b2910.txt
train,_bee_20230609b,20230609b2916.jpg,20230609b2916.txt
train,_bee_20230609b,20230609b2922.jpg,20230609b2922.txt
train,_bee_20230609b,20230609b2928.jpg,20230609b2928.txt
train,_bee_20230609b,20230609b2934.jpg,20230609b2934.txt
train,_bee_20230609b,20230609b294.jpg,20230609b294.txt
train,_bee_20230609b,20230609b2940.jpg,20230609b2940.txt
train,_bee_20230609b,20230609b2946.jpg,20230609b2946.txt
train,_bee_20230609b,20230609b2952.jpg,20230609b2952.txt
train,_bee_20230609b,20230609b2958.jpg,20230609b2958.txt
train,_bee_20230609b,20230609b2964.jpg,20230609b2964.txt
train,_bee_20230609b,20230609b2970.jpg,20230609b2970.txt
train,_bee_20230609b,20230609b2976.jpg,20230609b2976.txt
train,_bee_20230609b,20230609b2982.jpg,20230609b2982.txt
train,_bee_20230609b,20230609b2988.jpg,20230609b2988.txt
train,_bee_20230609b,20230609b2994.jpg,20230609b2994.txt
train,_bee_20230609b,20230609b300.jpg,20230609b300.txt
train,_bee_20230609b,20230609b3000.jpg,20230609b3000.txt
train,_bee_20230609b,20230609b3006.jpg,20230609b3006.txt
train,_bee_20230609b,20230609b3012.jpg,20230609b3012.txt
train,_bee_20230609b,20230609b3018.jpg,20230609b3018.txt
train,_bee_20230609b,20230609b3024.jpg,20230609b3024.txt
train,_bee_20230609b,20230609b3030.jpg,20230609b3030.txt
train,_bee_20230609b,20230609b3036.jpg,20230609b3036.txt
train,_bee_20230609b,20230609b3042.jpg,20230609b3042.txt
train,_bee_20230609b,20230609b3048.jpg,20230609b3048.txt
train,_bee_20230609b,20230609b3054.jpg,20230609b3054.txt
train,_bee_20230609b,20230609b306.jpg,20230609b306.txt
train,_bee_20230609b,20230609b3060.jpg,20230609b3060.txt
train,_bee_20230609b,20230609b3066.jpg,20230609b3066.txt
train,_bee_20230609b,20230609b3072.jpg,20230609b3072.txt
train,_bee_20230609b,20230609b3078.jpg,20230609b3078.txt
train,_bee_20230609b,20230609b3084.jpg,20230609b3084.txt
train,_bee_20230609b,20230609b3090.jpg,20230609b3090.txt
train,_bee_20230609b,20230609b3096.jpg,20230609b3096.txt
train,_bee_20230609b,20230609b3102.jpg,20230609b3102.txt
train,_bee_20230609b,20230609b3108.jpg,20230609b3108.txt
train,_bee_20230609b,20230609b3114.jpg,20230609b3114.txt
train,_bee_20230609b,20230609b312.jpg,20230609b312.txt
train,_bee_20230609b,20230609b3120.jpg,20230609b3120.txt
train,_bee_20230609b,20230609b3126.jpg,20230609b3126.txt
train,_bee_20230609b,20230609b3132.jpg,20230609b3132.txt
train,_bee_20230609b,20230609b3138.jpg,20230609b3138.txt
train,_bee_20230609b,20230609b3144.jpg,20230609b3144.txt
train,_bee_20230609b,20230609b3150.jpg,20230609b3150.txt
train,_bee_20230609b,20230609b3156.jpg,20230609b3156.txt
train,_bee_20230609b,20230609b3162.jpg,20230609b3162.txt
train,_bee_20230609b,20230609b3168.jpg,20230609b3168.txt
train,_bee_20230609b,20230609b3174.jpg,20230609b3174.txt
train,_bee_20230609b,20230609b318.jpg,20230609b318.txt
train,_bee_20230609b,20230609b3180.jpg,20230609b3180.txt
train,_bee_20230609b,20230609b3186.jpg,20230609b3186.txt
train,_bee_20230609b,20230609b3192.jpg,20230609b3192.txt
train,_bee_20230609b,20230609b3198.jpg,20230609b3198.txt
train,_bee_20230609b,20230609b3204.jpg,20230609b3204.txt
train,_bee_20230609b,20230609b3210.jpg,20230609b3210.txt
train,_bee_20230609b,20230609b3216.jpg,20230609b3216.txt
train,_bee_20230609b,20230609b3222.jpg,20230609b3222.txt
train,_bee_20230609b,20230609b3228.jpg,20230609b3228.txt
train,_bee_20230609b,20230609b3234.jpg,20230609b3234.txt
train,_bee_20230609b,20230609b324.jpg,20230609b324.txt
train,_bee_20230609b,20230609b3240.jpg,20230609b3240.txt
train,_bee_20230609b,20230609b3246.jpg,20230609b3246.txt
train,_bee_20230609b,20230609b3252.jpg,20230609b3252.txt
train,_bee_20230609b,20230609b3258.jpg,20230609b3258.txt
train,_bee_20230609b,20230609b3264.jpg,20230609b3264.txt
train,_bee_20230609b,20230609b3270.jpg,20230609b3270.txt
train,_bee_20230609b,20230609b3276.jpg,20230609b3276.txt
train,_bee_20230609b,20230609b3282.jpg,20230609b3282.txt
train,_bee_20230609b,20230609b3288.jpg,20230609b3288.txt
train,_bee_20230609b,20230609b3294.jpg,20230609b3294.txt
train,_bee_20230609b,20230609b330.jpg,20230609b330.txt
train,_bee_20230609b,20230609b3300.jpg,20230609b3300.txt
train,_bee_20230609b,20230609b3306.jpg,20230609b3306.txt
train,_bee_20230609b,20230609b3312.jpg,20230609b3312.txt
train,_bee_20230609b,20230609b3318.jpg,20230609b3318.txt
train,_bee_20230609b,20230609b3324.jpg,20230609b3324.txt
train,_bee_20230609b,20230609b3330.jpg,20230609b3330.txt
train,_bee_20230609b,20230609b3336.jpg,20230609b3336.txt
train,_bee_20230609b,20230609b3342.jpg,20230609b3342.txt
train,_bee_20230609b,20230609b3348.jpg,20230609b3348.txt
train,_bee_20230609b,20230609b3354.jpg,20230609b3354.txt
train,_bee_20230609b,20230609b336.jpg,20230609b336.txt
train,_bee_20230609b,20230609b3360.jpg,20230609b3360.txt
train,_bee_20230609b,20230609b3366.jpg,20230609b3366.txt
train,_bee_20230609b,20230609b3372.jpg,20230609b3372.txt
train,_bee_20230609b,20230609b3378.jpg,20230609b3378.txt
train,_bee_20230609b,20230609b3384.jpg,20230609b3384.txt
train,_bee_20230609b,20230609b3390.jpg,20230609b3390.txt
train,_bee_20230609b,20230609b3396.jpg,20230609b3396.txt
train,_bee_20230609b,20230609b3402.jpg,20230609b3402.txt
train,_bee_20230609b,20230609b3408.jpg,20230609b3408.txt
train,_bee_20230609b,20230609b3414.jpg,20230609b3414.txt
train,_bee_20230609b,20230609b342.jpg,20230609b342.txt
train,_bee_20230609b,20230609b3420.jpg,20230609b3420.txt
train,_bee_20230609b,20230609b3426.jpg,20230609b3426.txt
train,_bee_20230609b,20230609b3432.jpg,20230609b3432.txt
train,_bee_20230609b,20230609b3438.jpg,20230609b3438.txt
train,_bee_20230609b,20230609b3444.jpg,20230609b3444.txt
train,_bee_20230609b,20230609b3450.jpg,20230609b3450.txt
train,_bee_20230609b,20230609b3456.jpg,20230609b3456.txt
train,_bee_20230609b,20230609b3462.jpg,20230609b3462.txt
train,_bee_20230609b,20230609b3468.jpg,20230609b3468.txt
train,_bee_20230609b,20230609b3474.jpg,20230609b3474.txt
train,_bee_20230609b,20230609b348.jpg,20230609b348.txt
train,_bee_20230609b,20230609b3480.jpg,20230609b3480.txt
train,_bee_20230609b,20230609b3486.jpg,20230609b3486.txt
train,_bee_20230609b,20230609b3492.jpg,20230609b3492.txt
train,_bee_20230609b,20230609b3498.jpg,20230609b3498.txt
train,_bee_20230609b,20230609b3504.jpg,20230609b3504.txt
train,_bee_20230609b,20230609b3510.jpg,20230609b3510.txt
train,_bee_20230609b,20230609b3516.jpg,20230609b3516.txt
train,_bee_20230609b,20230609b3522.jpg,20230609b3522.txt
train,_bee_20230609b,20230609b3528.jpg,20230609b3528.txt
train,_bee_20230609b,20230609b3534.jpg,20230609b3534.txt
train,_bee_20230609b,20230609b354.jpg,20230609b354.txt
train,_bee_20230609b,20230609b3540.jpg,20230609b3540.txt
train,_bee_20230609b,20230609b3546.jpg,20230609b3546.txt
train,_bee_20230609b,20230609b3552.jpg,20230609b3552.txt
train,_bee_20230609b,20230609b3558.jpg,20230609b3558.txt
train,_bee_20230609b,20230609b3564.jpg,20230609b3564.txt
train,_bee_20230609b,20230609b3570.jpg,20230609b3570.txt
train,_bee_20230609b,20230609b3576.jpg,20230609b3576.txt
train,_bee_20230609b,20230609b3582.jpg,20230609b3582.txt
train,_bee_20230609b,20230609b3588.jpg,20230609b3588.txt
train,_bee_20230609b,20230609b3594.jpg,20230609b3594.txt
train,_bee_20230609b,20230609b360.jpg,20230609b360.txt
train,_bee_20230609b,20230609b3600.jpg,20230609b3600.txt
train,_bee_20230609b,20230609b3606.jpg,20230609b3606.txt
train,_bee_20230609b,20230609b3612.jpg,20230609b3612.txt
train,_bee_20230609b,20230609b3618.jpg,20230609b3618.txt
train,_bee_20230609b,20230609b3624.jpg,20230609b3624.txt
train,_bee_20230609b,20230609b3630.jpg,20230609b3630.txt
train,_bee_20230609b,20230609b3636.jpg,20230609b3636.txt
train,_bee_20230609b,20230609b3642.jpg,20230609b3642.txt
train,_bee_20230609b,20230609b3648.jpg,20230609b3648.txt
train,_bee_20230609b,20230609b3654.jpg,20230609b3654.txt
train,_bee_20230609b,20230609b366.jpg,20230609b366.txt
train,_bee_20230609b,20230609b3660.jpg,20230609b3660.txt
train,_bee_20230609b,20230609b3666.jpg,20230609b3666.txt
train,_bee_20230609b,20230609b3672.jpg,20230609b3672.txt
train,_bee_20230609b,20230609b3678.jpg,20230609b3678.txt
train,_bee_20230609b,20230609b3684.jpg,20230609b3684.txt
train,_bee_20230609b,20230609b3690.jpg,20230609b3690.txt
train,_bee_20230609b,20230609b3696.jpg,20230609b3696.txt
train,_bee_20230609b,20230609b3702.jpg,20230609b3702.txt
train,_bee_20230609b,20230609b3708.jpg,20230609b3708.txt
train,_bee_20230609b,20230609b3714.jpg,20230609b3714.txt
train,_bee_20230609b,20230609b372.jpg,20230609b372.txt
train,_bee_20230609b,20230609b3720.jpg,20230609b3720.txt
train,_bee_20230609b,20230609b3726.jpg,20230609b3726.txt
train,_bee_20230609b,20230609b3732.jpg,20230609b3732.txt
train,_bee_20230609b,20230609b3738.jpg,20230609b3738.txt
train,_bee_20230609b,20230609b3744.jpg,20230609b3744.txt
train,_bee_20230609b,20230609b3750.jpg,20230609b3750.txt
train,_bee_20230609b,20230609b3756.jpg,20230609b3756.txt
train,_bee_20230609b,20230609b3762.jpg,20230609b3762.txt
train,_bee_20230609b,20230609b3768.jpg,20230609b3768.txt
train,_bee_20230609b,20230609b3774.jpg,20230609b3774.txt
train,_bee_20230609b,20230609b378.jpg,20230609b378.txt
train,_bee_20230609b,20230609b3780.jpg,20230609b3780.txt
train,_bee_20230609b,20230609b3786.jpg,20230609b3786.txt
train,_bee_20230609b,20230609b3792.jpg,20230609b3792.txt
train,_bee_20230609b,20230609b3798.jpg,20230609b3798.txt
train,_bee_20230609b,20230609b3804.jpg,20230609b3804.txt
train,_bee_20230609b,20230609b3810.jpg,20230609b3810.txt
train,_bee_20230609b,20230609b3816.jpg,20230609b3816.txt
train,_bee_20230609b,20230609b3822.jpg,20230609b3822.txt
train,_bee_20230609b,20230609b3828.jpg,20230609b3828.txt
train,_bee_20230609b,20230609b3834.jpg,20230609b3834.txt
train,_bee_20230609b,20230609b384.jpg,20230609b384.txt
train,_bee_20230609b,20230609b3840.jpg,20230609b3840.txt
train,_bee_20230609b,20230609b3846.jpg,20230609b3846.txt
train,_bee_20230609b,20230609b3852.jpg,20230609b3852.txt
train,_bee_20230609b,20230609b3858.jpg,20230609b3858.txt
train,_bee_20230609b,20230609b3864.jpg,20230609b3864.txt
train,_bee_20230609b,20230609b3870.jpg,20230609b3870.txt
train,_bee_20230609b,20230609b3876.jpg,20230609b3876.txt
train,_bee_20230609b,20230609b3882.jpg,20230609b3882.txt
train,_bee_20230609b,20230609b3888.jpg,20230609b3888.txt
train,_bee_20230609b,20230609b3894.jpg,20230609b3894.txt
train,_bee_20230609b,20230609b390.jpg,20230609b390.txt
train,_bee_20230609b,20230609b3900.jpg,20230609b3900.txt
train,_bee_20230609b,20230609b3906.jpg,20230609b3906.txt
train,_bee_20230609b,20230609b3912.jpg,20230609b3912.txt
train,_bee_20230609b,20230609b3918.jpg,20230609b3918.txt
train,_bee_20230609b,20230609b3924.jpg,20230609b3924.txt
train,_bee_20230609b,20230609b3930.jpg,20230609b3930.txt
train,_bee_20230609b,20230609b3936.jpg,20230609b3936.txt
train,_bee_20230609b,20230609b3942.jpg,20230609b3942.txt
train,_bee_20230609b,20230609b3948.jpg,20230609b3948.txt
train,_bee_20230609b,20230609b3954.jpg,20230609b3954.txt
train,_bee_20230609b,20230609b396.jpg,20230609b396.txt
train,_bee_20230609b,20230609b3960.jpg,20230609b3960.txt
train,_bee_20230609b,20230609b3966.jpg,20230609b3966.txt
train,_bee_20230609b,20230609b3972.jpg,20230609b3972.txt
train,_bee_20230609b,20230609b3978.jpg,20230609b3978.txt
train,_bee_20230609b,20230609b3984.jpg,20230609b3984.txt
train,_bee_20230609b,20230609b3990.jpg,20230609b3990.txt
train,_bee_20230609b,20230609b3996.jpg,20230609b3996.txt
train,_bee_20230609b,20230609b4002.jpg,20230609b4002.txt
train,_bee_20230609b,20230609b4008.jpg,20230609b4008.txt
train,_bee_20230609b,20230609b4014.jpg,20230609b4014.txt
train,_bee_20230609b,20230609b402.jpg,20230609b402.txt
train,_bee_20230609b,20230609b4020.jpg,20230609b4020.txt
train,_bee_20230609b,20230609b4026.jpg,20230609b4026.txt
train,_bee_20230609b,20230609b4032.jpg,20230609b4032.txt
train,_bee_20230609b,20230609b4038.jpg,20230609b4038.txt
train,_bee_20230609b,20230609b4044.jpg,20230609b4044.txt
train,_bee_20230609b,20230609b4050.jpg,20230609b4050.txt
train,_bee_20230609b,20230609b4056.jpg,20230609b4056.txt
train,_bee_20230609b,20230609b4062.jpg,20230609b4062.txt
train,_bee_20230609b,20230609b4068.jpg,20230609b4068.txt
train,_bee_20230609b,20230609b4074.jpg,20230609b4074.txt
train,_bee_20230609b,20230609b408.jpg,20230609b408.txt
train,_bee_20230609b,20230609b4080.jpg,20230609b4080.txt
train,_bee_20230609b,20230609b4086.jpg,20230609b4086.txt
train,_bee_20230609b,20230609b4092.jpg,20230609b4092.txt
train,_bee_20230609b,20230609b4098.jpg,20230609b4098.txt
train,_bee_20230609b,20230609b4104.jpg,20230609b4104.txt
train,_bee_20230609b,20230609b4110.jpg,20230609b4110.txt
train,_bee_20230609b,20230609b4116.jpg,20230609b4116.txt
train,_bee_20230609b,20230609b4122.jpg,20230609b4122.txt
train,_bee_20230609b,20230609b4128.jpg,20230609b4128.txt
train,_bee_20230609b,20230609b4134.jpg,20230609b4134.txt
train,_bee_20230609b,20230609b414.jpg,20230609b414.txt
train,_bee_20230609b,20230609b4140.jpg,20230609b4140.txt
train,_bee_20230609b,20230609b4146.jpg,20230609b4146.txt
train,_bee_20230609b,20230609b4152.jpg,20230609b4152.txt
train,_bee_20230609b,20230609b4158.jpg,20230609b4158.txt
train,_bee_20230609b,20230609b4164.jpg,20230609b4164.txt
train,_bee_20230609b,20230609b4170.jpg,20230609b4170.txt
train,_bee_20230609b,20230609b4176.jpg,20230609b4176.txt
train,_bee_20230609b,20230609b4182.jpg,20230609b4182.txt
train,_bee_20230609b,20230609b4188.jpg,20230609b4188.txt
train,_bee_20230609b,20230609b4194.jpg,20230609b4194.txt
train,_bee_20230609b,20230609b420.jpg,20230609b420.txt
train,_bee_20230609b,20230609b4200.jpg,20230609b4200.txt
train,_bee_20230609b,20230609b4206.jpg,20230609b4206.txt
train,_bee_20230609b,20230609b4212.jpg,20230609b4212.txt
train,_bee_20230609b,20230609b4218.jpg,20230609b4218.txt
train,_bee_20230609b,20230609b4224.jpg,20230609b4224.txt
train,_bee_20230609b,20230609b4230.jpg,20230609b4230.txt
train,_bee_20230609b,20230609b4236.jpg,20230609b4236.txt
train,_bee_20230609b,20230609b4242.jpg,20230609b4242.txt
train,_bee_20230609b,20230609b4248.jpg,20230609b4248.txt
train,_bee_20230609b,20230609b4254.jpg,20230609b4254.txt
train,_bee_20230609b,20230609b426.jpg,20230609b426.txt
train,_bee_20230609b,20230609b4260.jpg,20230609b4260.txt
train,_bee_20230609b,20230609b4266.jpg,20230609b4266.txt
train,_bee_20230609b,20230609b4272.jpg,20230609b4272.txt
train,_bee_20230609b,20230609b4278.jpg,20230609b4278.txt
train,_bee_20230609b,20230609b4284.jpg,20230609b4284.txt
train,_bee_20230609b,20230609b4290.jpg,20230609b4290.txt
train,_bee_20230609b,20230609b4296.jpg,20230609b4296.txt
train,_bee_20230609b,20230609b4302.jpg,20230609b4302.txt
train,_bee_20230609b,20230609b4308.jpg,20230609b4308.txt
train,_bee_20230609b,20230609b4314.jpg,20230609b4314.txt
train,_bee_20230609b,20230609b432.jpg,20230609b432.txt
train,_bee_20230609b,20230609b4320.jpg,20230609b4320.txt
train,_bee_20230609b,20230609b4326.jpg,20230609b4326.txt
train,_bee_20230609b,20230609b4332.jpg,20230609b4332.txt
train,_bee_20230609b,20230609b4338.jpg,20230609b4338.txt
train,_bee_20230609b,20230609b4344.jpg,20230609b4344.txt
train,_bee_20230609b,20230609b4350.jpg,20230609b4350.txt
train,_bee_20230609b,20230609b4356.jpg,20230609b4356.txt
train,_bee_20230609b,20230609b4362.jpg,20230609b4362.txt
train,_bee_20230609b,20230609b4368.jpg,20230609b4368.txt
train,_bee_20230609b,20230609b4374.jpg,20230609b4374.txt
train,_bee_20230609b,20230609b438.jpg,20230609b438.txt
train,_bee_20230609b,20230609b4380.jpg,20230609b4380.txt
train,_bee_20230609b,20230609b4386.jpg,20230609b4386.txt
train,_bee_20230609b,20230609b4392.jpg,20230609b4392.txt
train,_bee_20230609b,20230609b4398.jpg,20230609b4398.txt
train,_bee_20230609b,20230609b4404.jpg,20230609b4404.txt
train,_bee_20230609b,20230609b4410.jpg,20230609b4410.txt
train,_bee_20230609b,20230609b4416.jpg,20230609b4416.txt
train,_bee_20230609b,20230609b4422.jpg,20230609b4422.txt
train,_bee_20230609b,20230609b4428.jpg,20230609b4428.txt
train,_bee_20230609b,20230609b4434.jpg,20230609b4434.txt
train,_bee_20230609b,20230609b444.jpg,20230609b444.txt
train,_bee_20230609b,20230609b4440.jpg,20230609b4440.txt
train,_bee_20230609b,20230609b4446.jpg,20230609b4446.txt
train,_bee_20230609b,20230609b4452.jpg,20230609b4452.txt
train,_bee_20230609b,20230609b4458.jpg,20230609b4458.txt
train,_bee_20230609b,20230609b4464.jpg,20230609b4464.txt
train,_bee_20230609b,20230609b4470.jpg,20230609b4470.txt
train,_bee_20230609b,20230609b4476.jpg,20230609b4476.txt
train,_bee_20230609b,20230609b4482.jpg,20230609b4482.txt
train,_bee_20230609b,20230609b4488.jpg,20230609b4488.txt
train,_bee_20230609b,20230609b4494.jpg,20230609b4494.txt
train,_bee_20230609b,20230609b450.jpg,20230609b450.txt
train,_bee_20230609b,20230609b4500.jpg,20230609b4500.txt
train,_bee_20230609b,20230609b4506.jpg,20230609b4506.txt
train,_bee_20230609b,20230609b4512.jpg,20230609b4512.txt
train,_bee_20230609b,20230609b4518.jpg,20230609b4518.txt
train,_bee_20230609b,20230609b4524.jpg,20230609b4524.txt
train,_bee_20230609b,20230609b4530.jpg,20230609b4530.txt
train,_bee_20230609b,20230609b4536.jpg,20230609b4536.txt
train,_bee_20230609b,20230609b4542.jpg,20230609b4542.txt
train,_bee_20230609b,20230609b4548.jpg,20230609b4548.txt
train,_bee_20230609b,20230609b4554.jpg,20230609b4554.txt
train,_bee_20230609b,20230609b456.jpg,20230609b456.txt
train,_bee_20230609b,20230609b4560.jpg,20230609b4560.txt
train,_bee_20230609b,20230609b4566.jpg,20230609b4566.txt
train,_bee_20230609b,20230609b4572.jpg,20230609b4572.txt
train,_bee_20230609b,20230609b4578.jpg,20230609b4578.txt
train,_bee_20230609b,20230609b4584.jpg,20230609b4584.txt
train,_bee_20230609b,20230609b4590.jpg,20230609b4590.txt
train,_bee_20230609b,20230609b4596.jpg,20230609b4596.txt
train,_bee_20230609b,20230609b4602.jpg,20230609b4602.txt
train,_bee_20230609b,20230609b4608.jpg,20230609b4608.txt
train,_bee_20230609b,20230609b4614.jpg,20230609b4614.txt
train,_bee_20230609b,20230609b462.jpg,20230609b462.txt
train,_bee_20230609b,20230609b4620.jpg,20230609b4620.txt
train,_bee_20230609b,20230609b4626.jpg,20230609b4626.txt
train,_bee_20230609b,20230609b4632.jpg,20230609b4632.txt
train,_bee_20230609b,20230609b4638.jpg,20230609b4638.txt
train,_bee_20230609b,20230609b4644.jpg,20230609b4644.txt
train,_bee_20230609b,20230609b4650.jpg,20230609b4650.txt
train,_bee_20230609b,20230609b4656.jpg,20230609b4656.txt
train,_bee_20230609b,20230609b4662.jpg,20230609b4662.txt
train,_bee_20230609b,20230609b4668.jpg,20230609b4668.txt
train,_bee_20230609b,20230609b4674.jpg,20230609b4674.txt
train,_bee_20230609b,20230609b468.jpg,20230609b468.txt
train,_bee_20230609b,20230609b4680.jpg,20230609b4680.txt
train,_bee_20230609b,20230609b4686.jpg,20230609b4686.txt
train,_bee_20230609b,20230609b4692.jpg,20230609b4692.txt
train,_bee_20230609b,20230609b4698.jpg,20230609b4698.txt
train,_bee_20230609b,20230609b4704.jpg,20230609b4704.txt
train,_bee_20230609b,20230609b4710.jpg,20230609b4710.txt
train,_bee_20230609b,20230609b4716.jpg,20230609b4716.txt
train,_bee_20230609b,20230609b4722.jpg,20230609b4722.txt
train,_bee_20230609b,20230609b4728.jpg,20230609b4728.txt
train,_bee_20230609b,20230609b4734.jpg,20230609b4734.txt
train,_bee_20230609b,20230609b474.jpg,20230609b474.txt
train,_bee_20230609b,20230609b4740.jpg,20230609b4740.txt
train,_bee_20230609b,20230609b4746.jpg,20230609b4746.txt
train,_bee_20230609b,20230609b4752.jpg,20230609b4752.txt
train,_bee_20230609b,20230609b4758.jpg,20230609b4758.txt
train,_bee_20230609b,20230609b4764.jpg,20230609b4764.txt
train,_bee_20230609b,20230609b4770.jpg,20230609b4770.txt
train,_bee_20230609b,20230609b4776.jpg,20230609b4776.txt
train,_bee_20230609b,20230609b4782.jpg,20230609b4782.txt
train,_bee_20230609b,20230609b4788.jpg,20230609b4788.txt
train,_bee_20230609b,20230609b4794.jpg,20230609b4794.txt
train,_bee_20230609b,20230609b480.jpg,20230609b480.txt
train,_bee_20230609b,20230609b4800.jpg,20230609b4800.txt
train,_bee_20230609b,20230609b4806.jpg,20230609b4806.txt
train,_bee_20230609b,20230609b4812.jpg,20230609b4812.txt
train,_bee_20230609b,20230609b4818.jpg,20230609b4818.txt
train,_bee_20230609b,20230609b4824.jpg,20230609b4824.txt
train,_bee_20230609b,20230609b4830.jpg,20230609b4830.txt
train,_bee_20230609b,20230609b4836.jpg,20230609b4836.txt
train,_bee_20230609b,20230609b4842.jpg,20230609b4842.txt
train,_bee_20230609b,20230609b4848.jpg,20230609b4848.txt
train,_bee_20230609b,20230609b4854.jpg,20230609b4854.txt
train,_bee_20230609b,20230609b486.jpg,20230609b486.txt
train,_bee_20230609b,20230609b4860.jpg,20230609b4860.txt
train,_bee_20230609b,20230609b4866.jpg,20230609b4866.txt
train,_bee_20230609b,20230609b4872.jpg,20230609b4872.txt
train,_bee_20230609b,20230609b4878.jpg,20230609b4878.txt
train,_bee_20230609b,20230609b4884.jpg,20230609b4884.txt
train,_bee_20230609b,20230609b4890.jpg,20230609b4890.txt
train,_bee_20230609b,20230609b4896.jpg,20230609b4896.txt
train,_bee_20230609b,20230609b4902.jpg,20230609b4902.txt
train,_bee_20230609b,20230609b4908.jpg,20230609b4908.txt
train,_bee_20230609b,20230609b4914.jpg,20230609b4914.txt
train,_bee_20230609b,20230609b492.jpg,20230609b492.txt
train,_bee_20230609b,20230609b4920.jpg,20230609b4920.txt
train,_bee_20230609b,20230609b4926.jpg,20230609b4926.txt
train,_bee_20230609b,20230609b4932.jpg,20230609b4932.txt
train,_bee_20230609b,20230609b4938.jpg,20230609b4938.txt
train,_bee_20230609b,20230609b4944.jpg,20230609b4944.txt
train,_bee_20230609b,20230609b4950.jpg,20230609b4950.txt
train,_bee_20230609b,20230609b4956.jpg,20230609b4956.txt
train,_bee_20230609b,20230609b4962.jpg,20230609b4962.txt
train,_bee_20230609b,20230609b4968.jpg,20230609b4968.txt
train,_bee_20230609b,20230609b4974.jpg,20230609b4974.txt
train,_bee_20230609b,20230609b498.jpg,20230609b498.txt
train,_bee_20230609b,20230609b4980.jpg,20230609b4980.txt
train,_bee_20230609b,20230609b4986.jpg,20230609b4986.txt
train,_bee_20230609b,20230609b4992.jpg,20230609b4992.txt
train,_bee_20230609b,20230609b4998.jpg,20230609b4998.txt
train,_bee_20230609b,20230609b5004.jpg,20230609b5004.txt
train,_bee_20230609b,20230609b5010.jpg,20230609b5010.txt
train,_bee_20230609b,20230609b5016.jpg,20230609b5016.txt
train,_bee_20230609b,20230609b5022.jpg,20230609b5022.txt
train,_bee_20230609b,20230609b5028.jpg,20230609b5028.txt
train,_bee_20230609b,20230609b5034.jpg,20230609b5034.txt
train,_bee_20230609b,20230609b504.jpg,20230609b504.txt
train,_bee_20230609b,20230609b5040.jpg,20230609b5040.txt
train,_bee_20230609b,20230609b5046.jpg,20230609b5046.txt
train,_bee_20230609b,20230609b5052.jpg,20230609b5052.txt
train,_bee_20230609b,20230609b5058.jpg,20230609b5058.txt
train,_bee_20230609b,20230609b5064.jpg,20230609b5064.txt
train,_bee_20230609b,20230609b5070.jpg,20230609b5070.txt
train,_bee_20230609b,20230609b5076.jpg,20230609b5076.txt
train,_bee_20230609b,20230609b5082.jpg,20230609b5082.txt
train,_bee_20230609b,20230609b5088.jpg,20230609b5088.txt
train,_bee_20230609b,20230609b5094.jpg,20230609b5094.txt
train,_bee_20230609b,20230609b510.jpg,20230609b510.txt
train,_bee_20230609b,20230609b5100.jpg,20230609b5100.txt
train,_bee_20230609b,20230609b5106.jpg,20230609b5106.txt
train,_bee_20230609b,20230609b5112.jpg,20230609b5112.txt
train,_bee_20230609b,20230609b5118.jpg,20230609b5118.txt
train,_bee_20230609b,20230609b5124.jpg,20230609b5124.txt
train,_bee_20230609b,20230609b5130.jpg,20230609b5130.txt
train,_bee_20230609b,20230609b5136.jpg,20230609b5136.txt
train,_bee_20230609b,20230609b5142.jpg,20230609b5142.txt
train,_bee_20230609b,20230609b5148.jpg,20230609b5148.txt
train,_bee_20230609b,20230609b5154.jpg,20230609b5154.txt
train,_bee_20230609b,20230609b516.jpg,20230609b516.txt
train,_bee_20230609b,20230609b5160.jpg,20230609b5160.txt
train,_bee_20230609b,20230609b5166.jpg,20230609b5166.txt
train,_bee_20230609b,20230609b5172.jpg,20230609b5172.txt
train,_bee_20230609b,20230609b5178.jpg,20230609b5178.txt
train,_bee_20230609b,20230609b5184.jpg,20230609b5184.txt
train,_bee_20230609b,20230609b5190.jpg,20230609b5190.txt
train,_bee_20230609b,20230609b5196.jpg,20230609b5196.txt
train,_bee_20230609b,20230609b5202.jpg,20230609b5202.txt
train,_bee_20230609b,20230609b5208.jpg,20230609b5208.txt
train,_bee_20230609b,20230609b5214.jpg,20230609b5214.txt
train,_bee_20230609b,20230609b522.jpg,20230609b522.txt
train,_bee_20230609b,20230609b5220.jpg,20230609b5220.txt
train,_bee_20230609b,20230609b5226.jpg,20230609b5226.txt
train,_bee_20230609b,20230609b5232.jpg,20230609b5232.txt
train,_bee_20230609b,20230609b5238.jpg,20230609b5238.txt
train,_bee_20230609b,20230609b5244.jpg,20230609b5244.txt
train,_bee_20230609b,20230609b5250.jpg,20230609b5250.txt
train,_bee_20230609b,20230609b5256.jpg,20230609b5256.txt
train,_bee_20230609b,20230609b5262.jpg,20230609b5262.txt
train,_bee_20230609b,20230609b5268.jpg,20230609b5268.txt
train,_bee_20230609b,20230609b5274.jpg,20230609b5274.txt
train,_bee_20230609b,20230609b528.jpg,20230609b528.txt
train,_bee_20230609b,20230609b5280.jpg,20230609b5280.txt
train,_bee_20230609b,20230609b5286.jpg,20230609b5286.txt
train,_bee_20230609b,20230609b5292.jpg,20230609b5292.txt
train,_bee_20230609b,20230609b5298.jpg,20230609b5298.txt
train,_bee_20230609b,20230609b5304.jpg,20230609b5304.txt
train,_bee_20230609b,20230609b5310.jpg,20230609b5310.txt
train,_bee_20230609b,20230609b5316.jpg,20230609b5316.txt
train,_bee_20230609b,20230609b5322.jpg,20230609b5322.txt
train,_bee_20230609b,20230609b5328.jpg,20230609b5328.txt
train,_bee_20230609b,20230609b5334.jpg,20230609b5334.txt
train,_bee_20230609b,20230609b534.jpg,20230609b534.txt
train,_bee_20230609b,20230609b5340.jpg,20230609b5340.txt
train,_bee_20230609b,20230609b5346.jpg,20230609b5346.txt
train,_bee_20230609b,20230609b5352.jpg,20230609b5352.txt
train,_bee_20230609b,20230609b5358.jpg,20230609b5358.txt
train,_bee_20230609b,20230609b5364.jpg,20230609b5364.txt
train,_bee_20230609b,20230609b5370.jpg,20230609b5370.txt
train,_bee_20230609b,20230609b5376.jpg,20230609b5376.txt
train,_bee_20230609b,20230609b5382.jpg,20230609b5382.txt
train,_bee_20230609b,20230609b5388.jpg,20230609b5388.txt
train,_bee_20230609b,20230609b5394.jpg,20230609b5394.txt
train,_bee_20230609b,20230609b540.jpg,20230609b540.txt
train,_bee_20230609b,20230609b5400.jpg,20230609b5400.txt
train,_bee_20230609b,20230609b5406.jpg,20230609b5406.txt
train,_bee_20230609b,20230609b5412.jpg,20230609b5412.txt
train,_bee_20230609b,20230609b5418.jpg,20230609b5418.txt
train,_bee_20230609b,20230609b5424.jpg,20230609b5424.txt
train,_bee_20230609b,20230609b5430.jpg,20230609b5430.txt
train,_bee_20230609b,20230609b5436.jpg,20230609b5436.txt
train,_bee_20230609b,20230609b5442.jpg,20230609b5442.txt
train,_bee_20230609b,20230609b5448.jpg,20230609b5448.txt
train,_bee_20230609b,20230609b5454.jpg,20230609b5454.txt
train,_bee_20230609b,20230609b546.jpg,20230609b546.txt
train,_bee_20230609b,20230609b5460.jpg,20230609b5460.txt
train,_bee_20230609b,20230609b5466.jpg,20230609b5466.txt
train,_bee_20230609b,20230609b5472.jpg,20230609b5472.txt
train,_bee_20230609b,20230609b5478.jpg,20230609b5478.txt
train,_bee_20230609b,20230609b5484.jpg,20230609b5484.txt
train,_bee_20230609b,20230609b5490.jpg,20230609b5490.txt
train,_bee_20230609b,20230609b5496.jpg,20230609b5496.txt
train,_bee_20230609b,20230609b5502.jpg,20230609b5502.txt
train,_bee_20230609b,20230609b5508.jpg,20230609b5508.txt
train,_bee_20230609b,20230609b5514.jpg,20230609b5514.txt
train,_bee_20230609b,20230609b552.jpg,20230609b552.txt
train,_bee_20230609b,20230609b5520.jpg,20230609b5520.txt
train,_bee_20230609b,20230609b5526.jpg,20230609b5526.txt
train,_bee_20230609b,20230609b5532.jpg,20230609b5532.txt
train,_bee_20230609b,20230609b5538.jpg,20230609b5538.txt
train,_bee_20230609b,20230609b5544.jpg,20230609b5544.txt
train,_bee_20230609b,20230609b5550.jpg,20230609b5550.txt
train,_bee_20230609b,20230609b5556.jpg,20230609b5556.txt
train,_bee_20230609b,20230609b5562.jpg,20230609b5562.txt
train,_bee_20230609b,20230609b5568.jpg,20230609b5568.txt
train,_bee_20230609b,20230609b5574.jpg,20230609b5574.txt
train,_bee_20230609b,20230609b558.jpg,20230609b558.txt
train,_bee_20230609b,20230609b5580.jpg,20230609b5580.txt
train,_bee_20230609b,20230609b5586.jpg,20230609b5586.txt
train,_bee_20230609b,20230609b5592.jpg,20230609b5592.txt
train,_bee_20230609b,20230609b5598.jpg,20230609b5598.txt
train,_bee_20230609b,20230609b5604.jpg,20230609b5604.txt
train,_bee_20230609b,20230609b5610.jpg,20230609b5610.txt
train,_bee_20230609b,20230609b5616.jpg,20230609b5616.txt
train,_bee_20230609b,20230609b5622.jpg,20230609b5622.txt
train,_bee_20230609b,20230609b5628.jpg,20230609b5628.txt
train,_bee_20230609b,20230609b5634.jpg,20230609b5634.txt
train,_bee_20230609b,20230609b564.jpg,20230609b564.txt
train,_bee_20230609b,20230609b5640.jpg,20230609b5640.txt
train,_bee_20230609b,20230609b5646.jpg,20230609b5646.txt
train,_bee_20230609b,20230609b5652.jpg,20230609b5652.txt
train,_bee_20230609b,20230609b5658.jpg,20230609b5658.txt
train,_bee_20230609b,20230609b5664.jpg,20230609b5664.txt
train,_bee_20230609b,20230609b5670.jpg,20230609b5670.txt
train,_bee_20230609b,20230609b5676.jpg,20230609b5676.txt
train,_bee_20230609b,20230609b5682.jpg,20230609b5682.txt
train,_bee_20230609b,20230609b5688.jpg,20230609b5688.txt
train,_bee_20230609b,20230609b5694.jpg,20230609b5694.txt
train,_bee_20230609b,20230609b570.jpg,20230609b570.txt
train,_bee_20230609b,20230609b5700.jpg,20230609b5700.txt
train,_bee_20230609b,20230609b5706.jpg,20230609b5706.txt
train,_bee_20230609b,20230609b5712.jpg,20230609b5712.txt
train,_bee_20230609b,20230609b5718.jpg,20230609b5718.txt
train,_bee_20230609b,20230609b5724.jpg,20230609b5724.txt
train,_bee_20230609b,20230609b5730.jpg,20230609b5730.txt
train,_bee_20230609b,20230609b5736.jpg,20230609b5736.txt
train,_bee_20230609b,20230609b5742.jpg,20230609b5742.txt
train,_bee_20230609b,20230609b5748.jpg,20230609b5748.txt
train,_bee_20230609b,20230609b5754.jpg,20230609b5754.txt
train,_bee_20230609b,20230609b576.jpg,20230609b576.txt
train,_bee_20230609b,20230609b5760.jpg,20230609b5760.txt
train,_bee_20230609b,20230609b5766.jpg,20230609b5766.txt
train,_bee_20230609b,20230609b5772.jpg,20230609b5772.txt
train,_bee_20230609b,20230609b5778.jpg,20230609b5778.txt
train,_bee_20230609b,20230609b5784.jpg,20230609b5784.txt
train,_bee_20230609b,20230609b5790.jpg,20230609b5790.txt
train,_bee_20230609b,20230609b5796.jpg,20230609b5796.txt
train,_bee_20230609b,20230609b5802.jpg,20230609b5802.txt
train,_bee_20230609b,20230609b5808.jpg,20230609b5808.txt
train,_bee_20230609b,20230609b5814.jpg,20230609b5814.txt
train,_bee_20230609b,20230609b582.jpg,20230609b582.txt
train,_bee_20230609b,20230609b5820.jpg,20230609b5820.txt
train,_bee_20230609b,20230609b5826.jpg,20230609b5826.txt
train,_bee_20230609b,20230609b5832.jpg,20230609b5832.txt
train,_bee_20230609b,20230609b5838.jpg,20230609b5838.txt
train,_bee_20230609b,20230609b5844.jpg,20230609b5844.txt
train,_bee_20230609b,20230609b5850.jpg,20230609b5850.txt
train,_bee_20230609b,20230609b5856.jpg,20230609b5856.txt
train,_bee_20230609b,20230609b5862.jpg,20230609b5862.txt
train,_bee_20230609b,20230609b5868.jpg,20230609b5868.txt
train,_bee_20230609b,20230609b5874.jpg,20230609b5874.txt
train,_bee_20230609b,20230609b588.jpg,20230609b588.txt
train,_bee_20230609b,20230609b5880.jpg,20230609b5880.txt
train,_bee_20230609b,20230609b5886.jpg,20230609b5886.txt
train,_bee_20230609b,20230609b5892.jpg,20230609b5892.txt
train,_bee_20230609b,20230609b5898.jpg,20230609b5898.txt
train,_bee_20230609b,20230609b5904.jpg,20230609b5904.txt
train,_bee_20230609b,20230609b5910.jpg,20230609b5910.txt
train,_bee_20230609b,20230609b5916.jpg,20230609b5916.txt
train,_bee_20230609b,20230609b5922.jpg,20230609b5922.txt
train,_bee_20230609b,20230609b5928.jpg,20230609b5928.txt
train,_bee_20230609b,20230609b5934.jpg,20230609b5934.txt
train,_bee_20230609b,20230609b594.jpg,20230609b594.txt
train,_bee_20230609b,20230609b5940.jpg,20230609b5940.txt
train,_bee_20230609b,20230609b5946.jpg,20230609b5946.txt
train,_bee_20230609b,20230609b5952.jpg,20230609b5952.txt
train,_bee_20230609b,20230609b5958.jpg,20230609b5958.txt
train,_bee_20230609b,20230609b5964.jpg,20230609b5964.txt
train,_bee_20230609b,20230609b5970.jpg,20230609b5970.txt
train,_bee_20230609b,20230609b5976.jpg,20230609b5976.txt
train,_bee_20230609b,20230609b5982.jpg,20230609b5982.txt
train,_bee_20230609b,20230609b5988.jpg,20230609b5988.txt
train,_bee_20230609b,20230609b5994.jpg,20230609b5994.txt
train,_bee_20230609b,20230609b600.jpg,20230609b600.txt
train,_bee_20230609b,20230609b6000.jpg,20230609b6000.txt
train,_bee_20230609b,20230609b6006.jpg,20230609b6006.txt
train,_bee_20230609b,20230609b6012.jpg,20230609b6012.txt
train,_bee_20230609b,20230609b6018.jpg,20230609b6018.txt
train,_bee_20230609b,20230609b6024.jpg,20230609b6024.txt
train,_bee_20230609b,20230609b6030.jpg,20230609b6030.txt
train,_bee_20230609b,20230609b6036.jpg,20230609b6036.txt
train,_bee_20230609b,20230609b6042.jpg,20230609b6042.txt
train,_bee_20230609b,20230609b6048.jpg,20230609b6048.txt
train,_bee_20230609b,20230609b6054.jpg,20230609b6054.txt
train,_bee_20230609b,20230609b606.jpg,20230609b606.txt
train,_bee_20230609b,20230609b6060.jpg,20230609b6060.txt
train,_bee_20230609b,20230609b6066.jpg,20230609b6066.txt
train,_bee_20230609b,20230609b6072.jpg,20230609b6072.txt
train,_bee_20230609b,20230609b6078.jpg,20230609b6078.txt
train,_bee_20230609b,20230609b6084.jpg,20230609b6084.txt
train,_bee_20230609b,20230609b6090.jpg,20230609b6090.txt
train,_bee_20230609b,20230609b6096.jpg,20230609b6096.txt
train,_bee_20230609b,20230609b6102.jpg,20230609b6102.txt
train,_bee_20230609b,20230609b6108.jpg,20230609b6108.txt
train,_bee_20230609b,20230609b6114.jpg,20230609b6114.txt
train,_bee_20230609b,20230609b612.jpg,20230609b612.txt
train,_bee_20230609b,20230609b6120.jpg,20230609b6120.txt
train,_bee_20230609b,20230609b6126.jpg,20230609b6126.txt
train,_bee_20230609b,20230609b6132.jpg,20230609b6132.txt
train,_bee_20230609b,20230609b6138.jpg,20230609b6138.txt
train,_bee_20230609b,20230609b6144.jpg,20230609b6144.txt
train,_bee_20230609b,20230609b6150.jpg,20230609b6150.txt
train,_bee_20230609b,20230609b6156.jpg,20230609b6156.txt
train,_bee_20230609b,20230609b6162.jpg,20230609b6162.txt
train,_bee_20230609b,20230609b6168.jpg,20230609b6168.txt
train,_bee_20230609b,20230609b6174.jpg,20230609b6174.txt
train,_bee_20230609b,20230609b618.jpg,20230609b618.txt
train,_bee_20230609b,20230609b6180.jpg,20230609b6180.txt
train,_bee_20230609b,20230609b6186.jpg,20230609b6186.txt
train,_bee_20230609b,20230609b6192.jpg,20230609b6192.txt
train,_bee_20230609b,20230609b6198.jpg,20230609b6198.txt
train,_bee_20230609b,20230609b6204.jpg,20230609b6204.txt
train,_bee_20230609b,20230609b6210.jpg,20230609b6210.txt
train,_bee_20230609b,20230609b6216.jpg,20230609b6216.txt
train,_bee_20230609b,20230609b6222.jpg,20230609b6222.txt
train,_bee_20230609b,20230609b6228.jpg,20230609b6228.txt
train,_bee_20230609b,20230609b6234.jpg,20230609b6234.txt
train,_bee_20230609b,20230609b624.jpg,20230609b624.txt
train,_bee_20230609b,20230609b6240.jpg,20230609b6240.txt
train,_bee_20230609b,20230609b6246.jpg,20230609b6246.txt
train,_bee_20230609b,20230609b630.jpg,20230609b630.txt
train,_bee_20230609b,20230609b636.jpg,20230609b636.txt
train,_bee_20230609b,20230609b642.jpg,20230609b642.txt
train,_bee_20230609b,20230609b648.jpg,20230609b648.txt
train,_bee_20230609b,20230609b654.jpg,20230609b654.txt
train,_bee_20230609b,20230609b660.jpg,20230609b660.txt
train,_bee_20230609b,20230609b666.jpg,20230609b666.txt
train,_bee_20230609b,20230609b672.jpg,20230609b672.txt
train,_bee_20230609b,20230609b678.jpg,20230609b678.txt
train,_bee_20230609b,20230609b684.jpg,20230609b684.txt
train,_bee_20230609b,20230609b690.jpg,20230609b690.txt
train,_bee_20230609b,20230609b696.jpg,20230609b696.txt
train,_bee_20230609b,20230609b702.jpg,20230609b702.txt
train,_bee_20230609b,20230609b708.jpg,20230609b708.txt
train,_bee_20230609b,20230609b714.jpg,20230609b714.txt
train,_bee_20230609b,20230609b720.jpg,20230609b720.txt
train,_bee_20230609b,20230609b726.jpg,20230609b726.txt
train,_bee_20230609b,20230609b732.jpg,20230609b732.txt
train,_bee_20230609b,20230609b738.jpg,20230609b738.txt
train,_bee_20230609b,20230609b744.jpg,20230609b744.txt
train,_bee_20230609b,20230609b750.jpg,20230609b750.txt
train,_bee_20230609b,20230609b756.jpg,20230609b756.txt
train,_bee_20230609b,20230609b834.jpg,20230609b834.txt
train,_bee_20230609b,20230609b840.jpg,20230609b840.txt
train,_bee_20230609b,20230609b846.jpg,20230609b846.txt
train,_bee_20230609b,20230609b852.jpg,20230609b852.txt
train,_bee_20230609b,20230609b858.jpg,20230609b858.txt
train,_bee_20230609b,20230609b864.jpg,20230609b864.txt
train,_bee_20230609b,20230609b870.jpg,20230609b870.txt
train,_bee_20230609b,20230609b876.jpg,20230609b876.txt
train,_bee_20230609b,20230609b882.jpg,20230609b882.txt
train,_bee_20230609b,20230609b894.jpg,20230609b894.txt
train,_bee_20230609b,20230609b900.jpg,20230609b900.txt
train,_bee_20230609b,20230609b906.jpg,20230609b906.txt
train,_bee_20230609b,20230609b912.jpg,20230609b912.txt
train,_bee_20230609b,20230609b918.jpg,20230609b918.txt
train,_bee_20230609b,20230609b924.jpg,20230609b924.txt
train,_bee_20230609b,20230609b930.jpg,20230609b930.txt
train,_bee_20230609b,20230609b936.jpg,20230609b936.txt
train,_bee_20230609b,20230609b942.jpg,20230609b942.txt
train,_bee_20230609b,20230609b948.jpg,20230609b948.txt
train,_bee_20230609b,20230609b954.jpg,20230609b954.txt
train,_bee_20230609b,20230609b960.jpg,20230609b960.txt
train,_bee_20230609b,20230609b966.jpg,20230609b966.txt
train,_bee_20230609b,20230609b972.jpg,20230609b972.txt
train,_bee_20230609b,20230609b978.jpg,20230609b978.txt
train,_bee_20230609b,20230609b984.jpg,20230609b984.txt
train,_bee_20230609b,20230609b990.jpg,20230609b990.txt
train,_bee_20230609b,20230609b996.jpg,20230609b996.txt
train,_bee_20230609c,20230609c0.jpg,20230609c0.txt
train,_bee_20230609c,20230609c1002.jpg,20230609c1002.txt
train,_bee_20230609c,20230609c1008.jpg,20230609c1008.txt
train,_bee_20230609c,20230609c1014.jpg,20230609c1014.txt
train,_bee_20230609c,20230609c102.jpg,20230609c102.txt
train,_bee_20230609c,20230609c1020.jpg,20230609c1020.txt
train,_bee_20230609c,20230609c1026.jpg,20230609c1026.txt
train,_bee_20230609c,20230609c1032.jpg,20230609c1032.txt
train,_bee_20230609c,20230609c1038.jpg,20230609c1038.txt
train,_bee_20230609c,20230609c1044.jpg,20230609c1044.txt
train,_bee_20230609c,20230609c1050.jpg,20230609c1050.txt
train,_bee_20230609c,20230609c1056.jpg,20230609c1056.txt
train,_bee_20230609c,20230609c1062.jpg,20230609c1062.txt
train,_bee_20230609c,20230609c1068.jpg,20230609c1068.txt
train,_bee_20230609c,20230609c1074.jpg,20230609c1074.txt
train,_bee_20230609c,20230609c108.jpg,20230609c108.txt
train,_bee_20230609c,20230609c1080.jpg,20230609c1080.txt
train,_bee_20230609c,20230609c1086.jpg,20230609c1086.txt
train,_bee_20230609c,20230609c1092.jpg,20230609c1092.txt
train,_bee_20230609c,20230609c1098.jpg,20230609c1098.txt
train,_bee_20230609c,20230609c1104.jpg,20230609c1104.txt
train,_bee_20230609c,20230609c1110.jpg,20230609c1110.txt
train,_bee_20230609c,20230609c1116.jpg,20230609c1116.txt
train,_bee_20230609c,20230609c1122.jpg,20230609c1122.txt
train,_bee_20230609c,20230609c1128.jpg,20230609c1128.txt
train,_bee_20230609c,20230609c1134.jpg,20230609c1134.txt
train,_bee_20230609c,20230609c114.jpg,20230609c114.txt
train,_bee_20230609c,20230609c1140.jpg,20230609c1140.txt
train,_bee_20230609c,20230609c1146.jpg,20230609c1146.txt
train,_bee_20230609c,20230609c1152.jpg,20230609c1152.txt
train,_bee_20230609c,20230609c1158.jpg,20230609c1158.txt
train,_bee_20230609c,20230609c1164.jpg,20230609c1164.txt
train,_bee_20230609c,20230609c1170.jpg,20230609c1170.txt
train,_bee_20230609c,20230609c1176.jpg,20230609c1176.txt
train,_bee_20230609c,20230609c1182.jpg,20230609c1182.txt
train,_bee_20230609c,20230609c1188.jpg,20230609c1188.txt
train,_bee_20230609c,20230609c1194.jpg,20230609c1194.txt
train,_bee_20230609c,20230609c12.jpg,20230609c12.txt
train,_bee_20230609c,20230609c120.jpg,20230609c120.txt
train,_bee_20230609c,20230609c1200.jpg,20230609c1200.txt
train,_bee_20230609c,20230609c1206.jpg,20230609c1206.txt
train,_bee_20230609c,20230609c1212.jpg,20230609c1212.txt
train,_bee_20230609c,20230609c1218.jpg,20230609c1218.txt
train,_bee_20230609c,20230609c1224.jpg,20230609c1224.txt
train,_bee_20230609c,20230609c1230.jpg,20230609c1230.txt
train,_bee_20230609c,20230609c1236.jpg,20230609c1236.txt
train,_bee_20230609c,20230609c1242.jpg,20230609c1242.txt
train,_bee_20230609c,20230609c1248.jpg,20230609c1248.txt
train,_bee_20230609c,20230609c1254.jpg,20230609c1254.txt
train,_bee_20230609c,20230609c126.jpg,20230609c126.txt
train,_bee_20230609c,20230609c1260.jpg,20230609c1260.txt
train,_bee_20230609c,20230609c1266.jpg,20230609c1266.txt
train,_bee_20230609c,20230609c1272.jpg,20230609c1272.txt
train,_bee_20230609c,20230609c1278.jpg,20230609c1278.txt
train,_bee_20230609c,20230609c1284.jpg,20230609c1284.txt
train,_bee_20230609c,20230609c1290.jpg,20230609c1290.txt
train,_bee_20230609c,20230609c1296.jpg,20230609c1296.txt
train,_bee_20230609c,20230609c1302.jpg,20230609c1302.txt
train,_bee_20230609c,20230609c1308.jpg,20230609c1308.txt
train,_bee_20230609c,20230609c1314.jpg,20230609c1314.txt
train,_bee_20230609c,20230609c132.jpg,20230609c132.txt
train,_bee_20230609c,20230609c1320.jpg,20230609c1320.txt
train,_bee_20230609c,20230609c1326.jpg,20230609c1326.txt
train,_bee_20230609c,20230609c1332.jpg,20230609c1332.txt
train,_bee_20230609c,20230609c1338.jpg,20230609c1338.txt
train,_bee_20230609c,20230609c1344.jpg,20230609c1344.txt
train,_bee_20230609c,20230609c1350.jpg,20230609c1350.txt
train,_bee_20230609c,20230609c1356.jpg,20230609c1356.txt
train,_bee_20230609c,20230609c1362.jpg,20230609c1362.txt
train,_bee_20230609c,20230609c1368.jpg,20230609c1368.txt
train,_bee_20230609c,20230609c1374.jpg,20230609c1374.txt
train,_bee_20230609c,20230609c138.jpg,20230609c138.txt
train,_bee_20230609c,20230609c1380.jpg,20230609c1380.txt
train,_bee_20230609c,20230609c1386.jpg,20230609c1386.txt
train,_bee_20230609c,20230609c1392.jpg,20230609c1392.txt
train,_bee_20230609c,20230609c1398.jpg,20230609c1398.txt
train,_bee_20230609c,20230609c1404.jpg,20230609c1404.txt
train,_bee_20230609c,20230609c1410.jpg,20230609c1410.txt
train,_bee_20230609c,20230609c1416.jpg,20230609c1416.txt
train,_bee_20230609c,20230609c1422.jpg,20230609c1422.txt
train,_bee_20230609c,20230609c1428.jpg,20230609c1428.txt
train,_bee_20230609c,20230609c1434.jpg,20230609c1434.txt
train,_bee_20230609c,20230609c144.jpg,20230609c144.txt
train,_bee_20230609c,20230609c1440.jpg,20230609c1440.txt
train,_bee_20230609c,20230609c1446.jpg,20230609c1446.txt
train,_bee_20230609c,20230609c1452.jpg,20230609c1452.txt
train,_bee_20230609c,20230609c1458.jpg,20230609c1458.txt
train,_bee_20230609c,20230609c1464.jpg,20230609c1464.txt
train,_bee_20230609c,20230609c1470.jpg,20230609c1470.txt
train,_bee_20230609c,20230609c1476.jpg,20230609c1476.txt
train,_bee_20230609c,20230609c1482.jpg,20230609c1482.txt
train,_bee_20230609c,20230609c1488.jpg,20230609c1488.txt
train,_bee_20230609c,20230609c1494.jpg,20230609c1494.txt
train,_bee_20230609c,20230609c150.jpg,20230609c150.txt
train,_bee_20230609c,20230609c1500.jpg,20230609c1500.txt
train,_bee_20230609c,20230609c1506.jpg,20230609c1506.txt
train,_bee_20230609c,20230609c1512.jpg,20230609c1512.txt
train,_bee_20230609c,20230609c1518.jpg,20230609c1518.txt
train,_bee_20230609c,20230609c1524.jpg,20230609c1524.txt
train,_bee_20230609c,20230609c1530.jpg,20230609c1530.txt
train,_bee_20230609c,20230609c1536.jpg,20230609c1536.txt
train,_bee_20230609c,20230609c1542.jpg,20230609c1542.txt
train,_bee_20230609c,20230609c1548.jpg,20230609c1548.txt
train,_bee_20230609c,20230609c1554.jpg,20230609c1554.txt
train,_bee_20230609c,20230609c156.jpg,20230609c156.txt
train,_bee_20230609c,20230609c1560.jpg,20230609c1560.txt
train,_bee_20230609c,20230609c1566.jpg,20230609c1566.txt
train,_bee_20230609c,20230609c1572.jpg,20230609c1572.txt
train,_bee_20230609c,20230609c1578.jpg,20230609c1578.txt
train,_bee_20230609c,20230609c1584.jpg,20230609c1584.txt
train,_bee_20230609c,20230609c1590.jpg,20230609c1590.txt
train,_bee_20230609c,20230609c1596.jpg,20230609c1596.txt
train,_bee_20230609c,20230609c1602.jpg,20230609c1602.txt
train,_bee_20230609c,20230609c1608.jpg,20230609c1608.txt
train,_bee_20230609c,20230609c1614.jpg,20230609c1614.txt
train,_bee_20230609c,20230609c162.jpg,20230609c162.txt
train,_bee_20230609c,20230609c1620.jpg,20230609c1620.txt
train,_bee_20230609c,20230609c1626.jpg,20230609c1626.txt
train,_bee_20230609c,20230609c1632.jpg,20230609c1632.txt
train,_bee_20230609c,20230609c1638.jpg,20230609c1638.txt
train,_bee_20230609c,20230609c1644.jpg,20230609c1644.txt
train,_bee_20230609c,20230609c1650.jpg,20230609c1650.txt
train,_bee_20230609c,20230609c1656.jpg,20230609c1656.txt
train,_bee_20230609c,20230609c1662.jpg,20230609c1662.txt
train,_bee_20230609c,20230609c1668.jpg,20230609c1668.txt
train,_bee_20230609c,20230609c1674.jpg,20230609c1674.txt
train,_bee_20230609c,20230609c168.jpg,20230609c168.txt
train,_bee_20230609c,20230609c1680.jpg,20230609c1680.txt
train,_bee_20230609c,20230609c1686.jpg,20230609c1686.txt
train,_bee_20230609c,20230609c1692.jpg,20230609c1692.txt
train,_bee_20230609c,20230609c1698.jpg,20230609c1698.txt
train,_bee_20230609c,20230609c1704.jpg,20230609c1704.txt
train,_bee_20230609c,20230609c1710.jpg,20230609c1710.txt
train,_bee_20230609c,20230609c1716.jpg,20230609c1716.txt
train,_bee_20230609c,20230609c1722.jpg,20230609c1722.txt
train,_bee_20230609c,20230609c1728.jpg,20230609c1728.txt
train,_bee_20230609c,20230609c1734.jpg,20230609c1734.txt
train,_bee_20230609c,20230609c174.jpg,20230609c174.txt
train,_bee_20230609c,20230609c1740.jpg,20230609c1740.txt
train,_bee_20230609c,20230609c1746.jpg,20230609c1746.txt
train,_bee_20230609c,20230609c1752.jpg,20230609c1752.txt
train,_bee_20230609c,20230609c1758.jpg,20230609c1758.txt
train,_bee_20230609c,20230609c1764.jpg,20230609c1764.txt
train,_bee_20230609c,20230609c1770.jpg,20230609c1770.txt
train,_bee_20230609c,20230609c1776.jpg,20230609c1776.txt
train,_bee_20230609c,20230609c1782.jpg,20230609c1782.txt
train,_bee_20230609c,20230609c1788.jpg,20230609c1788.txt
train,_bee_20230609c,20230609c1794.jpg,20230609c1794.txt
train,_bee_20230609c,20230609c18.jpg,20230609c18.txt
train,_bee_20230609c,20230609c180.jpg,20230609c180.txt
train,_bee_20230609c,20230609c1800.jpg,20230609c1800.txt
train,_bee_20230609c,20230609c1806.jpg,20230609c1806.txt
train,_bee_20230609c,20230609c1812.jpg,20230609c1812.txt
train,_bee_20230609c,20230609c1818.jpg,20230609c1818.txt
train,_bee_20230609c,20230609c1824.jpg,20230609c1824.txt
train,_bee_20230609c,20230609c1830.jpg,20230609c1830.txt
train,_bee_20230609c,20230609c1836.jpg,20230609c1836.txt
train,_bee_20230609c,20230609c1842.jpg,20230609c1842.txt
train,_bee_20230609c,20230609c1848.jpg,20230609c1848.txt
train,_bee_20230609c,20230609c1854.jpg,20230609c1854.txt
train,_bee_20230609c,20230609c186.jpg,20230609c186.txt
train,_bee_20230609c,20230609c1860.jpg,20230609c1860.txt
train,_bee_20230609c,20230609c1866.jpg,20230609c1866.txt
train,_bee_20230609c,20230609c1872.jpg,20230609c1872.txt
train,_bee_20230609c,20230609c1878.jpg,20230609c1878.txt
train,_bee_20230609c,20230609c1884.jpg,20230609c1884.txt
train,_bee_20230609c,20230609c1890.jpg,20230609c1890.txt
train,_bee_20230609c,20230609c1896.jpg,20230609c1896.txt
train,_bee_20230609c,20230609c1902.jpg,20230609c1902.txt
train,_bee_20230609c,20230609c1908.jpg,20230609c1908.txt
train,_bee_20230609c,20230609c1914.jpg,20230609c1914.txt
train,_bee_20230609c,20230609c192.jpg,20230609c192.txt
train,_bee_20230609c,20230609c1920.jpg,20230609c1920.txt
train,_bee_20230609c,20230609c1926.jpg,20230609c1926.txt
train,_bee_20230609c,20230609c1932.jpg,20230609c1932.txt
train,_bee_20230609c,20230609c1938.jpg,20230609c1938.txt
train,_bee_20230609c,20230609c1944.jpg,20230609c1944.txt
train,_bee_20230609c,20230609c1950.jpg,20230609c1950.txt
train,_bee_20230609c,20230609c1956.jpg,20230609c1956.txt
train,_bee_20230609c,20230609c1962.jpg,20230609c1962.txt
train,_bee_20230609c,20230609c1968.jpg,20230609c1968.txt
train,_bee_20230609c,20230609c1974.jpg,20230609c1974.txt
train,_bee_20230609c,20230609c198.jpg,20230609c198.txt
train,_bee_20230609c,20230609c1980.jpg,20230609c1980.txt
train,_bee_20230609c,20230609c1986.jpg,20230609c1986.txt
train,_bee_20230609c,20230609c1992.jpg,20230609c1992.txt
train,_bee_20230609c,20230609c1998.jpg,20230609c1998.txt
train,_bee_20230609c,20230609c2004.jpg,20230609c2004.txt
train,_bee_20230609c,20230609c2010.jpg,20230609c2010.txt
train,_bee_20230609c,20230609c2016.jpg,20230609c2016.txt
train,_bee_20230609c,20230609c2022.jpg,20230609c2022.txt
train,_bee_20230609c,20230609c2028.jpg,20230609c2028.txt
train,_bee_20230609c,20230609c2034.jpg,20230609c2034.txt
train,_bee_20230609c,20230609c204.jpg,20230609c204.txt
train,_bee_20230609c,20230609c2040.jpg,20230609c2040.txt
train,_bee_20230609c,20230609c2046.jpg,20230609c2046.txt
train,_bee_20230609c,20230609c2052.jpg,20230609c2052.txt
train,_bee_20230609c,20230609c2058.jpg,20230609c2058.txt
train,_bee_20230609c,20230609c2064.jpg,20230609c2064.txt
train,_bee_20230609c,20230609c2070.jpg,20230609c2070.txt
train,_bee_20230609c,20230609c2076.jpg,20230609c2076.txt
train,_bee_20230609c,20230609c2082.jpg,20230609c2082.txt
train,_bee_20230609c,20230609c2088.jpg,20230609c2088.txt
train,_bee_20230609c,20230609c2094.jpg,20230609c2094.txt
train,_bee_20230609c,20230609c210.jpg,20230609c210.txt
train,_bee_20230609c,20230609c2100.jpg,20230609c2100.txt
train,_bee_20230609c,20230609c2106.jpg,20230609c2106.txt
train,_bee_20230609c,20230609c2112.jpg,20230609c2112.txt
train,_bee_20230609c,20230609c2118.jpg,20230609c2118.txt
train,_bee_20230609c,20230609c2124.jpg,20230609c2124.txt
train,_bee_20230609c,20230609c2130.jpg,20230609c2130.txt
train,_bee_20230609c,20230609c2136.jpg,20230609c2136.txt
train,_bee_20230609c,20230609c2142.jpg,20230609c2142.txt
train,_bee_20230609c,20230609c2148.jpg,20230609c2148.txt
train,_bee_20230609c,20230609c2154.jpg,20230609c2154.txt
train,_bee_20230609c,20230609c216.jpg,20230609c216.txt
train,_bee_20230609c,20230609c2160.jpg,20230609c2160.txt
train,_bee_20230609c,20230609c2166.jpg,20230609c2166.txt
train,_bee_20230609c,20230609c2172.jpg,20230609c2172.txt
train,_bee_20230609c,20230609c2178.jpg,20230609c2178.txt
train,_bee_20230609c,20230609c2184.jpg,20230609c2184.txt
train,_bee_20230609c,20230609c2190.jpg,20230609c2190.txt
train,_bee_20230609c,20230609c2196.jpg,20230609c2196.txt
train,_bee_20230609c,20230609c2202.jpg,20230609c2202.txt
train,_bee_20230609c,20230609c2208.jpg,20230609c2208.txt
train,_bee_20230609c,20230609c2214.jpg,20230609c2214.txt
train,_bee_20230609c,20230609c222.jpg,20230609c222.txt
train,_bee_20230609c,20230609c2220.jpg,20230609c2220.txt
train,_bee_20230609c,20230609c2226.jpg,20230609c2226.txt
train,_bee_20230609c,20230609c2232.jpg,20230609c2232.txt
train,_bee_20230609c,20230609c2238.jpg,20230609c2238.txt
train,_bee_20230609c,20230609c2244.jpg,20230609c2244.txt
train,_bee_20230609c,20230609c2250.jpg,20230609c2250.txt
train,_bee_20230609c,20230609c2256.jpg,20230609c2256.txt
train,_bee_20230609c,20230609c2262.jpg,20230609c2262.txt
train,_bee_20230609c,20230609c2268.jpg,20230609c2268.txt
train,_bee_20230609c,20230609c2274.jpg,20230609c2274.txt
train,_bee_20230609c,20230609c228.jpg,20230609c228.txt
train,_bee_20230609c,20230609c2280.jpg,20230609c2280.txt
train,_bee_20230609c,20230609c2286.jpg,20230609c2286.txt
train,_bee_20230609c,20230609c2292.jpg,20230609c2292.txt
train,_bee_20230609c,20230609c2298.jpg,20230609c2298.txt
train,_bee_20230609c,20230609c2304.jpg,20230609c2304.txt
train,_bee_20230609c,20230609c2310.jpg,20230609c2310.txt
train,_bee_20230609c,20230609c2316.jpg,20230609c2316.txt
train,_bee_20230609c,20230609c2322.jpg,20230609c2322.txt
train,_bee_20230609c,20230609c2328.jpg,20230609c2328.txt
train,_bee_20230609c,20230609c2334.jpg,20230609c2334.txt
train,_bee_20230609c,20230609c234.jpg,20230609c234.txt
train,_bee_20230609c,20230609c2340.jpg,20230609c2340.txt
train,_bee_20230609c,20230609c2346.jpg,20230609c2346.txt
train,_bee_20230609c,20230609c2352.jpg,20230609c2352.txt
train,_bee_20230609c,20230609c2358.jpg,20230609c2358.txt
train,_bee_20230609c,20230609c2364.jpg,20230609c2364.txt
train,_bee_20230609c,20230609c2370.jpg,20230609c2370.txt
train,_bee_20230609c,20230609c2376.jpg,20230609c2376.txt
train,_bee_20230609c,20230609c2382.jpg,20230609c2382.txt
train,_bee_20230609c,20230609c2388.jpg,20230609c2388.txt
train,_bee_20230609c,20230609c2394.jpg,20230609c2394.txt
train,_bee_20230609c,20230609c240.jpg,20230609c240.txt
train,_bee_20230609c,20230609c2400.jpg,20230609c2400.txt
train,_bee_20230609c,20230609c2406.jpg,20230609c2406.txt
train,_bee_20230609c,20230609c2412.jpg,20230609c2412.txt
train,_bee_20230609c,20230609c2418.jpg,20230609c2418.txt
train,_bee_20230609c,20230609c2424.jpg,20230609c2424.txt
train,_bee_20230609c,20230609c2430.jpg,20230609c2430.txt
train,_bee_20230609c,20230609c2436.jpg,20230609c2436.txt
train,_bee_20230609c,20230609c2442.jpg,20230609c2442.txt
train,_bee_20230609c,20230609c2448.jpg,20230609c2448.txt
train,_bee_20230609c,20230609c2454.jpg,20230609c2454.txt
train,_bee_20230609c,20230609c246.jpg,20230609c246.txt
train,_bee_20230609c,20230609c2460.jpg,20230609c2460.txt
train,_bee_20230609c,20230609c2466.jpg,20230609c2466.txt
train,_bee_20230609c,20230609c2472.jpg,20230609c2472.txt
train,_bee_20230609c,20230609c2478.jpg,20230609c2478.txt
train,_bee_20230609c,20230609c2484.jpg,20230609c2484.txt
train,_bee_20230609c,20230609c2490.jpg,20230609c2490.txt
train,_bee_20230609c,20230609c2496.jpg,20230609c2496.txt
train,_bee_20230609c,20230609c2502.jpg,20230609c2502.txt
train,_bee_20230609c,20230609c2508.jpg,20230609c2508.txt
train,_bee_20230609c,20230609c2514.jpg,20230609c2514.txt
train,_bee_20230609c,20230609c252.jpg,20230609c252.txt
train,_bee_20230609c,20230609c2520.jpg,20230609c2520.txt
train,_bee_20230609c,20230609c2526.jpg,20230609c2526.txt
train,_bee_20230609c,20230609c2532.jpg,20230609c2532.txt
train,_bee_20230609c,20230609c2538.jpg,20230609c2538.txt
train,_bee_20230609c,20230609c2544.jpg,20230609c2544.txt
train,_bee_20230609c,20230609c2550.jpg,20230609c2550.txt
train,_bee_20230609c,20230609c2556.jpg,20230609c2556.txt
train,_bee_20230609c,20230609c2562.jpg,20230609c2562.txt
train,_bee_20230609c,20230609c2568.jpg,20230609c2568.txt
train,_bee_20230609c,20230609c2574.jpg,20230609c2574.txt
train,_bee_20230609c,20230609c258.jpg,20230609c258.txt
train,_bee_20230609c,20230609c2580.jpg,20230609c2580.txt
train,_bee_20230609c,20230609c2586.jpg,20230609c2586.txt
train,_bee_20230609c,20230609c2592.jpg,20230609c2592.txt
train,_bee_20230609c,20230609c2598.jpg,20230609c2598.txt
train,_bee_20230609c,20230609c2604.jpg,20230609c2604.txt
train,_bee_20230609c,20230609c2610.jpg,20230609c2610.txt
train,_bee_20230609c,20230609c2616.jpg,20230609c2616.txt
train,_bee_20230609c,20230609c2622.jpg,20230609c2622.txt
train,_bee_20230609c,20230609c2628.jpg,20230609c2628.txt
train,_bee_20230609c,20230609c2634.jpg,20230609c2634.txt
train,_bee_20230609c,20230609c264.jpg,20230609c264.txt
train,_bee_20230609c,20230609c2640.jpg,20230609c2640.txt
train,_bee_20230609c,20230609c2646.jpg,20230609c2646.txt
train,_bee_20230609c,20230609c2652.jpg,20230609c2652.txt
train,_bee_20230609c,20230609c2658.jpg,20230609c2658.txt
train,_bee_20230609c,20230609c2664.jpg,20230609c2664.txt
train,_bee_20230609c,20230609c2670.jpg,20230609c2670.txt
train,_bee_20230609c,20230609c2676.jpg,20230609c2676.txt
train,_bee_20230609c,20230609c2682.jpg,20230609c2682.txt
train,_bee_20230609c,20230609c2688.jpg,20230609c2688.txt
train,_bee_20230609c,20230609c2694.jpg,20230609c2694.txt
train,_bee_20230609c,20230609c270.jpg,20230609c270.txt
train,_bee_20230609c,20230609c2700.jpg,20230609c2700.txt
train,_bee_20230609c,20230609c2706.jpg,20230609c2706.txt
train,_bee_20230609c,20230609c2712.jpg,20230609c2712.txt
train,_bee_20230609c,20230609c2718.jpg,20230609c2718.txt
train,_bee_20230609c,20230609c2724.jpg,20230609c2724.txt
train,_bee_20230609c,20230609c2730.jpg,20230609c2730.txt
train,_bee_20230609c,20230609c2736.jpg,20230609c2736.txt
train,_bee_20230609c,20230609c2742.jpg,20230609c2742.txt
train,_bee_20230609c,20230609c2748.jpg,20230609c2748.txt
train,_bee_20230609c,20230609c2754.jpg,20230609c2754.txt
train,_bee_20230609c,20230609c276.jpg,20230609c276.txt
train,_bee_20230609c,20230609c2760.jpg,20230609c2760.txt
train,_bee_20230609c,20230609c2766.jpg,20230609c2766.txt
train,_bee_20230609c,20230609c2772.jpg,20230609c2772.txt
train,_bee_20230609c,20230609c2778.jpg,20230609c2778.txt
train,_bee_20230609c,20230609c2784.jpg,20230609c2784.txt
train,_bee_20230609c,20230609c2790.jpg,20230609c2790.txt
train,_bee_20230609c,20230609c2796.jpg,20230609c2796.txt
train,_bee_20230609c,20230609c2802.jpg,20230609c2802.txt
train,_bee_20230609c,20230609c2808.jpg,20230609c2808.txt
train,_bee_20230609c,20230609c2814.jpg,20230609c2814.txt
train,_bee_20230609c,20230609c282.jpg,20230609c282.txt
train,_bee_20230609c,20230609c2820.jpg,20230609c2820.txt
train,_bee_20230609c,20230609c2826.jpg,20230609c2826.txt
train,_bee_20230609c,20230609c2832.jpg,20230609c2832.txt
train,_bee_20230609c,20230609c2838.jpg,20230609c2838.txt
train,_bee_20230609c,20230609c2844.jpg,20230609c2844.txt
train,_bee_20230609c,20230609c2850.jpg,20230609c2850.txt
train,_bee_20230609c,20230609c2856.jpg,20230609c2856.txt
train,_bee_20230609c,20230609c2862.jpg,20230609c2862.txt
train,_bee_20230609c,20230609c2868.jpg,20230609c2868.txt
train,_bee_20230609c,20230609c2874.jpg,20230609c2874.txt
train,_bee_20230609c,20230609c288.jpg,20230609c288.txt
train,_bee_20230609c,20230609c2880.jpg,20230609c2880.txt
train,_bee_20230609c,20230609c2886.jpg,20230609c2886.txt
train,_bee_20230609c,20230609c2892.jpg,20230609c2892.txt
train,_bee_20230609c,20230609c2898.jpg,20230609c2898.txt
train,_bee_20230609c,20230609c2904.jpg,20230609c2904.txt
train,_bee_20230609c,20230609c2910.jpg,20230609c2910.txt
train,_bee_20230609c,20230609c2916.jpg,20230609c2916.txt
train,_bee_20230609c,20230609c2922.jpg,20230609c2922.txt
train,_bee_20230609c,20230609c2928.jpg,20230609c2928.txt
train,_bee_20230609c,20230609c2934.jpg,20230609c2934.txt
train,_bee_20230609c,20230609c294.jpg,20230609c294.txt
train,_bee_20230609c,20230609c2940.jpg,20230609c2940.txt
train,_bee_20230609c,20230609c2946.jpg,20230609c2946.txt
train,_bee_20230609c,20230609c2952.jpg,20230609c2952.txt
train,_bee_20230609c,20230609c2958.jpg,20230609c2958.txt
train,_bee_20230609c,20230609c2964.jpg,20230609c2964.txt
train,_bee_20230609c,20230609c2970.jpg,20230609c2970.txt
train,_bee_20230609c,20230609c2976.jpg,20230609c2976.txt
train,_bee_20230609c,20230609c2982.jpg,20230609c2982.txt
train,_bee_20230609c,20230609c2988.jpg,20230609c2988.txt
train,_bee_20230609c,20230609c2994.jpg,20230609c2994.txt
train,_bee_20230609c,20230609c300.jpg,20230609c300.txt
train,_bee_20230609c,20230609c3000.jpg,20230609c3000.txt
train,_bee_20230609c,20230609c3006.jpg,20230609c3006.txt
train,_bee_20230609c,20230609c3012.jpg,20230609c3012.txt
train,_bee_20230609c,20230609c3018.jpg,20230609c3018.txt
train,_bee_20230609c,20230609c3024.jpg,20230609c3024.txt
train,_bee_20230609c,20230609c3030.jpg,20230609c3030.txt
train,_bee_20230609c,20230609c3036.jpg,20230609c3036.txt
train,_bee_20230609c,20230609c3042.jpg,20230609c3042.txt
train,_bee_20230609c,20230609c3048.jpg,20230609c3048.txt
train,_bee_20230609c,20230609c3054.jpg,20230609c3054.txt
train,_bee_20230609c,20230609c306.jpg,20230609c306.txt
train,_bee_20230609c,20230609c3060.jpg,20230609c3060.txt
train,_bee_20230609c,20230609c3066.jpg,20230609c3066.txt
train,_bee_20230609c,20230609c3072.jpg,20230609c3072.txt
train,_bee_20230609c,20230609c3078.jpg,20230609c3078.txt
train,_bee_20230609c,20230609c3084.jpg,20230609c3084.txt
train,_bee_20230609c,20230609c3090.jpg,20230609c3090.txt
train,_bee_20230609c,20230609c3096.jpg,20230609c3096.txt
train,_bee_20230609c,20230609c3102.jpg,20230609c3102.txt
train,_bee_20230609c,20230609c3108.jpg,20230609c3108.txt
train,_bee_20230609c,20230609c3114.jpg,20230609c3114.txt
train,_bee_20230609c,20230609c312.jpg,20230609c312.txt
train,_bee_20230609c,20230609c3120.jpg,20230609c3120.txt
train,_bee_20230609c,20230609c3126.jpg,20230609c3126.txt
train,_bee_20230609c,20230609c3132.jpg,20230609c3132.txt
train,_bee_20230609c,20230609c3138.jpg,20230609c3138.txt
train,_bee_20230609c,20230609c3144.jpg,20230609c3144.txt
train,_bee_20230609c,20230609c3150.jpg,20230609c3150.txt
train,_bee_20230609c,20230609c3156.jpg,20230609c3156.txt
train,_bee_20230609c,20230609c3162.jpg,20230609c3162.txt
train,_bee_20230609c,20230609c3168.jpg,20230609c3168.txt
train,_bee_20230609c,20230609c3174.jpg,20230609c3174.txt
train,_bee_20230609c,20230609c318.jpg,20230609c318.txt
train,_bee_20230609c,20230609c3180.jpg,20230609c3180.txt
train,_bee_20230609c,20230609c3186.jpg,20230609c3186.txt
train,_bee_20230609c,20230609c3192.jpg,20230609c3192.txt
train,_bee_20230609c,20230609c3198.jpg,20230609c3198.txt
train,_bee_20230609c,20230609c3204.jpg,20230609c3204.txt
train,_bee_20230609c,20230609c3210.jpg,20230609c3210.txt
train,_bee_20230609c,20230609c3216.jpg,20230609c3216.txt
train,_bee_20230609c,20230609c3222.jpg,20230609c3222.txt
train,_bee_20230609c,20230609c3228.jpg,20230609c3228.txt
train,_bee_20230609c,20230609c3234.jpg,20230609c3234.txt
train,_bee_20230609c,20230609c324.jpg,20230609c324.txt
train,_bee_20230609c,20230609c3240.jpg,20230609c3240.txt
train,_bee_20230609c,20230609c3246.jpg,20230609c3246.txt
train,_bee_20230609c,20230609c3252.jpg,20230609c3252.txt
train,_bee_20230609c,20230609c3258.jpg,20230609c3258.txt
train,_bee_20230609c,20230609c3264.jpg,20230609c3264.txt
train,_bee_20230609c,20230609c3270.jpg,20230609c3270.txt
train,_bee_20230609c,20230609c3276.jpg,20230609c3276.txt
train,_bee_20230609c,20230609c3282.jpg,20230609c3282.txt
train,_bee_20230609c,20230609c3288.jpg,20230609c3288.txt
train,_bee_20230609c,20230609c3294.jpg,20230609c3294.txt
train,_bee_20230609c,20230609c330.jpg,20230609c330.txt
train,_bee_20230609c,20230609c3300.jpg,20230609c3300.txt
train,_bee_20230609c,20230609c3306.jpg,20230609c3306.txt
train,_bee_20230609c,20230609c3312.jpg,20230609c3312.txt
train,_bee_20230609c,20230609c3318.jpg,20230609c3318.txt
train,_bee_20230609c,20230609c3324.jpg,20230609c3324.txt
train,_bee_20230609c,20230609c3330.jpg,20230609c3330.txt
train,_bee_20230609c,20230609c3336.jpg,20230609c3336.txt
train,_bee_20230609c,20230609c3342.jpg,20230609c3342.txt
train,_bee_20230609c,20230609c3348.jpg,20230609c3348.txt
train,_bee_20230609c,20230609c3354.jpg,20230609c3354.txt
train,_bee_20230609c,20230609c336.jpg,20230609c336.txt
train,_bee_20230609c,20230609c3360.jpg,20230609c3360.txt
train,_bee_20230609c,20230609c3366.jpg,20230609c3366.txt
train,_bee_20230609c,20230609c3372.jpg,20230609c3372.txt
train,_bee_20230609c,20230609c3378.jpg,20230609c3378.txt
train,_bee_20230609c,20230609c3384.jpg,20230609c3384.txt
train,_bee_20230609c,20230609c3390.jpg,20230609c3390.txt
train,_bee_20230609c,20230609c3396.jpg,20230609c3396.txt
train,_bee_20230609c,20230609c3402.jpg,20230609c3402.txt
train,_bee_20230609c,20230609c3408.jpg,20230609c3408.txt
train,_bee_20230609c,20230609c3414.jpg,20230609c3414.txt
train,_bee_20230609c,20230609c342.jpg,20230609c342.txt
train,_bee_20230609c,20230609c3420.jpg,20230609c3420.txt
train,_bee_20230609c,20230609c3426.jpg,20230609c3426.txt
train,_bee_20230609c,20230609c3432.jpg,20230609c3432.txt
train,_bee_20230609c,20230609c3438.jpg,20230609c3438.txt
train,_bee_20230609c,20230609c3444.jpg,20230609c3444.txt
train,_bee_20230609c,20230609c3450.jpg,20230609c3450.txt
train,_bee_20230609c,20230609c3456.jpg,20230609c3456.txt
train,_bee_20230609c,20230609c3462.jpg,20230609c3462.txt
train,_bee_20230609c,20230609c3468.jpg,20230609c3468.txt
train,_bee_20230609c,20230609c3474.jpg,20230609c3474.txt
train,_bee_20230609c,20230609c348.jpg,20230609c348.txt
train,_bee_20230609c,20230609c3480.jpg,20230609c3480.txt
train,_bee_20230609c,20230609c3486.jpg,20230609c3486.txt
train,_bee_20230609c,20230609c3492.jpg,20230609c3492.txt
train,_bee_20230609c,20230609c3498.jpg,20230609c3498.txt
train,_bee_20230609c,20230609c3504.jpg,20230609c3504.txt
train,_bee_20230609c,20230609c3510.jpg,20230609c3510.txt
train,_bee_20230609c,20230609c3516.jpg,20230609c3516.txt
train,_bee_20230609c,20230609c3522.jpg,20230609c3522.txt
train,_bee_20230609c,20230609c3528.jpg,20230609c3528.txt
train,_bee_20230609c,20230609c3534.jpg,20230609c3534.txt
train,_bee_20230609c,20230609c354.jpg,20230609c354.txt
train,_bee_20230609c,20230609c3540.jpg,20230609c3540.txt
train,_bee_20230609c,20230609c3546.jpg,20230609c3546.txt
train,_bee_20230609c,20230609c3552.jpg,20230609c3552.txt
train,_bee_20230609c,20230609c3558.jpg,20230609c3558.txt
train,_bee_20230609c,20230609c3564.jpg,20230609c3564.txt
train,_bee_20230609c,20230609c3570.jpg,20230609c3570.txt
train,_bee_20230609c,20230609c3576.jpg,20230609c3576.txt
train,_bee_20230609c,20230609c3582.jpg,20230609c3582.txt
train,_bee_20230609c,20230609c3588.jpg,20230609c3588.txt
train,_bee_20230609c,20230609c3594.jpg,20230609c3594.txt
train,_bee_20230609c,20230609c360.jpg,20230609c360.txt
train,_bee_20230609c,20230609c3600.jpg,20230609c3600.txt
train,_bee_20230609c,20230609c3606.jpg,20230609c3606.txt
train,_bee_20230609c,20230609c3612.jpg,20230609c3612.txt
train,_bee_20230609c,20230609c3618.jpg,20230609c3618.txt
train,_bee_20230609c,20230609c3624.jpg,20230609c3624.txt
train,_bee_20230609c,20230609c3630.jpg,20230609c3630.txt
train,_bee_20230609c,20230609c3636.jpg,20230609c3636.txt
train,_bee_20230609c,20230609c3642.jpg,20230609c3642.txt
train,_bee_20230609c,20230609c3648.jpg,20230609c3648.txt
train,_bee_20230609c,20230609c3654.jpg,20230609c3654.txt
train,_bee_20230609c,20230609c366.jpg,20230609c366.txt
train,_bee_20230609c,20230609c3660.jpg,20230609c3660.txt
train,_bee_20230609c,20230609c3666.jpg,20230609c3666.txt
train,_bee_20230609c,20230609c3672.jpg,20230609c3672.txt
train,_bee_20230609c,20230609c3678.jpg,20230609c3678.txt
train,_bee_20230609c,20230609c3684.jpg,20230609c3684.txt
train,_bee_20230609c,20230609c3690.jpg,20230609c3690.txt
train,_bee_20230609c,20230609c3696.jpg,20230609c3696.txt
train,_bee_20230609c,20230609c3702.jpg,20230609c3702.txt
train,_bee_20230609c,20230609c3708.jpg,20230609c3708.txt
train,_bee_20230609c,20230609c3714.jpg,20230609c3714.txt
train,_bee_20230609c,20230609c372.jpg,20230609c372.txt
train,_bee_20230609c,20230609c3720.jpg,20230609c3720.txt
train,_bee_20230609c,20230609c3726.jpg,20230609c3726.txt
train,_bee_20230609c,20230609c3732.jpg,20230609c3732.txt
train,_bee_20230609c,20230609c3738.jpg,20230609c3738.txt
train,_bee_20230609c,20230609c3744.jpg,20230609c3744.txt
train,_bee_20230609c,20230609c3750.jpg,20230609c3750.txt
train,_bee_20230609c,20230609c3756.jpg,20230609c3756.txt
train,_bee_20230609c,20230609c3762.jpg,20230609c3762.txt
train,_bee_20230609c,20230609c3768.jpg,20230609c3768.txt
train,_bee_20230609c,20230609c3774.jpg,20230609c3774.txt
train,_bee_20230609c,20230609c378.jpg,20230609c378.txt
train,_bee_20230609c,20230609c3780.jpg,20230609c3780.txt
train,_bee_20230609c,20230609c3786.jpg,20230609c3786.txt
train,_bee_20230609c,20230609c3792.jpg,20230609c3792.txt
train,_bee_20230609c,20230609c3798.jpg,20230609c3798.txt
train,_bee_20230609c,20230609c3804.jpg,20230609c3804.txt
train,_bee_20230609c,20230609c3810.jpg,20230609c3810.txt
train,_bee_20230609c,20230609c3816.jpg,20230609c3816.txt
train,_bee_20230609c,20230609c3822.jpg,20230609c3822.txt
train,_bee_20230609c,20230609c3828.jpg,20230609c3828.txt
train,_bee_20230609c,20230609c3834.jpg,20230609c3834.txt
train,_bee_20230609c,20230609c384.jpg,20230609c384.txt
train,_bee_20230609c,20230609c3840.jpg,20230609c3840.txt
train,_bee_20230609c,20230609c3846.jpg,20230609c3846.txt
train,_bee_20230609c,20230609c3852.jpg,20230609c3852.txt
train,_bee_20230609c,20230609c3858.jpg,20230609c3858.txt
train,_bee_20230609c,20230609c3864.jpg,20230609c3864.txt
train,_bee_20230609c,20230609c3870.jpg,20230609c3870.txt
train,_bee_20230609c,20230609c3876.jpg,20230609c3876.txt
train,_bee_20230609c,20230609c3882.jpg,20230609c3882.txt
train,_bee_20230609c,20230609c3888.jpg,20230609c3888.txt
train,_bee_20230609c,20230609c3894.jpg,20230609c3894.txt
train,_bee_20230609c,20230609c390.jpg,20230609c390.txt
train,_bee_20230609c,20230609c3900.jpg,20230609c3900.txt
train,_bee_20230609c,20230609c3906.jpg,20230609c3906.txt
train,_bee_20230609c,20230609c3912.jpg,20230609c3912.txt
train,_bee_20230609c,20230609c3918.jpg,20230609c3918.txt
train,_bee_20230609c,20230609c3924.jpg,20230609c3924.txt
train,_bee_20230609c,20230609c3930.jpg,20230609c3930.txt
train,_bee_20230609c,20230609c3936.jpg,20230609c3936.txt
train,_bee_20230609c,20230609c3942.jpg,20230609c3942.txt
train,_bee_20230609c,20230609c3948.jpg,20230609c3948.txt
train,_bee_20230609c,20230609c3954.jpg,20230609c3954.txt
train,_bee_20230609c,20230609c396.jpg,20230609c396.txt
train,_bee_20230609c,20230609c3960.jpg,20230609c3960.txt
train,_bee_20230609c,20230609c3966.jpg,20230609c3966.txt
train,_bee_20230609c,20230609c3972.jpg,20230609c3972.txt
train,_bee_20230609c,20230609c3978.jpg,20230609c3978.txt
train,_bee_20230609c,20230609c3984.jpg,20230609c3984.txt
train,_bee_20230609c,20230609c3990.jpg,20230609c3990.txt
train,_bee_20230609c,20230609c3996.jpg,20230609c3996.txt
train,_bee_20230609c,20230609c4002.jpg,20230609c4002.txt
train,_bee_20230609c,20230609c4008.jpg,20230609c4008.txt
train,_bee_20230609c,20230609c4014.jpg,20230609c4014.txt
train,_bee_20230609c,20230609c402.jpg,20230609c402.txt
train,_bee_20230609c,20230609c4020.jpg,20230609c4020.txt
train,_bee_20230609c,20230609c4026.jpg,20230609c4026.txt
train,_bee_20230609c,20230609c4032.jpg,20230609c4032.txt
train,_bee_20230609c,20230609c4038.jpg,20230609c4038.txt
train,_bee_20230609c,20230609c4044.jpg,20230609c4044.txt
train,_bee_20230609c,20230609c4050.jpg,20230609c4050.txt
train,_bee_20230609c,20230609c4056.jpg,20230609c4056.txt
train,_bee_20230609c,20230609c4062.jpg,20230609c4062.txt
train,_bee_20230609c,20230609c4068.jpg,20230609c4068.txt
train,_bee_20230609c,20230609c4074.jpg,20230609c4074.txt
train,_bee_20230609c,20230609c408.jpg,20230609c408.txt
train,_bee_20230609c,20230609c4080.jpg,20230609c4080.txt
train,_bee_20230609c,20230609c4086.jpg,20230609c4086.txt
train,_bee_20230609c,20230609c4092.jpg,20230609c4092.txt
train,_bee_20230609c,20230609c4098.jpg,20230609c4098.txt
train,_bee_20230609c,20230609c4104.jpg,20230609c4104.txt
train,_bee_20230609c,20230609c4110.jpg,20230609c4110.txt
train,_bee_20230609c,20230609c4116.jpg,20230609c4116.txt
train,_bee_20230609c,20230609c4122.jpg,20230609c4122.txt
train,_bee_20230609c,20230609c4128.jpg,20230609c4128.txt
train,_bee_20230609c,20230609c4134.jpg,20230609c4134.txt
train,_bee_20230609c,20230609c414.jpg,20230609c414.txt
train,_bee_20230609c,20230609c4140.jpg,20230609c4140.txt
train,_bee_20230609c,20230609c4146.jpg,20230609c4146.txt
train,_bee_20230609c,20230609c4152.jpg,20230609c4152.txt
train,_bee_20230609c,20230609c4158.jpg,20230609c4158.txt
train,_bee_20230609c,20230609c4164.jpg,20230609c4164.txt
train,_bee_20230609c,20230609c4170.jpg,20230609c4170.txt
train,_bee_20230609c,20230609c4176.jpg,20230609c4176.txt
train,_bee_20230609c,20230609c4182.jpg,20230609c4182.txt
train,_bee_20230609c,20230609c4188.jpg,20230609c4188.txt
train,_bee_20230609c,20230609c4194.jpg,20230609c4194.txt
train,_bee_20230609c,20230609c420.jpg,20230609c420.txt
train,_bee_20230609c,20230609c4200.jpg,20230609c4200.txt
train,_bee_20230609c,20230609c4206.jpg,20230609c4206.txt
train,_bee_20230609c,20230609c4212.jpg,20230609c4212.txt
train,_bee_20230609c,20230609c4218.jpg,20230609c4218.txt
train,_bee_20230609c,20230609c4224.jpg,20230609c4224.txt
train,_bee_20230609c,20230609c4230.jpg,20230609c4230.txt
train,_bee_20230609c,20230609c4236.jpg,20230609c4236.txt
train,_bee_20230609c,20230609c4242.jpg,20230609c4242.txt
train,_bee_20230609c,20230609c4248.jpg,20230609c4248.txt
train,_bee_20230609c,20230609c4254.jpg,20230609c4254.txt
train,_bee_20230609c,20230609c426.jpg,20230609c426.txt
train,_bee_20230609c,20230609c4260.jpg,20230609c4260.txt
train,_bee_20230609c,20230609c4266.jpg,20230609c4266.txt
train,_bee_20230609c,20230609c4272.jpg,20230609c4272.txt
train,_bee_20230609c,20230609c4278.jpg,20230609c4278.txt
train,_bee_20230609c,20230609c4284.jpg,20230609c4284.txt
train,_bee_20230609c,20230609c4290.jpg,20230609c4290.txt
train,_bee_20230609c,20230609c4296.jpg,20230609c4296.txt
train,_bee_20230609c,20230609c4302.jpg,20230609c4302.txt
train,_bee_20230609c,20230609c4308.jpg,20230609c4308.txt
train,_bee_20230609c,20230609c4314.jpg,20230609c4314.txt
train,_bee_20230609c,20230609c432.jpg,20230609c432.txt
train,_bee_20230609c,20230609c4320.jpg,20230609c4320.txt
train,_bee_20230609c,20230609c4326.jpg,20230609c4326.txt
train,_bee_20230609c,20230609c4332.jpg,20230609c4332.txt
train,_bee_20230609c,20230609c4338.jpg,20230609c4338.txt
train,_bee_20230609c,20230609c4344.jpg,20230609c4344.txt
train,_bee_20230609c,20230609c4350.jpg,20230609c4350.txt
train,_bee_20230609c,20230609c4356.jpg,20230609c4356.txt
train,_bee_20230609c,20230609c4362.jpg,20230609c4362.txt
train,_bee_20230609c,20230609c4368.jpg,20230609c4368.txt
train,_bee_20230609c,20230609c4374.jpg,20230609c4374.txt
train,_bee_20230609c,20230609c438.jpg,20230609c438.txt
train,_bee_20230609c,20230609c4380.jpg,20230609c4380.txt
train,_bee_20230609c,20230609c4386.jpg,20230609c4386.txt
train,_bee_20230609c,20230609c4392.jpg,20230609c4392.txt
train,_bee_20230609c,20230609c4398.jpg,20230609c4398.txt
train,_bee_20230609c,20230609c4404.jpg,20230609c4404.txt
train,_bee_20230609c,20230609c4410.jpg,20230609c4410.txt
train,_bee_20230609c,20230609c4416.jpg,20230609c4416.txt
train,_bee_20230609c,20230609c4422.jpg,20230609c4422.txt
train,_bee_20230609c,20230609c4428.jpg,20230609c4428.txt
train,_bee_20230609c,20230609c4434.jpg,20230609c4434.txt
train,_bee_20230609c,20230609c444.jpg,20230609c444.txt
train,_bee_20230609c,20230609c4440.jpg,20230609c4440.txt
train,_bee_20230609c,20230609c4446.jpg,20230609c4446.txt
train,_bee_20230609c,20230609c4452.jpg,20230609c4452.txt
train,_bee_20230609c,20230609c4458.jpg,20230609c4458.txt
train,_bee_20230609c,20230609c4464.jpg,20230609c4464.txt
train,_bee_20230609c,20230609c4470.jpg,20230609c4470.txt
train,_bee_20230609c,20230609c4476.jpg,20230609c4476.txt
train,_bee_20230609c,20230609c4482.jpg,20230609c4482.txt
train,_bee_20230609c,20230609c4488.jpg,20230609c4488.txt
train,_bee_20230609c,20230609c4494.jpg,20230609c4494.txt
train,_bee_20230609c,20230609c450.jpg,20230609c450.txt
train,_bee_20230609c,20230609c4500.jpg,20230609c4500.txt
train,_bee_20230609c,20230609c4506.jpg,20230609c4506.txt
train,_bee_20230609c,20230609c4512.jpg,20230609c4512.txt
train,_bee_20230609c,20230609c4518.jpg,20230609c4518.txt
train,_bee_20230609c,20230609c4524.jpg,20230609c4524.txt
train,_bee_20230609c,20230609c4530.jpg,20230609c4530.txt
train,_bee_20230609c,20230609c4536.jpg,20230609c4536.txt
train,_bee_20230609c,20230609c4542.jpg,20230609c4542.txt
train,_bee_20230609c,20230609c4548.jpg,20230609c4548.txt
train,_bee_20230609c,20230609c4554.jpg,20230609c4554.txt
train,_bee_20230609c,20230609c456.jpg,20230609c456.txt
train,_bee_20230609c,20230609c4560.jpg,20230609c4560.txt
train,_bee_20230609c,20230609c4566.jpg,20230609c4566.txt
train,_bee_20230609c,20230609c4572.jpg,20230609c4572.txt
train,_bee_20230609c,20230609c4578.jpg,20230609c4578.txt
train,_bee_20230609c,20230609c4584.jpg,20230609c4584.txt
train,_bee_20230609c,20230609c4590.jpg,20230609c4590.txt
train,_bee_20230609c,20230609c4596.jpg,20230609c4596.txt
train,_bee_20230609c,20230609c4602.jpg,20230609c4602.txt
train,_bee_20230609c,20230609c4608.jpg,20230609c4608.txt
train,_bee_20230609c,20230609c4614.jpg,20230609c4614.txt
train,_bee_20230609c,20230609c462.jpg,20230609c462.txt
train,_bee_20230609c,20230609c4620.jpg,20230609c4620.txt
train,_bee_20230609c,20230609c4626.jpg,20230609c4626.txt
train,_bee_20230609c,20230609c4632.jpg,20230609c4632.txt
train,_bee_20230609c,20230609c4638.jpg,20230609c4638.txt
train,_bee_20230609c,20230609c4644.jpg,20230609c4644.txt
train,_bee_20230609c,20230609c4650.jpg,20230609c4650.txt
train,_bee_20230609c,20230609c4656.jpg,20230609c4656.txt
train,_bee_20230609c,20230609c4662.jpg,20230609c4662.txt
train,_bee_20230609c,20230609c4668.jpg,20230609c4668.txt
train,_bee_20230609c,20230609c4674.jpg,20230609c4674.txt
train,_bee_20230609c,20230609c468.jpg,20230609c468.txt
train,_bee_20230609c,20230609c4680.jpg,20230609c4680.txt
train,_bee_20230609c,20230609c4686.jpg,20230609c4686.txt
train,_bee_20230609c,20230609c4692.jpg,20230609c4692.txt
train,_bee_20230609c,20230609c4698.jpg,20230609c4698.txt
train,_bee_20230609c,20230609c4704.jpg,20230609c4704.txt
train,_bee_20230609c,20230609c4710.jpg,20230609c4710.txt
train,_bee_20230609c,20230609c4716.jpg,20230609c4716.txt
train,_bee_20230609c,20230609c4722.jpg,20230609c4722.txt
train,_bee_20230609c,20230609c4728.jpg,20230609c4728.txt
train,_bee_20230609c,20230609c4734.jpg,20230609c4734.txt
train,_bee_20230609c,20230609c474.jpg,20230609c474.txt
train,_bee_20230609c,20230609c4740.jpg,20230609c4740.txt
train,_bee_20230609c,20230609c4746.jpg,20230609c4746.txt
train,_bee_20230609c,20230609c4752.jpg,20230609c4752.txt
train,_bee_20230609c,20230609c4758.jpg,20230609c4758.txt
train,_bee_20230609c,20230609c4764.jpg,20230609c4764.txt
train,_bee_20230609c,20230609c4770.jpg,20230609c4770.txt
train,_bee_20230609c,20230609c4776.jpg,20230609c4776.txt
train,_bee_20230609c,20230609c4782.jpg,20230609c4782.txt
train,_bee_20230609c,20230609c4788.jpg,20230609c4788.txt
train,_bee_20230609c,20230609c4794.jpg,20230609c4794.txt
train,_bee_20230609c,20230609c480.jpg,20230609c480.txt
train,_bee_20230609c,20230609c486.jpg,20230609c486.txt
train,_bee_20230609c,20230609c492.jpg,20230609c492.txt
train,_bee_20230609c,20230609c498.jpg,20230609c498.txt
train,_bee_20230609c,20230609c504.jpg,20230609c504.txt
train,_bee_20230609c,20230609c510.jpg,20230609c510.txt
train,_bee_20230609c,20230609c516.jpg,20230609c516.txt
train,_bee_20230609c,20230609c522.jpg,20230609c522.txt
train,_bee_20230609c,20230609c528.jpg,20230609c528.txt
train,_bee_20230609c,20230609c534.jpg,20230609c534.txt
train,_bee_20230609c,20230609c540.jpg,20230609c540.txt
train,_bee_20230609c,20230609c546.jpg,20230609c546.txt
train,_bee_20230609c,20230609c552.jpg,20230609c552.txt
train,_bee_20230609c,20230609c558.jpg,20230609c558.txt
train,_bee_20230609c,20230609c564.jpg,20230609c564.txt
train,_bee_20230609c,20230609c570.jpg,20230609c570.txt
train,_bee_20230609c,20230609c576.jpg,20230609c576.txt
train,_bee_20230609c,20230609c582.jpg,20230609c582.txt
train,_bee_20230609c,20230609c588.jpg,20230609c588.txt
train,_bee_20230609c,20230609c594.jpg,20230609c594.txt
train,_bee_20230609c,20230609c6.jpg,20230609c6.txt
train,_bee_20230609c,20230609c600.jpg,20230609c600.txt
train,_bee_20230609c,20230609c606.jpg,20230609c606.txt
train,_bee_20230609c,20230609c612.jpg,20230609c612.txt
train,_bee_20230609c,20230609c618.jpg,20230609c618.txt
train,_bee_20230609c,20230609c624.jpg,20230609c624.txt
train,_bee_20230609c,20230609c630.jpg,20230609c630.txt
train,_bee_20230609c,20230609c636.jpg,20230609c636.txt
train,_bee_20230609c,20230609c642.jpg,20230609c642.txt
train,_bee_20230609c,20230609c648.jpg,20230609c648.txt
train,_bee_20230609c,20230609c654.jpg,20230609c654.txt
train,_bee_20230609c,20230609c660.jpg,20230609c660.txt
train,_bee_20230609c,20230609c666.jpg,20230609c666.txt
train,_bee_20230609c,20230609c672.jpg,20230609c672.txt
train,_bee_20230609c,20230609c678.jpg,20230609c678.txt
train,_bee_20230609c,20230609c684.jpg,20230609c684.txt
train,_bee_20230609c,20230609c690.jpg,20230609c690.txt
train,_bee_20230609c,20230609c696.jpg,20230609c696.txt
train,_bee_20230609c,20230609c702.jpg,20230609c702.txt
train,_bee_20230609c,20230609c708.jpg,20230609c708.txt
train,_bee_20230609c,20230609c714.jpg,20230609c714.txt
train,_bee_20230609c,20230609c720.jpg,20230609c720.txt
train,_bee_20230609c,20230609c726.jpg,20230609c726.txt
train,_bee_20230609c,20230609c732.jpg,20230609c732.txt
train,_bee_20230609c,20230609c738.jpg,20230609c738.txt
train,_bee_20230609c,20230609c744.jpg,20230609c744.txt
train,_bee_20230609c,20230609c750.jpg,20230609c750.txt
train,_bee_20230609c,20230609c756.jpg,20230609c756.txt
train,_bee_20230609c,20230609c762.jpg,20230609c762.txt
train,_bee_20230609c,20230609c768.jpg,20230609c768.txt
train,_bee_20230609c,20230609c774.jpg,20230609c774.txt
train,_bee_20230609c,20230609c780.jpg,20230609c780.txt
train,_bee_20230609c,20230609c786.jpg,20230609c786.txt
train,_bee_20230609c,20230609c792.jpg,20230609c792.txt
train,_bee_20230609c,20230609c798.jpg,20230609c798.txt
train,_bee_20230609c,20230609c804.jpg,20230609c804.txt
train,_bee_20230609c,20230609c810.jpg,20230609c810.txt
train,_bee_20230609c,20230609c816.jpg,20230609c816.txt
train,_bee_20230609c,20230609c822.jpg,20230609c822.txt
train,_bee_20230609c,20230609c828.jpg,20230609c828.txt
train,_bee_20230609c,20230609c834.jpg,20230609c834.txt
train,_bee_20230609c,20230609c840.jpg,20230609c840.txt
train,_bee_20230609c,20230609c846.jpg,20230609c846.txt
train,_bee_20230609c,20230609c852.jpg,20230609c852.txt
train,_bee_20230609c,20230609c858.jpg,20230609c858.txt
train,_bee_20230609c,20230609c864.jpg,20230609c864.txt
train,_bee_20230609c,20230609c870.jpg,20230609c870.txt
train,_bee_20230609c,20230609c876.jpg,20230609c876.txt
train,_bee_20230609c,20230609c882.jpg,20230609c882.txt
train,_bee_20230609c,20230609c888.jpg,20230609c888.txt
train,_bee_20230609c,20230609c894.jpg,20230609c894.txt
train,_bee_20230609c,20230609c900.jpg,20230609c900.txt
train,_bee_20230609c,20230609c906.jpg,20230609c906.txt
train,_bee_20230609c,20230609c912.jpg,20230609c912.txt
train,_bee_20230609c,20230609c918.jpg,20230609c918.txt
train,_bee_20230609c,20230609c924.jpg,20230609c924.txt
train,_bee_20230609c,20230609c930.jpg,20230609c930.txt
train,_bee_20230609c,20230609c936.jpg,20230609c936.txt
train,_bee_20230609c,20230609c942.jpg,20230609c942.txt
train,_bee_20230609c,20230609c948.jpg,20230609c948.txt
train,_bee_20230609c,20230609c954.jpg,20230609c954.txt
train,_bee_20230609c,20230609c960.jpg,20230609c960.txt
train,_bee_20230609c,20230609c966.jpg,20230609c966.txt
train,_bee_20230609c,20230609c972.jpg,20230609c972.txt
train,_bee_20230609c,20230609c978.jpg,20230609c978.txt
train,_bee_20230609c,20230609c984.jpg,20230609c984.txt
train,_bee_20230609c,20230609c990.jpg,20230609c990.txt
train,_bee_20230609c,20230609c996.jpg,20230609c996.txt
train,_bee_20230609d,20230609d1002.jpg,20230609d1002.txt
train,_bee_20230609d,20230609d1005.jpg,20230609d1005.txt
train,_bee_20230609d,20230609d1008.jpg,20230609d1008.txt
train,_bee_20230609d,20230609d1011.jpg,20230609d1011.txt
train,_bee_20230609d,20230609d1014.jpg,20230609d1014.txt
train,_bee_20230609d,20230609d1017.jpg,20230609d1017.txt
train,_bee_20230609d,20230609d1020.jpg,20230609d1020.txt
train,_bee_20230609d,20230609d1023.jpg,20230609d1023.txt
train,_bee_20230609d,20230609d1026.jpg,20230609d1026.txt
train,_bee_20230609d,20230609d1029.jpg,20230609d1029.txt
train,_bee_20230609d,20230609d1032.jpg,20230609d1032.txt
train,_bee_20230609d,20230609d1035.jpg,20230609d1035.txt
train,_bee_20230609d,20230609d1038.jpg,20230609d1038.txt
train,_bee_20230609d,20230609d1044.jpg,20230609d1044.txt
train,_bee_20230609d,20230609d1047.jpg,20230609d1047.txt
train,_bee_20230609d,20230609d1050.jpg,20230609d1050.txt
train,_bee_20230609d,20230609d1053.jpg,20230609d1053.txt
train,_bee_20230609d,20230609d1056.jpg,20230609d1056.txt
train,_bee_20230609d,20230609d1059.jpg,20230609d1059.txt
train,_bee_20230609d,20230609d1062.jpg,20230609d1062.txt
train,_bee_20230609d,20230609d1065.jpg,20230609d1065.txt
train,_bee_20230609d,20230609d1068.jpg,20230609d1068.txt
train,_bee_20230609d,20230609d1071.jpg,20230609d1071.txt
train,_bee_20230609d,20230609d1080.jpg,20230609d1080.txt
train,_bee_20230609d,20230609d1083.jpg,20230609d1083.txt
train,_bee_20230609d,20230609d1101.jpg,20230609d1101.txt
train,_bee_20230609d,20230609d1104.jpg,20230609d1104.txt
train,_bee_20230609d,20230609d1107.jpg,20230609d1107.txt
train,_bee_20230609d,20230609d1110.jpg,20230609d1110.txt
train,_bee_20230609d,20230609d1113.jpg,20230609d1113.txt
train,_bee_20230609d,20230609d1116.jpg,20230609d1116.txt
train,_bee_20230609d,20230609d114.jpg,20230609d114.txt
train,_bee_20230609d,20230609d1152.jpg,20230609d1152.txt
train,_bee_20230609d,20230609d1155.jpg,20230609d1155.txt
train,_bee_20230609d,20230609d1158.jpg,20230609d1158.txt
train,_bee_20230609d,20230609d1161.jpg,20230609d1161.txt
train,_bee_20230609d,20230609d1164.jpg,20230609d1164.txt
train,_bee_20230609d,20230609d1167.jpg,20230609d1167.txt
train,_bee_20230609d,20230609d117.jpg,20230609d117.txt
train,_bee_20230609d,20230609d1170.jpg,20230609d1170.txt
train,_bee_20230609d,20230609d1173.jpg,20230609d1173.txt
train,_bee_20230609d,20230609d1176.jpg,20230609d1176.txt
train,_bee_20230609d,20230609d1179.jpg,20230609d1179.txt
train,_bee_20230609d,20230609d1182.jpg,20230609d1182.txt
train,_bee_20230609d,20230609d1185.jpg,20230609d1185.txt
train,_bee_20230609d,20230609d1188.jpg,20230609d1188.txt
train,_bee_20230609d,20230609d1191.jpg,20230609d1191.txt
train,_bee_20230609d,20230609d1194.jpg,20230609d1194.txt
train,_bee_20230609d,20230609d1197.jpg,20230609d1197.txt
train,_bee_20230609d,20230609d120.jpg,20230609d120.txt
train,_bee_20230609d,20230609d1200.jpg,20230609d1200.txt
train,_bee_20230609d,20230609d1203.jpg,20230609d1203.txt
train,_bee_20230609d,20230609d1206.jpg,20230609d1206.txt
train,_bee_20230609d,20230609d1209.jpg,20230609d1209.txt
train,_bee_20230609d,20230609d1212.jpg,20230609d1212.txt
train,_bee_20230609d,20230609d1215.jpg,20230609d1215.txt
train,_bee_20230609d,20230609d1218.jpg,20230609d1218.txt
train,_bee_20230609d,20230609d1221.jpg,20230609d1221.txt
train,_bee_20230609d,20230609d1224.jpg,20230609d1224.txt
train,_bee_20230609d,20230609d1227.jpg,20230609d1227.txt
train,_bee_20230609d,20230609d123.jpg,20230609d123.txt
train,_bee_20230609d,20230609d1230.jpg,20230609d1230.txt
train,_bee_20230609d,20230609d126.jpg,20230609d126.txt
train,_bee_20230609d,20230609d129.jpg,20230609d129.txt
train,_bee_20230609d,20230609d1293.jpg,20230609d1293.txt
train,_bee_20230609d,20230609d1296.jpg,20230609d1296.txt
train,_bee_20230609d,20230609d1299.jpg,20230609d1299.txt
train,_bee_20230609d,20230609d1302.jpg,20230609d1302.txt
train,_bee_20230609d,20230609d1305.jpg,20230609d1305.txt
train,_bee_20230609d,20230609d1308.jpg,20230609d1308.txt
train,_bee_20230609d,20230609d1311.jpg,20230609d1311.txt
train,_bee_20230609d,20230609d1314.jpg,20230609d1314.txt
train,_bee_20230609d,20230609d1317.jpg,20230609d1317.txt
train,_bee_20230609d,20230609d132.jpg,20230609d132.txt
train,_bee_20230609d,20230609d1320.jpg,20230609d1320.txt
train,_bee_20230609d,20230609d1323.jpg,20230609d1323.txt
train,_bee_20230609d,20230609d1326.jpg,20230609d1326.txt
train,_bee_20230609d,20230609d1329.jpg,20230609d1329.txt
train,_bee_20230609d,20230609d1332.jpg,20230609d1332.txt
train,_bee_20230609d,20230609d1335.jpg,20230609d1335.txt
train,_bee_20230609d,20230609d1338.jpg,20230609d1338.txt
train,_bee_20230609d,20230609d1341.jpg,20230609d1341.txt
train,_bee_20230609d,20230609d1347.jpg,20230609d1347.txt
train,_bee_20230609d,20230609d135.jpg,20230609d135.txt
train,_bee_20230609d,20230609d1350.jpg,20230609d1350.txt
train,_bee_20230609d,20230609d1353.jpg,20230609d1353.txt
train,_bee_20230609d,20230609d1356.jpg,20230609d1356.txt
train,_bee_20230609d,20230609d1359.jpg,20230609d1359.txt
train,_bee_20230609d,20230609d1362.jpg,20230609d1362.txt
train,_bee_20230609d,20230609d1365.jpg,20230609d1365.txt
train,_bee_20230609d,20230609d1368.jpg,20230609d1368.txt
train,_bee_20230609d,20230609d1371.jpg,20230609d1371.txt
train,_bee_20230609d,20230609d1374.jpg,20230609d1374.txt
train,_bee_20230609d,20230609d1377.jpg,20230609d1377.txt
train,_bee_20230609d,20230609d138.jpg,20230609d138.txt
train,_bee_20230609d,20230609d1380.jpg,20230609d1380.txt
train,_bee_20230609d,20230609d1383.jpg,20230609d1383.txt
train,_bee_20230609d,20230609d1386.jpg,20230609d1386.txt
train,_bee_20230609d,20230609d1389.jpg,20230609d1389.txt
train,_bee_20230609d,20230609d1392.jpg,20230609d1392.txt
train,_bee_20230609d,20230609d1395.jpg,20230609d1395.txt
train,_bee_20230609d,20230609d1398.jpg,20230609d1398.txt
train,_bee_20230609d,20230609d1401.jpg,20230609d1401.txt
train,_bee_20230609d,20230609d1404.jpg,20230609d1404.txt
train,_bee_20230609d,20230609d1407.jpg,20230609d1407.txt
train,_bee_20230609d,20230609d1410.jpg,20230609d1410.txt
train,_bee_20230609d,20230609d1413.jpg,20230609d1413.txt
train,_bee_20230609d,20230609d1416.jpg,20230609d1416.txt
train,_bee_20230609d,20230609d1419.jpg,20230609d1419.txt
train,_bee_20230609d,20230609d1422.jpg,20230609d1422.txt
train,_bee_20230609d,20230609d1425.jpg,20230609d1425.txt
train,_bee_20230609d,20230609d1428.jpg,20230609d1428.txt
train,_bee_20230609d,20230609d1431.jpg,20230609d1431.txt
train,_bee_20230609d,20230609d1434.jpg,20230609d1434.txt
train,_bee_20230609d,20230609d1437.jpg,20230609d1437.txt
train,_bee_20230609d,20230609d1440.jpg,20230609d1440.txt
train,_bee_20230609d,20230609d1443.jpg,20230609d1443.txt
train,_bee_20230609d,20230609d1446.jpg,20230609d1446.txt
train,_bee_20230609d,20230609d1449.jpg,20230609d1449.txt
train,_bee_20230609d,20230609d1452.jpg,20230609d1452.txt
train,_bee_20230609d,20230609d1455.jpg,20230609d1455.txt
train,_bee_20230609d,20230609d1458.jpg,20230609d1458.txt
train,_bee_20230609d,20230609d1461.jpg,20230609d1461.txt
train,_bee_20230609d,20230609d1464.jpg,20230609d1464.txt
train,_bee_20230609d,20230609d1467.jpg,20230609d1467.txt
train,_bee_20230609d,20230609d1470.jpg,20230609d1470.txt
train,_bee_20230609d,20230609d1473.jpg,20230609d1473.txt
train,_bee_20230609d,20230609d1476.jpg,20230609d1476.txt
train,_bee_20230609d,20230609d1479.jpg,20230609d1479.txt
train,_bee_20230609d,20230609d1482.jpg,20230609d1482.txt
train,_bee_20230609d,20230609d1485.jpg,20230609d1485.txt
train,_bee_20230609d,20230609d1488.jpg,20230609d1488.txt
train,_bee_20230609d,20230609d1491.jpg,20230609d1491.txt
train,_bee_20230609d,20230609d1494.jpg,20230609d1494.txt
train,_bee_20230609d,20230609d1497.jpg,20230609d1497.txt
train,_bee_20230609d,20230609d1500.jpg,20230609d1500.txt
train,_bee_20230609d,20230609d1503.jpg,20230609d1503.txt
train,_bee_20230609d,20230609d1506.jpg,20230609d1506.txt
train,_bee_20230609d,20230609d1509.jpg,20230609d1509.txt
train,_bee_20230609d,20230609d1515.jpg,20230609d1515.txt
train,_bee_20230609d,20230609d1518.jpg,20230609d1518.txt
train,_bee_20230609d,20230609d1521.jpg,20230609d1521.txt
train,_bee_20230609d,20230609d1524.jpg,20230609d1524.txt
train,_bee_20230609d,20230609d1527.jpg,20230609d1527.txt
train,_bee_20230609d,20230609d1530.jpg,20230609d1530.txt
train,_bee_20230609d,20230609d1533.jpg,20230609d1533.txt
train,_bee_20230609d,20230609d1536.jpg,20230609d1536.txt
train,_bee_20230609d,20230609d1539.jpg,20230609d1539.txt
train,_bee_20230609d,20230609d1542.jpg,20230609d1542.txt
train,_bee_20230609d,20230609d1548.jpg,20230609d1548.txt
train,_bee_20230609d,20230609d1551.jpg,20230609d1551.txt
train,_bee_20230609d,20230609d1554.jpg,20230609d1554.txt
train,_bee_20230609d,20230609d1557.jpg,20230609d1557.txt
train,_bee_20230609d,20230609d1560.jpg,20230609d1560.txt
train,_bee_20230609d,20230609d1563.jpg,20230609d1563.txt
train,_bee_20230609d,20230609d1566.jpg,20230609d1566.txt
train,_bee_20230609d,20230609d1569.jpg,20230609d1569.txt
train,_bee_20230609d,20230609d1572.jpg,20230609d1572.txt
train,_bee_20230609d,20230609d1575.jpg,20230609d1575.txt
train,_bee_20230609d,20230609d1578.jpg,20230609d1578.txt
train,_bee_20230609d,20230609d1581.jpg,20230609d1581.txt
train,_bee_20230609d,20230609d1584.jpg,20230609d1584.txt
train,_bee_20230609d,20230609d1587.jpg,20230609d1587.txt
train,_bee_20230609d,20230609d1590.jpg,20230609d1590.txt
train,_bee_20230609d,20230609d1593.jpg,20230609d1593.txt
train,_bee_20230609d,20230609d1596.jpg,20230609d1596.txt
train,_bee_20230609d,20230609d1599.jpg,20230609d1599.txt
train,_bee_20230609d,20230609d1602.jpg,20230609d1602.txt
train,_bee_20230609d,20230609d1605.jpg,20230609d1605.txt
train,_bee_20230609d,20230609d1608.jpg,20230609d1608.txt
train,_bee_20230609d,20230609d1611.jpg,20230609d1611.txt
train,_bee_20230609d,20230609d1614.jpg,20230609d1614.txt
train,_bee_20230609d,20230609d1617.jpg,20230609d1617.txt
train,_bee_20230609d,20230609d1620.jpg,20230609d1620.txt
train,_bee_20230609d,20230609d1623.jpg,20230609d1623.txt
train,_bee_20230609d,20230609d1626.jpg,20230609d1626.txt
train,_bee_20230609d,20230609d1629.jpg,20230609d1629.txt
train,_bee_20230609d,20230609d1632.jpg,20230609d1632.txt
train,_bee_20230609d,20230609d1635.jpg,20230609d1635.txt
train,_bee_20230609d,20230609d1638.jpg,20230609d1638.txt
train,_bee_20230609d,20230609d1641.jpg,20230609d1641.txt
train,_bee_20230609d,20230609d1647.jpg,20230609d1647.txt
train,_bee_20230609d,20230609d1650.jpg,20230609d1650.txt
train,_bee_20230609d,20230609d1653.jpg,20230609d1653.txt
train,_bee_20230609d,20230609d1656.jpg,20230609d1656.txt
train,_bee_20230609d,20230609d1659.jpg,20230609d1659.txt
train,_bee_20230609d,20230609d1662.jpg,20230609d1662.txt
train,_bee_20230609d,20230609d1665.jpg,20230609d1665.txt
train,_bee_20230609d,20230609d1668.jpg,20230609d1668.txt
train,_bee_20230609d,20230609d1671.jpg,20230609d1671.txt
train,_bee_20230609d,20230609d1674.jpg,20230609d1674.txt
train,_bee_20230609d,20230609d1677.jpg,20230609d1677.txt
train,_bee_20230609d,20230609d1680.jpg,20230609d1680.txt
train,_bee_20230609d,20230609d1683.jpg,20230609d1683.txt
train,_bee_20230609d,20230609d1686.jpg,20230609d1686.txt
train,_bee_20230609d,20230609d1689.jpg,20230609d1689.txt
train,_bee_20230609d,20230609d1692.jpg,20230609d1692.txt
train,_bee_20230609d,20230609d1695.jpg,20230609d1695.txt
train,_bee_20230609d,20230609d1698.jpg,20230609d1698.txt
train,_bee_20230609d,20230609d1701.jpg,20230609d1701.txt
train,_bee_20230609d,20230609d1704.jpg,20230609d1704.txt
train,_bee_20230609d,20230609d1707.jpg,20230609d1707.txt
train,_bee_20230609d,20230609d1710.jpg,20230609d1710.txt
train,_bee_20230609d,20230609d1713.jpg,20230609d1713.txt
train,_bee_20230609d,20230609d1716.jpg,20230609d1716.txt
train,_bee_20230609d,20230609d1719.jpg,20230609d1719.txt
train,_bee_20230609d,20230609d1722.jpg,20230609d1722.txt
train,_bee_20230609d,20230609d1725.jpg,20230609d1725.txt
train,_bee_20230609d,20230609d1728.jpg,20230609d1728.txt
train,_bee_20230609d,20230609d1731.jpg,20230609d1731.txt
train,_bee_20230609d,20230609d1734.jpg,20230609d1734.txt
train,_bee_20230609d,20230609d1737.jpg,20230609d1737.txt
train,_bee_20230609d,20230609d1740.jpg,20230609d1740.txt
train,_bee_20230609d,20230609d1743.jpg,20230609d1743.txt
train,_bee_20230609d,20230609d1746.jpg,20230609d1746.txt
train,_bee_20230609d,20230609d1749.jpg,20230609d1749.txt
train,_bee_20230609d,20230609d1752.jpg,20230609d1752.txt
train,_bee_20230609d,20230609d1755.jpg,20230609d1755.txt
train,_bee_20230609d,20230609d1758.jpg,20230609d1758.txt
train,_bee_20230609d,20230609d1761.jpg,20230609d1761.txt
train,_bee_20230609d,20230609d1764.jpg,20230609d1764.txt
train,_bee_20230609d,20230609d1767.jpg,20230609d1767.txt
train,_bee_20230609d,20230609d1770.jpg,20230609d1770.txt
train,_bee_20230609d,20230609d1779.jpg,20230609d1779.txt
train,_bee_20230609d,20230609d1782.jpg,20230609d1782.txt
train,_bee_20230609d,20230609d1785.jpg,20230609d1785.txt
train,_bee_20230609d,20230609d1788.jpg,20230609d1788.txt
train,_bee_20230609d,20230609d1791.jpg,20230609d1791.txt
train,_bee_20230609d,20230609d1794.jpg,20230609d1794.txt
train,_bee_20230609d,20230609d1797.jpg,20230609d1797.txt
train,_bee_20230609d,20230609d1800.jpg,20230609d1800.txt
train,_bee_20230609d,20230609d1803.jpg,20230609d1803.txt
train,_bee_20230609d,20230609d1806.jpg,20230609d1806.txt
train,_bee_20230609d,20230609d1809.jpg,20230609d1809.txt
train,_bee_20230609d,20230609d1812.jpg,20230609d1812.txt
train,_bee_20230609d,20230609d1815.jpg,20230609d1815.txt
train,_bee_20230609d,20230609d1818.jpg,20230609d1818.txt
train,_bee_20230609d,20230609d1821.jpg,20230609d1821.txt
train,_bee_20230609d,20230609d1824.jpg,20230609d1824.txt
train,_bee_20230609d,20230609d1827.jpg,20230609d1827.txt
train,_bee_20230609d,20230609d1830.jpg,20230609d1830.txt
train,_bee_20230609d,20230609d1833.jpg,20230609d1833.txt
train,_bee_20230609d,20230609d1836.jpg,20230609d1836.txt
train,_bee_20230609d,20230609d1839.jpg,20230609d1839.txt
train,_bee_20230609d,20230609d1842.jpg,20230609d1842.txt
train,_bee_20230609d,20230609d1845.jpg,20230609d1845.txt
train,_bee_20230609d,20230609d1848.jpg,20230609d1848.txt
train,_bee_20230609d,20230609d1851.jpg,20230609d1851.txt
train,_bee_20230609d,20230609d1854.jpg,20230609d1854.txt
train,_bee_20230609d,20230609d1857.jpg,20230609d1857.txt
train,_bee_20230609d,20230609d1860.jpg,20230609d1860.txt
train,_bee_20230609d,20230609d1863.jpg,20230609d1863.txt
train,_bee_20230609d,20230609d1866.jpg,20230609d1866.txt
train,_bee_20230609d,20230609d1869.jpg,20230609d1869.txt
train,_bee_20230609d,20230609d1872.jpg,20230609d1872.txt
train,_bee_20230609d,20230609d1875.jpg,20230609d1875.txt
train,_bee_20230609d,20230609d1878.jpg,20230609d1878.txt
train,_bee_20230609d,20230609d1881.jpg,20230609d1881.txt
train,_bee_20230609d,20230609d1884.jpg,20230609d1884.txt
train,_bee_20230609d,20230609d1887.jpg,20230609d1887.txt
train,_bee_20230609d,20230609d1890.jpg,20230609d1890.txt
train,_bee_20230609d,20230609d1893.jpg,20230609d1893.txt
train,_bee_20230609d,20230609d1896.jpg,20230609d1896.txt
train,_bee_20230609d,20230609d1899.jpg,20230609d1899.txt
train,_bee_20230609d,20230609d1902.jpg,20230609d1902.txt
train,_bee_20230609d,20230609d1905.jpg,20230609d1905.txt
train,_bee_20230609d,20230609d1908.jpg,20230609d1908.txt
train,_bee_20230609d,20230609d1911.jpg,20230609d1911.txt
train,_bee_20230609d,20230609d1914.jpg,20230609d1914.txt
train,_bee_20230609d,20230609d1917.jpg,20230609d1917.txt
train,_bee_20230609d,20230609d192.jpg,20230609d192.txt
train,_bee_20230609d,20230609d1920.jpg,20230609d1920.txt
train,_bee_20230609d,20230609d1923.jpg,20230609d1923.txt
train,_bee_20230609d,20230609d1926.jpg,20230609d1926.txt
train,_bee_20230609d,20230609d1929.jpg,20230609d1929.txt
train,_bee_20230609d,20230609d1932.jpg,20230609d1932.txt
train,_bee_20230609d,20230609d1935.jpg,20230609d1935.txt
train,_bee_20230609d,20230609d1938.jpg,20230609d1938.txt
train,_bee_20230609d,20230609d1941.jpg,20230609d1941.txt
train,_bee_20230609d,20230609d1944.jpg,20230609d1944.txt
train,_bee_20230609d,20230609d1947.jpg,20230609d1947.txt
train,_bee_20230609d,20230609d195.jpg,20230609d195.txt
train,_bee_20230609d,20230609d1950.jpg,20230609d1950.txt
train,_bee_20230609d,20230609d1953.jpg,20230609d1953.txt
train,_bee_20230609d,20230609d1956.jpg,20230609d1956.txt
train,_bee_20230609d,20230609d1959.jpg,20230609d1959.txt
train,_bee_20230609d,20230609d1962.jpg,20230609d1962.txt
train,_bee_20230609d,20230609d1965.jpg,20230609d1965.txt
train,_bee_20230609d,20230609d1968.jpg,20230609d1968.txt
train,_bee_20230609d,20230609d1971.jpg,20230609d1971.txt
train,_bee_20230609d,20230609d1974.jpg,20230609d1974.txt
train,_bee_20230609d,20230609d1977.jpg,20230609d1977.txt
train,_bee_20230609d,20230609d198.jpg,20230609d198.txt
train,_bee_20230609d,20230609d1980.jpg,20230609d1980.txt
train,_bee_20230609d,20230609d1983.jpg,20230609d1983.txt
train,_bee_20230609d,20230609d1986.jpg,20230609d1986.txt
train,_bee_20230609d,20230609d1989.jpg,20230609d1989.txt
train,_bee_20230609d,20230609d1992.jpg,20230609d1992.txt
train,_bee_20230609d,20230609d1995.jpg,20230609d1995.txt
train,_bee_20230609d,20230609d1998.jpg,20230609d1998.txt
train,_bee_20230609d,20230609d2001.jpg,20230609d2001.txt
train,_bee_20230609d,20230609d2004.jpg,20230609d2004.txt
train,_bee_20230609d,20230609d2007.jpg,20230609d2007.txt
train,_bee_20230609d,20230609d201.jpg,20230609d201.txt
train,_bee_20230609d,20230609d2010.jpg,20230609d2010.txt
train,_bee_20230609d,20230609d2013.jpg,20230609d2013.txt
train,_bee_20230609d,20230609d2016.jpg,20230609d2016.txt
train,_bee_20230609d,20230609d2019.jpg,20230609d2019.txt
train,_bee_20230609d,20230609d2022.jpg,20230609d2022.txt
train,_bee_20230609d,20230609d2025.jpg,20230609d2025.txt
train,_bee_20230609d,20230609d204.jpg,20230609d204.txt
train,_bee_20230609d,20230609d2043.jpg,20230609d2043.txt
train,_bee_20230609d,20230609d2046.jpg,20230609d2046.txt
train,_bee_20230609d,20230609d2049.jpg,20230609d2049.txt
train,_bee_20230609d,20230609d2052.jpg,20230609d2052.txt
train,_bee_20230609d,20230609d2055.jpg,20230609d2055.txt
train,_bee_20230609d,20230609d2058.jpg,20230609d2058.txt
train,_bee_20230609d,20230609d2061.jpg,20230609d2061.txt
train,_bee_20230609d,20230609d2064.jpg,20230609d2064.txt
train,_bee_20230609d,20230609d2067.jpg,20230609d2067.txt
train,_bee_20230609d,20230609d207.jpg,20230609d207.txt
train,_bee_20230609d,20230609d2070.jpg,20230609d2070.txt
train,_bee_20230609d,20230609d2073.jpg,20230609d2073.txt
train,_bee_20230609d,20230609d2076.jpg,20230609d2076.txt
train,_bee_20230609d,20230609d2079.jpg,20230609d2079.txt
train,_bee_20230609d,20230609d2082.jpg,20230609d2082.txt
train,_bee_20230609d,20230609d2085.jpg,20230609d2085.txt
train,_bee_20230609d,20230609d2088.jpg,20230609d2088.txt
train,_bee_20230609d,20230609d2091.jpg,20230609d2091.txt
train,_bee_20230609d,20230609d2094.jpg,20230609d2094.txt
train,_bee_20230609d,20230609d2097.jpg,20230609d2097.txt
train,_bee_20230609d,20230609d210.jpg,20230609d210.txt
train,_bee_20230609d,20230609d2100.jpg,20230609d2100.txt
train,_bee_20230609d,20230609d2103.jpg,20230609d2103.txt
train,_bee_20230609d,20230609d2106.jpg,20230609d2106.txt
train,_bee_20230609d,20230609d2109.jpg,20230609d2109.txt
train,_bee_20230609d,20230609d2112.jpg,20230609d2112.txt
train,_bee_20230609d,20230609d2115.jpg,20230609d2115.txt
train,_bee_20230609d,20230609d2118.jpg,20230609d2118.txt
train,_bee_20230609d,20230609d2121.jpg,20230609d2121.txt
train,_bee_20230609d,20230609d2124.jpg,20230609d2124.txt
train,_bee_20230609d,20230609d2127.jpg,20230609d2127.txt
train,_bee_20230609d,20230609d213.jpg,20230609d213.txt
train,_bee_20230609d,20230609d2130.jpg,20230609d2130.txt
train,_bee_20230609d,20230609d2133.jpg,20230609d2133.txt
train,_bee_20230609d,20230609d2136.jpg,20230609d2136.txt
train,_bee_20230609d,20230609d2139.jpg,20230609d2139.txt
train,_bee_20230609d,20230609d2142.jpg,20230609d2142.txt
train,_bee_20230609d,20230609d2145.jpg,20230609d2145.txt
train,_bee_20230609d,20230609d2148.jpg,20230609d2148.txt
train,_bee_20230609d,20230609d2151.jpg,20230609d2151.txt
train,_bee_20230609d,20230609d2154.jpg,20230609d2154.txt
train,_bee_20230609d,20230609d2157.jpg,20230609d2157.txt
train,_bee_20230609d,20230609d216.jpg,20230609d216.txt
train,_bee_20230609d,20230609d2160.jpg,20230609d2160.txt
train,_bee_20230609d,20230609d219.jpg,20230609d219.txt
train,_bee_20230609d,20230609d222.jpg,20230609d222.txt
train,_bee_20230609d,20230609d225.jpg,20230609d225.txt
train,_bee_20230609d,20230609d228.jpg,20230609d228.txt
train,_bee_20230609d,20230609d231.jpg,20230609d231.txt
train,_bee_20230609d,20230609d234.jpg,20230609d234.txt
train,_bee_20230609d,20230609d237.jpg,20230609d237.txt
train,_bee_20230609d,20230609d240.jpg,20230609d240.txt
train,_bee_20230609d,20230609d243.jpg,20230609d243.txt
train,_bee_20230609d,20230609d246.jpg,20230609d246.txt
train,_bee_20230609d,20230609d249.jpg,20230609d249.txt
train,_bee_20230609d,20230609d252.jpg,20230609d252.txt
train,_bee_20230609d,20230609d255.jpg,20230609d255.txt
train,_bee_20230609d,20230609d258.jpg,20230609d258.txt
train,_bee_20230609d,20230609d261.jpg,20230609d261.txt
train,_bee_20230609d,20230609d264.jpg,20230609d264.txt
train,_bee_20230609d,20230609d267.jpg,20230609d267.txt
train,_bee_20230609d,20230609d270.jpg,20230609d270.txt
train,_bee_20230609d,20230609d273.jpg,20230609d273.txt
train,_bee_20230609d,20230609d276.jpg,20230609d276.txt
train,_bee_20230609d,20230609d279.jpg,20230609d279.txt
train,_bee_20230609d,20230609d282.jpg,20230609d282.txt
train,_bee_20230609d,20230609d285.jpg,20230609d285.txt
train,_bee_20230609d,20230609d288.jpg,20230609d288.txt
train,_bee_20230609d,20230609d291.jpg,20230609d291.txt
train,_bee_20230609d,20230609d294.jpg,20230609d294.txt
train,_bee_20230609d,20230609d297.jpg,20230609d297.txt
train,_bee_20230609d,20230609d300.jpg,20230609d300.txt
train,_bee_20230609d,20230609d303.jpg,20230609d303.txt
train,_bee_20230609d,20230609d306.jpg,20230609d306.txt
train,_bee_20230609d,20230609d309.jpg,20230609d309.txt
train,_bee_20230609d,20230609d312.jpg,20230609d312.txt
train,_bee_20230609d,20230609d315.jpg,20230609d315.txt
train,_bee_20230609d,20230609d318.jpg,20230609d318.txt
train,_bee_20230609d,20230609d321.jpg,20230609d321.txt
train,_bee_20230609d,20230609d324.jpg,20230609d324.txt
train,_bee_20230609d,20230609d327.jpg,20230609d327.txt
train,_bee_20230609d,20230609d330.jpg,20230609d330.txt
train,_bee_20230609d,20230609d333.jpg,20230609d333.txt
train,_bee_20230609d,20230609d336.jpg,20230609d336.txt
train,_bee_20230609d,20230609d339.jpg,20230609d339.txt
train,_bee_20230609d,20230609d342.jpg,20230609d342.txt
train,_bee_20230609d,20230609d345.jpg,20230609d345.txt
train,_bee_20230609d,20230609d348.jpg,20230609d348.txt
train,_bee_20230609d,20230609d351.jpg,20230609d351.txt
train,_bee_20230609d,20230609d354.jpg,20230609d354.txt
train,_bee_20230609d,20230609d357.jpg,20230609d357.txt
train,_bee_20230609d,20230609d360.jpg,20230609d360.txt
train,_bee_20230609d,20230609d363.jpg,20230609d363.txt
train,_bee_20230609d,20230609d366.jpg,20230609d366.txt
train,_bee_20230609d,20230609d369.jpg,20230609d369.txt
train,_bee_20230609d,20230609d372.jpg,20230609d372.txt
train,_bee_20230609d,20230609d375.jpg,20230609d375.txt
train,_bee_20230609d,20230609d378.jpg,20230609d378.txt
train,_bee_20230609d,20230609d381.jpg,20230609d381.txt
train,_bee_20230609d,20230609d384.jpg,20230609d384.txt
train,_bee_20230609d,20230609d387.jpg,20230609d387.txt
train,_bee_20230609d,20230609d390.jpg,20230609d390.txt
train,_bee_20230609d,20230609d393.jpg,20230609d393.txt
train,_bee_20230609d,20230609d396.jpg,20230609d396.txt
train,_bee_20230609d,20230609d399.jpg,20230609d399.txt
train,_bee_20230609d,20230609d402.jpg,20230609d402.txt
train,_bee_20230609d,20230609d405.jpg,20230609d405.txt
train,_bee_20230609d,20230609d408.jpg,20230609d408.txt
train,_bee_20230609d,20230609d411.jpg,20230609d411.txt
train,_bee_20230609d,20230609d414.jpg,20230609d414.txt
train,_bee_20230609d,20230609d417.jpg,20230609d417.txt
train,_bee_20230609d,20230609d420.jpg,20230609d420.txt
train,_bee_20230609d,20230609d423.jpg,20230609d423.txt
train,_bee_20230609d,20230609d426.jpg,20230609d426.txt
train,_bee_20230609d,20230609d429.jpg,20230609d429.txt
train,_bee_20230609d,20230609d432.jpg,20230609d432.txt
train,_bee_20230609d,20230609d435.jpg,20230609d435.txt
train,_bee_20230609d,20230609d438.jpg,20230609d438.txt
train,_bee_20230609d,20230609d441.jpg,20230609d441.txt
train,_bee_20230609d,20230609d444.jpg,20230609d444.txt
train,_bee_20230609d,20230609d447.jpg,20230609d447.txt
train,_bee_20230609d,20230609d450.jpg,20230609d450.txt
train,_bee_20230609d,20230609d453.jpg,20230609d453.txt
train,_bee_20230609d,20230609d456.jpg,20230609d456.txt
train,_bee_20230609d,20230609d459.jpg,20230609d459.txt
train,_bee_20230609d,20230609d462.jpg,20230609d462.txt
train,_bee_20230609d,20230609d465.jpg,20230609d465.txt
train,_bee_20230609d,20230609d468.jpg,20230609d468.txt
train,_bee_20230609d,20230609d471.jpg,20230609d471.txt
train,_bee_20230609d,20230609d474.jpg,20230609d474.txt
train,_bee_20230609d,20230609d477.jpg,20230609d477.txt
train,_bee_20230609d,20230609d480.jpg,20230609d480.txt
train,_bee_20230609d,20230609d483.jpg,20230609d483.txt
train,_bee_20230609d,20230609d486.jpg,20230609d486.txt
train,_bee_20230609d,20230609d489.jpg,20230609d489.txt
train,_bee_20230609d,20230609d492.jpg,20230609d492.txt
train,_bee_20230609d,20230609d495.jpg,20230609d495.txt
train,_bee_20230609d,20230609d498.jpg,20230609d498.txt
train,_bee_20230609d,20230609d501.jpg,20230609d501.txt
train,_bee_20230609d,20230609d504.jpg,20230609d504.txt
train,_bee_20230609d,20230609d507.jpg,20230609d507.txt
train,_bee_20230609d,20230609d510.jpg,20230609d510.txt
train,_bee_20230609d,20230609d513.jpg,20230609d513.txt
train,_bee_20230609d,20230609d516.jpg,20230609d516.txt
train,_bee_20230609d,20230609d519.jpg,20230609d519.txt
train,_bee_20230609d,20230609d522.jpg,20230609d522.txt
train,_bee_20230609d,20230609d525.jpg,20230609d525.txt
train,_bee_20230609d,20230609d528.jpg,20230609d528.txt
train,_bee_20230609d,20230609d531.jpg,20230609d531.txt
train,_bee_20230609d,20230609d534.jpg,20230609d534.txt
train,_bee_20230609d,20230609d537.jpg,20230609d537.txt
train,_bee_20230609d,20230609d540.jpg,20230609d540.txt
train,_bee_20230609d,20230609d543.jpg,20230609d543.txt
train,_bee_20230609d,20230609d546.jpg,20230609d546.txt
train,_bee_20230609d,20230609d549.jpg,20230609d549.txt
train,_bee_20230609d,20230609d552.jpg,20230609d552.txt
train,_bee_20230609d,20230609d555.jpg,20230609d555.txt
train,_bee_20230609d,20230609d558.jpg,20230609d558.txt
train,_bee_20230609d,20230609d561.jpg,20230609d561.txt
train,_bee_20230609d,20230609d564.jpg,20230609d564.txt
train,_bee_20230609d,20230609d567.jpg,20230609d567.txt
train,_bee_20230609d,20230609d570.jpg,20230609d570.txt
train,_bee_20230609d,20230609d573.jpg,20230609d573.txt
train,_bee_20230609d,20230609d576.jpg,20230609d576.txt
train,_bee_20230609d,20230609d579.jpg,20230609d579.txt
train,_bee_20230609d,20230609d582.jpg,20230609d582.txt
train,_bee_20230609d,20230609d585.jpg,20230609d585.txt
train,_bee_20230609d,20230609d588.jpg,20230609d588.txt
train,_bee_20230609d,20230609d591.jpg,20230609d591.txt
train,_bee_20230609d,20230609d594.jpg,20230609d594.txt
train,_bee_20230609d,20230609d597.jpg,20230609d597.txt
train,_bee_20230609d,20230609d600.jpg,20230609d600.txt
train,_bee_20230609d,20230609d603.jpg,20230609d603.txt
train,_bee_20230609d,20230609d606.jpg,20230609d606.txt
train,_bee_20230609d,20230609d609.jpg,20230609d609.txt
train,_bee_20230609d,20230609d612.jpg,20230609d612.txt
train,_bee_20230609d,20230609d615.jpg,20230609d615.txt
train,_bee_20230609d,20230609d618.jpg,20230609d618.txt
train,_bee_20230609d,20230609d621.jpg,20230609d621.txt
train,_bee_20230609d,20230609d624.jpg,20230609d624.txt
train,_bee_20230609d,20230609d627.jpg,20230609d627.txt
train,_bee_20230609d,20230609d630.jpg,20230609d630.txt
train,_bee_20230609d,20230609d633.jpg,20230609d633.txt
train,_bee_20230609d,20230609d636.jpg,20230609d636.txt
train,_bee_20230609d,20230609d639.jpg,20230609d639.txt
train,_bee_20230609d,20230609d642.jpg,20230609d642.txt
train,_bee_20230609d,20230609d645.jpg,20230609d645.txt
train,_bee_20230609d,20230609d648.jpg,20230609d648.txt
train,_bee_20230609d,20230609d651.jpg,20230609d651.txt
train,_bee_20230609d,20230609d654.jpg,20230609d654.txt
train,_bee_20230609d,20230609d657.jpg,20230609d657.txt
train,_bee_20230609d,20230609d660.jpg,20230609d660.txt
train,_bee_20230609d,20230609d663.jpg,20230609d663.txt
train,_bee_20230609d,20230609d666.jpg,20230609d666.txt
train,_bee_20230609d,20230609d669.jpg,20230609d669.txt
train,_bee_20230609d,20230609d672.jpg,20230609d672.txt
train,_bee_20230609d,20230609d675.jpg,20230609d675.txt
train,_bee_20230609d,20230609d678.jpg,20230609d678.txt
train,_bee_20230609d,20230609d681.jpg,20230609d681.txt
train,_bee_20230609d,20230609d684.jpg,20230609d684.txt
train,_bee_20230609d,20230609d687.jpg,20230609d687.txt
train,_bee_20230609d,20230609d690.jpg,20230609d690.txt
train,_bee_20230609d,20230609d693.jpg,20230609d693.txt
train,_bee_20230609d,20230609d696.jpg,20230609d696.txt
train,_bee_20230609d,20230609d699.jpg,20230609d699.txt
train,_bee_20230609d,20230609d702.jpg,20230609d702.txt
train,_bee_20230609d,20230609d705.jpg,20230609d705.txt
train,_bee_20230609d,20230609d708.jpg,20230609d708.txt
train,_bee_20230609d,20230609d711.jpg,20230609d711.txt
train,_bee_20230609d,20230609d714.jpg,20230609d714.txt
train,_bee_20230609d,20230609d717.jpg,20230609d717.txt
train,_bee_20230609d,20230609d720.jpg,20230609d720.txt
train,_bee_20230609d,20230609d723.jpg,20230609d723.txt
train,_bee_20230609d,20230609d726.jpg,20230609d726.txt
train,_bee_20230609d,20230609d729.jpg,20230609d729.txt
train,_bee_20230609d,20230609d732.jpg,20230609d732.txt
train,_bee_20230609d,20230609d735.jpg,20230609d735.txt
train,_bee_20230609d,20230609d738.jpg,20230609d738.txt
train,_bee_20230609d,20230609d741.jpg,20230609d741.txt
train,_bee_20230609d,20230609d744.jpg,20230609d744.txt
train,_bee_20230609d,20230609d747.jpg,20230609d747.txt
train,_bee_20230609d,20230609d750.jpg,20230609d750.txt
train,_bee_20230609d,20230609d753.jpg,20230609d753.txt
train,_bee_20230609d,20230609d756.jpg,20230609d756.txt
train,_bee_20230609d,20230609d759.jpg,20230609d759.txt
train,_bee_20230609d,20230609d762.jpg,20230609d762.txt
train,_bee_20230609d,20230609d765.jpg,20230609d765.txt
train,_bee_20230609d,20230609d768.jpg,20230609d768.txt
train,_bee_20230609d,20230609d771.jpg,20230609d771.txt
train,_bee_20230609d,20230609d774.jpg,20230609d774.txt
train,_bee_20230609d,20230609d777.jpg,20230609d777.txt
train,_bee_20230609d,20230609d780.jpg,20230609d780.txt
train,_bee_20230609d,20230609d783.jpg,20230609d783.txt
train,_bee_20230609d,20230609d786.jpg,20230609d786.txt
train,_bee_20230609d,20230609d789.jpg,20230609d789.txt
train,_bee_20230609d,20230609d792.jpg,20230609d792.txt
train,_bee_20230609d,20230609d795.jpg,20230609d795.txt
train,_bee_20230609d,20230609d798.jpg,20230609d798.txt
train,_bee_20230609d,20230609d801.jpg,20230609d801.txt
train,_bee_20230609d,20230609d804.jpg,20230609d804.txt
train,_bee_20230609d,20230609d807.jpg,20230609d807.txt
train,_bee_20230609d,20230609d810.jpg,20230609d810.txt
train,_bee_20230609d,20230609d813.jpg,20230609d813.txt
train,_bee_20230609d,20230609d816.jpg,20230609d816.txt
train,_bee_20230609d,20230609d819.jpg,20230609d819.txt
train,_bee_20230609d,20230609d822.jpg,20230609d822.txt
train,_bee_20230609d,20230609d825.jpg,20230609d825.txt
train,_bee_20230609d,20230609d828.jpg,20230609d828.txt
train,_bee_20230609d,20230609d831.jpg,20230609d831.txt
train,_bee_20230609d,20230609d834.jpg,20230609d834.txt
train,_bee_20230609d,20230609d837.jpg,20230609d837.txt
train,_bee_20230609d,20230609d840.jpg,20230609d840.txt
train,_bee_20230609d,20230609d843.jpg,20230609d843.txt
train,_bee_20230609d,20230609d846.jpg,20230609d846.txt
train,_bee_20230609d,20230609d849.jpg,20230609d849.txt
train,_bee_20230609d,20230609d852.jpg,20230609d852.txt
train,_bee_20230609d,20230609d855.jpg,20230609d855.txt
train,_bee_20230609d,20230609d858.jpg,20230609d858.txt
train,_bee_20230609d,20230609d861.jpg,20230609d861.txt
train,_bee_20230609d,20230609d864.jpg,20230609d864.txt
train,_bee_20230609d,20230609d867.jpg,20230609d867.txt
train,_bee_20230609d,20230609d870.jpg,20230609d870.txt
train,_bee_20230609d,20230609d873.jpg,20230609d873.txt
train,_bee_20230609d,20230609d876.jpg,20230609d876.txt
train,_bee_20230609d,20230609d879.jpg,20230609d879.txt
train,_bee_20230609d,20230609d882.jpg,20230609d882.txt
train,_bee_20230609d,20230609d885.jpg,20230609d885.txt
train,_bee_20230609d,20230609d888.jpg,20230609d888.txt
train,_bee_20230609d,20230609d891.jpg,20230609d891.txt
train,_bee_20230609d,20230609d894.jpg,20230609d894.txt
train,_bee_20230609d,20230609d897.jpg,20230609d897.txt
train,_bee_20230609d,20230609d900.jpg,20230609d900.txt
train,_bee_20230609d,20230609d903.jpg,20230609d903.txt
train,_bee_20230609d,20230609d906.jpg,20230609d906.txt
train,_bee_20230609d,20230609d909.jpg,20230609d909.txt
train,_bee_20230609d,20230609d912.jpg,20230609d912.txt
train,_bee_20230609d,20230609d915.jpg,20230609d915.txt
train,_bee_20230609d,20230609d918.jpg,20230609d918.txt
train,_bee_20230609d,20230609d921.jpg,20230609d921.txt
train,_bee_20230609d,20230609d924.jpg,20230609d924.txt
train,_bee_20230609d,20230609d927.jpg,20230609d927.txt
train,_bee_20230609d,20230609d930.jpg,20230609d930.txt
train,_bee_20230609d,20230609d933.jpg,20230609d933.txt
train,_bee_20230609d,20230609d936.jpg,20230609d936.txt
train,_bee_20230609d,20230609d939.jpg,20230609d939.txt
train,_bee_20230609d,20230609d942.jpg,20230609d942.txt
train,_bee_20230609d,20230609d945.jpg,20230609d945.txt
train,_bee_20230609d,20230609d948.jpg,20230609d948.txt
train,_bee_20230609d,20230609d951.jpg,20230609d951.txt
train,_bee_20230609d,20230609d954.jpg,20230609d954.txt
train,_bee_20230609d,20230609d957.jpg,20230609d957.txt
train,_bee_20230609d,20230609d960.jpg,20230609d960.txt
train,_bee_20230609d,20230609d963.jpg,20230609d963.txt
train,_bee_20230609d,20230609d966.jpg,20230609d966.txt
train,_bee_20230609d,20230609d969.jpg,20230609d969.txt
train,_bee_20230609d,20230609d972.jpg,20230609d972.txt
train,_bee_20230609d,20230609d975.jpg,20230609d975.txt
train,_bee_20230609d,20230609d978.jpg,20230609d978.txt
train,_bee_20230609d,20230609d981.jpg,20230609d981.txt
train,_bee_20230609d,20230609d984.jpg,20230609d984.txt
train,_bee_20230609d,20230609d987.jpg,20230609d987.txt
train,_bee_20230609d,20230609d990.jpg,20230609d990.txt
train,_bee_20230609d,20230609d993.jpg,20230609d993.txt
train,_bee_20230609d,20230609d996.jpg,20230609d996.txt
train,_bee_20230609d,20230609d999.jpg,20230609d999.txt
train,_bee_20230711a,20230711a0.jpg,20230711a0.txt
train,_bee_20230711a,20230711a10020.jpg,20230711a10020.txt
train,_bee_20230711a,20230711a10050.jpg,20230711a10050.txt
train,_bee_20230711a,20230711a10080.jpg,20230711a10080.txt
train,_bee_20230711a,20230711a10110.jpg,20230711a10110.txt
train,_bee_20230711a,20230711a10140.jpg,20230711a10140.txt
train,_bee_20230711a,20230711a10170.jpg,20230711a10170.txt
train,_bee_20230711a,20230711a1020.jpg,20230711a1020.txt
train,_bee_20230711a,20230711a10200.jpg,20230711a10200.txt
train,_bee_20230711a,20230711a10230.jpg,20230711a10230.txt
train,_bee_20230711a,20230711a10260.jpg,20230711a10260.txt
train,_bee_20230711a,20230711a10290.jpg,20230711a10290.txt
train,_bee_20230711a,20230711a10320.jpg,20230711a10320.txt
train,_bee_20230711a,20230711a10350.jpg,20230711a10350.txt
train,_bee_20230711a,20230711a10380.jpg,20230711a10380.txt
train,_bee_20230711a,20230711a10410.jpg,20230711a10410.txt
train,_bee_20230711a,20230711a10440.jpg,20230711a10440.txt
train,_bee_20230711a,20230711a10470.jpg,20230711a10470.txt
train,_bee_20230711a,20230711a1050.jpg,20230711a1050.txt
train,_bee_20230711a,20230711a10500.jpg,20230711a10500.txt
train,_bee_20230711a,20230711a10530.jpg,20230711a10530.txt
train,_bee_20230711a,20230711a10560.jpg,20230711a10560.txt
train,_bee_20230711a,20230711a10590.jpg,20230711a10590.txt
train,_bee_20230711a,20230711a10620.jpg,20230711a10620.txt
train,_bee_20230711a,20230711a10650.jpg,20230711a10650.txt
train,_bee_20230711a,20230711a10680.jpg,20230711a10680.txt
train,_bee_20230711a,20230711a10710.jpg,20230711a10710.txt
train,_bee_20230711a,20230711a10740.jpg,20230711a10740.txt
train,_bee_20230711a,20230711a10770.jpg,20230711a10770.txt
train,_bee_20230711a,20230711a1080.jpg,20230711a1080.txt
train,_bee_20230711a,20230711a10800.jpg,20230711a10800.txt
train,_bee_20230711a,20230711a10830.jpg,20230711a10830.txt
train,_bee_20230711a,20230711a10860.jpg,20230711a10860.txt
train,_bee_20230711a,20230711a10890.jpg,20230711a10890.txt
train,_bee_20230711a,20230711a10920.jpg,20230711a10920.txt
train,_bee_20230711a,20230711a10950.jpg,20230711a10950.txt
train,_bee_20230711a,20230711a10980.jpg,20230711a10980.txt
train,_bee_20230711a,20230711a11010.jpg,20230711a11010.txt
train,_bee_20230711a,20230711a11040.jpg,20230711a11040.txt
train,_bee_20230711a,20230711a11070.jpg,20230711a11070.txt
train,_bee_20230711a,20230711a1110.jpg,20230711a1110.txt
train,_bee_20230711a,20230711a11100.jpg,20230711a11100.txt
train,_bee_20230711a,20230711a11130.jpg,20230711a11130.txt
train,_bee_20230711a,20230711a11160.jpg,20230711a11160.txt
train,_bee_20230711a,20230711a11190.jpg,20230711a11190.txt
train,_bee_20230711a,20230711a11220.jpg,20230711a11220.txt
train,_bee_20230711a,20230711a11250.jpg,20230711a11250.txt
train,_bee_20230711a,20230711a11280.jpg,20230711a11280.txt
train,_bee_20230711a,20230711a11310.jpg,20230711a11310.txt
train,_bee_20230711a,20230711a11340.jpg,20230711a11340.txt
train,_bee_20230711a,20230711a11370.jpg,20230711a11370.txt
train,_bee_20230711a,20230711a1140.jpg,20230711a1140.txt
train,_bee_20230711a,20230711a11400.jpg,20230711a11400.txt
train,_bee_20230711a,20230711a11430.jpg,20230711a11430.txt
train,_bee_20230711a,20230711a11460.jpg,20230711a11460.txt
train,_bee_20230711a,20230711a11490.jpg,20230711a11490.txt
train,_bee_20230711a,20230711a11520.jpg,20230711a11520.txt
train,_bee_20230711a,20230711a11550.jpg,20230711a11550.txt
train,_bee_20230711a,20230711a11580.jpg,20230711a11580.txt
train,_bee_20230711a,20230711a11610.jpg,20230711a11610.txt
train,_bee_20230711a,20230711a11640.jpg,20230711a11640.txt
train,_bee_20230711a,20230711a11670.jpg,20230711a11670.txt
train,_bee_20230711a,20230711a1170.jpg,20230711a1170.txt
train,_bee_20230711a,20230711a11700.jpg,20230711a11700.txt
train,_bee_20230711a,20230711a11730.jpg,20230711a11730.txt
train,_bee_20230711a,20230711a11760.jpg,20230711a11760.txt
train,_bee_20230711a,20230711a11790.jpg,20230711a11790.txt
train,_bee_20230711a,20230711a11820.jpg,20230711a11820.txt
train,_bee_20230711a,20230711a11850.jpg,20230711a11850.txt
train,_bee_20230711a,20230711a11880.jpg,20230711a11880.txt
train,_bee_20230711a,20230711a11910.jpg,20230711a11910.txt
train,_bee_20230711a,20230711a11940.jpg,20230711a11940.txt
train,_bee_20230711a,20230711a11970.jpg,20230711a11970.txt
train,_bee_20230711a,20230711a120.jpg,20230711a120.txt
train,_bee_20230711a,20230711a1200.jpg,20230711a1200.txt
train,_bee_20230711a,20230711a12000.jpg,20230711a12000.txt
train,_bee_20230711a,20230711a12030.jpg,20230711a12030.txt
train,_bee_20230711a,20230711a12060.jpg,20230711a12060.txt
train,_bee_20230711a,20230711a12090.jpg,20230711a12090.txt
train,_bee_20230711a,20230711a12120.jpg,20230711a12120.txt
train,_bee_20230711a,20230711a12150.jpg,20230711a12150.txt
train,_bee_20230711a,20230711a12180.jpg,20230711a12180.txt
train,_bee_20230711a,20230711a12210.jpg,20230711a12210.txt
train,_bee_20230711a,20230711a12240.jpg,20230711a12240.txt
train,_bee_20230711a,20230711a12270.jpg,20230711a12270.txt
train,_bee_20230711a,20230711a1230.jpg,20230711a1230.txt
train,_bee_20230711a,20230711a12300.jpg,20230711a12300.txt
train,_bee_20230711a,20230711a12330.jpg,20230711a12330.txt
train,_bee_20230711a,20230711a12360.jpg,20230711a12360.txt
train,_bee_20230711a,20230711a12390.jpg,20230711a12390.txt
train,_bee_20230711a,20230711a12420.jpg,20230711a12420.txt
train,_bee_20230711a,20230711a12450.jpg,20230711a12450.txt
train,_bee_20230711a,20230711a12480.jpg,20230711a12480.txt
train,_bee_20230711a,20230711a12510.jpg,20230711a12510.txt
train,_bee_20230711a,20230711a12540.jpg,20230711a12540.txt
train,_bee_20230711a,20230711a12570.jpg,20230711a12570.txt
train,_bee_20230711a,20230711a1260.jpg,20230711a1260.txt
train,_bee_20230711a,20230711a12600.jpg,20230711a12600.txt
train,_bee_20230711a,20230711a12630.jpg,20230711a12630.txt
train,_bee_20230711a,20230711a12660.jpg,20230711a12660.txt
train,_bee_20230711a,20230711a12690.jpg,20230711a12690.txt
train,_bee_20230711a,20230711a12720.jpg,20230711a12720.txt
train,_bee_20230711a,20230711a12750.jpg,20230711a12750.txt
train,_bee_20230711a,20230711a12780.jpg,20230711a12780.txt
train,_bee_20230711a,20230711a12810.jpg,20230711a12810.txt
train,_bee_20230711a,20230711a12840.jpg,20230711a12840.txt
train,_bee_20230711a,20230711a12870.jpg,20230711a12870.txt
train,_bee_20230711a,20230711a1290.jpg,20230711a1290.txt
train,_bee_20230711a,20230711a12900.jpg,20230711a12900.txt
train,_bee_20230711a,20230711a12930.jpg,20230711a12930.txt
train,_bee_20230711a,20230711a12960.jpg,20230711a12960.txt
train,_bee_20230711a,20230711a12990.jpg,20230711a12990.txt
train,_bee_20230711a,20230711a13020.jpg,20230711a13020.txt
train,_bee_20230711a,20230711a13050.jpg,20230711a13050.txt
train,_bee_20230711a,20230711a13080.jpg,20230711a13080.txt
train,_bee_20230711a,20230711a13110.jpg,20230711a13110.txt
train,_bee_20230711a,20230711a13140.jpg,20230711a13140.txt
train,_bee_20230711a,20230711a13170.jpg,20230711a13170.txt
train,_bee_20230711a,20230711a1320.jpg,20230711a1320.txt
train,_bee_20230711a,20230711a13200.jpg,20230711a13200.txt
train,_bee_20230711a,20230711a13230.jpg,20230711a13230.txt
train,_bee_20230711a,20230711a13260.jpg,20230711a13260.txt
train,_bee_20230711a,20230711a13290.jpg,20230711a13290.txt
train,_bee_20230711a,20230711a13320.jpg,20230711a13320.txt
train,_bee_20230711a,20230711a13350.jpg,20230711a13350.txt
train,_bee_20230711a,20230711a13380.jpg,20230711a13380.txt
train,_bee_20230711a,20230711a13410.jpg,20230711a13410.txt
train,_bee_20230711a,20230711a13440.jpg,20230711a13440.txt
train,_bee_20230711a,20230711a13470.jpg,20230711a13470.txt
train,_bee_20230711a,20230711a1350.jpg,20230711a1350.txt
train,_bee_20230711a,20230711a13500.jpg,20230711a13500.txt
train,_bee_20230711a,20230711a13530.jpg,20230711a13530.txt
train,_bee_20230711a,20230711a13560.jpg,20230711a13560.txt
train,_bee_20230711a,20230711a13590.jpg,20230711a13590.txt
train,_bee_20230711a,20230711a13620.jpg,20230711a13620.txt
train,_bee_20230711a,20230711a13650.jpg,20230711a13650.txt
train,_bee_20230711a,20230711a13680.jpg,20230711a13680.txt
train,_bee_20230711a,20230711a13710.jpg,20230711a13710.txt
train,_bee_20230711a,20230711a13740.jpg,20230711a13740.txt
train,_bee_20230711a,20230711a13770.jpg,20230711a13770.txt
train,_bee_20230711a,20230711a1380.jpg,20230711a1380.txt
train,_bee_20230711a,20230711a13800.jpg,20230711a13800.txt
train,_bee_20230711a,20230711a13830.jpg,20230711a13830.txt
train,_bee_20230711a,20230711a13860.jpg,20230711a13860.txt
train,_bee_20230711a,20230711a13890.jpg,20230711a13890.txt
train,_bee_20230711a,20230711a13920.jpg,20230711a13920.txt
train,_bee_20230711a,20230711a13950.jpg,20230711a13950.txt
train,_bee_20230711a,20230711a13980.jpg,20230711a13980.txt
train,_bee_20230711a,20230711a14010.jpg,20230711a14010.txt
train,_bee_20230711a,20230711a14040.jpg,20230711a14040.txt
train,_bee_20230711a,20230711a14070.jpg,20230711a14070.txt
train,_bee_20230711a,20230711a1410.jpg,20230711a1410.txt
train,_bee_20230711a,20230711a14100.jpg,20230711a14100.txt
train,_bee_20230711a,20230711a14130.jpg,20230711a14130.txt
train,_bee_20230711a,20230711a14160.jpg,20230711a14160.txt
train,_bee_20230711a,20230711a14190.jpg,20230711a14190.txt
train,_bee_20230711a,20230711a14220.jpg,20230711a14220.txt
train,_bee_20230711a,20230711a14250.jpg,20230711a14250.txt
train,_bee_20230711a,20230711a14280.jpg,20230711a14280.txt
train,_bee_20230711a,20230711a14310.jpg,20230711a14310.txt
train,_bee_20230711a,20230711a14340.jpg,20230711a14340.txt
train,_bee_20230711a,20230711a14370.jpg,20230711a14370.txt
train,_bee_20230711a,20230711a1440.jpg,20230711a1440.txt
train,_bee_20230711a,20230711a14400.jpg,20230711a14400.txt
train,_bee_20230711a,20230711a14430.jpg,20230711a14430.txt
train,_bee_20230711a,20230711a14460.jpg,20230711a14460.txt
train,_bee_20230711a,20230711a14490.jpg,20230711a14490.txt
train,_bee_20230711a,20230711a14520.jpg,20230711a14520.txt
train,_bee_20230711a,20230711a14550.jpg,20230711a14550.txt
train,_bee_20230711a,20230711a14580.jpg,20230711a14580.txt
train,_bee_20230711a,20230711a14610.jpg,20230711a14610.txt
train,_bee_20230711a,20230711a14640.jpg,20230711a14640.txt
train,_bee_20230711a,20230711a14670.jpg,20230711a14670.txt
train,_bee_20230711a,20230711a1470.jpg,20230711a1470.txt
train,_bee_20230711a,20230711a14700.jpg,20230711a14700.txt
train,_bee_20230711a,20230711a14730.jpg,20230711a14730.txt
train,_bee_20230711a,20230711a14760.jpg,20230711a14760.txt
train,_bee_20230711a,20230711a14790.jpg,20230711a14790.txt
train,_bee_20230711a,20230711a14820.jpg,20230711a14820.txt
train,_bee_20230711a,20230711a14850.jpg,20230711a14850.txt
train,_bee_20230711a,20230711a14880.jpg,20230711a14880.txt
train,_bee_20230711a,20230711a14910.jpg,20230711a14910.txt
train,_bee_20230711a,20230711a14940.jpg,20230711a14940.txt
train,_bee_20230711a,20230711a14970.jpg,20230711a14970.txt
train,_bee_20230711a,20230711a150.jpg,20230711a150.txt
train,_bee_20230711a,20230711a1500.jpg,20230711a1500.txt
train,_bee_20230711a,20230711a15000.jpg,20230711a15000.txt
train,_bee_20230711a,20230711a15030.jpg,20230711a15030.txt
train,_bee_20230711a,20230711a15060.jpg,20230711a15060.txt
train,_bee_20230711a,20230711a15090.jpg,20230711a15090.txt
train,_bee_20230711a,20230711a15120.jpg,20230711a15120.txt
train,_bee_20230711a,20230711a15150.jpg,20230711a15150.txt
train,_bee_20230711a,20230711a15180.jpg,20230711a15180.txt
train,_bee_20230711a,20230711a15210.jpg,20230711a15210.txt
train,_bee_20230711a,20230711a15240.jpg,20230711a15240.txt
train,_bee_20230711a,20230711a15270.jpg,20230711a15270.txt
train,_bee_20230711a,20230711a1530.jpg,20230711a1530.txt
train,_bee_20230711a,20230711a15300.jpg,20230711a15300.txt
train,_bee_20230711a,20230711a15330.jpg,20230711a15330.txt
train,_bee_20230711a,20230711a15360.jpg,20230711a15360.txt
train,_bee_20230711a,20230711a15390.jpg,20230711a15390.txt
train,_bee_20230711a,20230711a15420.jpg,20230711a15420.txt
train,_bee_20230711a,20230711a15450.jpg,20230711a15450.txt
train,_bee_20230711a,20230711a15480.jpg,20230711a15480.txt
train,_bee_20230711a,20230711a15510.jpg,20230711a15510.txt
train,_bee_20230711a,20230711a15540.jpg,20230711a15540.txt
train,_bee_20230711a,20230711a15570.jpg,20230711a15570.txt
train,_bee_20230711a,20230711a1560.jpg,20230711a1560.txt
train,_bee_20230711a,20230711a15600.jpg,20230711a15600.txt
train,_bee_20230711a,20230711a15630.jpg,20230711a15630.txt
train,_bee_20230711a,20230711a15660.jpg,20230711a15660.txt
train,_bee_20230711a,20230711a15690.jpg,20230711a15690.txt
train,_bee_20230711a,20230711a15720.jpg,20230711a15720.txt
train,_bee_20230711a,20230711a15750.jpg,20230711a15750.txt
train,_bee_20230711a,20230711a15780.jpg,20230711a15780.txt
train,_bee_20230711a,20230711a15810.jpg,20230711a15810.txt
train,_bee_20230711a,20230711a15840.jpg,20230711a15840.txt
train,_bee_20230711a,20230711a15870.jpg,20230711a15870.txt
train,_bee_20230711a,20230711a1590.jpg,20230711a1590.txt
train,_bee_20230711a,20230711a15900.jpg,20230711a15900.txt
train,_bee_20230711a,20230711a15930.jpg,20230711a15930.txt
train,_bee_20230711a,20230711a15960.jpg,20230711a15960.txt
train,_bee_20230711a,20230711a15990.jpg,20230711a15990.txt
train,_bee_20230711a,20230711a16020.jpg,20230711a16020.txt
train,_bee_20230711a,20230711a16050.jpg,20230711a16050.txt
train,_bee_20230711a,20230711a16080.jpg,20230711a16080.txt
train,_bee_20230711a,20230711a16110.jpg,20230711a16110.txt
train,_bee_20230711a,20230711a16140.jpg,20230711a16140.txt
train,_bee_20230711a,20230711a16170.jpg,20230711a16170.txt
train,_bee_20230711a,20230711a1620.jpg,20230711a1620.txt
train,_bee_20230711a,20230711a16200.jpg,20230711a16200.txt
train,_bee_20230711a,20230711a16230.jpg,20230711a16230.txt
train,_bee_20230711a,20230711a16260.jpg,20230711a16260.txt
train,_bee_20230711a,20230711a16290.jpg,20230711a16290.txt
train,_bee_20230711a,20230711a16320.jpg,20230711a16320.txt
train,_bee_20230711a,20230711a16350.jpg,20230711a16350.txt
train,_bee_20230711a,20230711a16380.jpg,20230711a16380.txt
train,_bee_20230711a,20230711a16410.jpg,20230711a16410.txt
train,_bee_20230711a,20230711a16440.jpg,20230711a16440.txt
train,_bee_20230711a,20230711a16470.jpg,20230711a16470.txt
train,_bee_20230711a,20230711a1650.jpg,20230711a1650.txt
train,_bee_20230711a,20230711a16500.jpg,20230711a16500.txt
train,_bee_20230711a,20230711a16530.jpg,20230711a16530.txt
train,_bee_20230711a,20230711a16560.jpg,20230711a16560.txt
train,_bee_20230711a,20230711a16590.jpg,20230711a16590.txt
train,_bee_20230711a,20230711a16620.jpg,20230711a16620.txt
train,_bee_20230711a,20230711a16650.jpg,20230711a16650.txt
train,_bee_20230711a,20230711a16680.jpg,20230711a16680.txt
train,_bee_20230711a,20230711a16710.jpg,20230711a16710.txt
train,_bee_20230711a,20230711a16740.jpg,20230711a16740.txt
train,_bee_20230711a,20230711a16770.jpg,20230711a16770.txt
train,_bee_20230711a,20230711a1680.jpg,20230711a1680.txt
train,_bee_20230711a,20230711a16800.jpg,20230711a16800.txt
train,_bee_20230711a,20230711a16830.jpg,20230711a16830.txt
train,_bee_20230711a,20230711a16860.jpg,20230711a16860.txt
train,_bee_20230711a,20230711a16890.jpg,20230711a16890.txt
train,_bee_20230711a,20230711a16920.jpg,20230711a16920.txt
train,_bee_20230711a,20230711a16950.jpg,20230711a16950.txt
train,_bee_20230711a,20230711a16980.jpg,20230711a16980.txt
train,_bee_20230711a,20230711a17010.jpg,20230711a17010.txt
train,_bee_20230711a,20230711a17040.jpg,20230711a17040.txt
train,_bee_20230711a,20230711a17070.jpg,20230711a17070.txt
train,_bee_20230711a,20230711a1710.jpg,20230711a1710.txt
train,_bee_20230711a,20230711a17100.jpg,20230711a17100.txt
train,_bee_20230711a,20230711a17130.jpg,20230711a17130.txt
train,_bee_20230711a,20230711a17160.jpg,20230711a17160.txt
train,_bee_20230711a,20230711a17190.jpg,20230711a17190.txt
train,_bee_20230711a,20230711a17220.jpg,20230711a17220.txt
train,_bee_20230711a,20230711a17250.jpg,20230711a17250.txt
train,_bee_20230711a,20230711a17280.jpg,20230711a17280.txt
train,_bee_20230711a,20230711a17310.jpg,20230711a17310.txt
train,_bee_20230711a,20230711a17340.jpg,20230711a17340.txt
train,_bee_20230711a,20230711a17370.jpg,20230711a17370.txt
train,_bee_20230711a,20230711a1740.jpg,20230711a1740.txt
train,_bee_20230711a,20230711a17400.jpg,20230711a17400.txt
train,_bee_20230711a,20230711a17430.jpg,20230711a17430.txt
train,_bee_20230711a,20230711a17460.jpg,20230711a17460.txt
train,_bee_20230711a,20230711a17490.jpg,20230711a17490.txt
train,_bee_20230711a,20230711a17520.jpg,20230711a17520.txt
train,_bee_20230711a,20230711a17550.jpg,20230711a17550.txt
train,_bee_20230711a,20230711a17580.jpg,20230711a17580.txt
train,_bee_20230711a,20230711a17610.jpg,20230711a17610.txt
train,_bee_20230711a,20230711a17640.jpg,20230711a17640.txt
train,_bee_20230711a,20230711a17670.jpg,20230711a17670.txt
train,_bee_20230711a,20230711a1770.jpg,20230711a1770.txt
train,_bee_20230711a,20230711a17700.jpg,20230711a17700.txt
train,_bee_20230711a,20230711a17730.jpg,20230711a17730.txt
train,_bee_20230711a,20230711a17760.jpg,20230711a17760.txt
train,_bee_20230711a,20230711a17790.jpg,20230711a17790.txt
train,_bee_20230711a,20230711a17820.jpg,20230711a17820.txt
train,_bee_20230711a,20230711a17850.jpg,20230711a17850.txt
train,_bee_20230711a,20230711a17880.jpg,20230711a17880.txt
train,_bee_20230711a,20230711a17910.jpg,20230711a17910.txt
train,_bee_20230711a,20230711a17940.jpg,20230711a17940.txt
train,_bee_20230711a,20230711a17970.jpg,20230711a17970.txt
train,_bee_20230711a,20230711a180.jpg,20230711a180.txt
train,_bee_20230711a,20230711a1800.jpg,20230711a1800.txt
train,_bee_20230711a,20230711a18000.jpg,20230711a18000.txt
train,_bee_20230711a,20230711a18030.jpg,20230711a18030.txt
train,_bee_20230711a,20230711a18060.jpg,20230711a18060.txt
train,_bee_20230711a,20230711a18090.jpg,20230711a18090.txt
train,_bee_20230711a,20230711a18120.jpg,20230711a18120.txt
train,_bee_20230711a,20230711a18150.jpg,20230711a18150.txt
train,_bee_20230711a,20230711a18180.jpg,20230711a18180.txt
train,_bee_20230711a,20230711a18210.jpg,20230711a18210.txt
train,_bee_20230711a,20230711a18240.jpg,20230711a18240.txt
train,_bee_20230711a,20230711a18270.jpg,20230711a18270.txt
train,_bee_20230711a,20230711a1830.jpg,20230711a1830.txt
train,_bee_20230711a,20230711a18300.jpg,20230711a18300.txt
train,_bee_20230711a,20230711a18330.jpg,20230711a18330.txt
train,_bee_20230711a,20230711a18360.jpg,20230711a18360.txt
train,_bee_20230711a,20230711a18390.jpg,20230711a18390.txt
train,_bee_20230711a,20230711a18420.jpg,20230711a18420.txt
train,_bee_20230711a,20230711a18450.jpg,20230711a18450.txt
train,_bee_20230711a,20230711a18480.jpg,20230711a18480.txt
train,_bee_20230711a,20230711a18510.jpg,20230711a18510.txt
train,_bee_20230711a,20230711a18540.jpg,20230711a18540.txt
train,_bee_20230711a,20230711a18570.jpg,20230711a18570.txt
train,_bee_20230711a,20230711a1860.jpg,20230711a1860.txt
train,_bee_20230711a,20230711a18600.jpg,20230711a18600.txt
train,_bee_20230711a,20230711a18630.jpg,20230711a18630.txt
train,_bee_20230711a,20230711a18660.jpg,20230711a18660.txt
train,_bee_20230711a,20230711a18690.jpg,20230711a18690.txt
train,_bee_20230711a,20230711a18720.jpg,20230711a18720.txt
train,_bee_20230711a,20230711a18750.jpg,20230711a18750.txt
train,_bee_20230711a,20230711a18780.jpg,20230711a18780.txt
train,_bee_20230711a,20230711a18810.jpg,20230711a18810.txt
train,_bee_20230711a,20230711a18840.jpg,20230711a18840.txt
train,_bee_20230711a,20230711a18870.jpg,20230711a18870.txt
train,_bee_20230711a,20230711a1890.jpg,20230711a1890.txt
train,_bee_20230711a,20230711a18900.jpg,20230711a18900.txt
train,_bee_20230711a,20230711a18930.jpg,20230711a18930.txt
train,_bee_20230711a,20230711a18960.jpg,20230711a18960.txt
train,_bee_20230711a,20230711a18990.jpg,20230711a18990.txt
train,_bee_20230711a,20230711a19020.jpg,20230711a19020.txt
train,_bee_20230711a,20230711a19050.jpg,20230711a19050.txt
train,_bee_20230711a,20230711a19080.jpg,20230711a19080.txt
train,_bee_20230711a,20230711a19110.jpg,20230711a19110.txt
train,_bee_20230711a,20230711a19140.jpg,20230711a19140.txt
train,_bee_20230711a,20230711a19170.jpg,20230711a19170.txt
train,_bee_20230711a,20230711a1920.jpg,20230711a1920.txt
train,_bee_20230711a,20230711a19200.jpg,20230711a19200.txt
train,_bee_20230711a,20230711a19230.jpg,20230711a19230.txt
train,_bee_20230711a,20230711a19260.jpg,20230711a19260.txt
train,_bee_20230711a,20230711a19290.jpg,20230711a19290.txt
train,_bee_20230711a,20230711a19320.jpg,20230711a19320.txt
train,_bee_20230711a,20230711a19350.jpg,20230711a19350.txt
train,_bee_20230711a,20230711a19380.jpg,20230711a19380.txt
train,_bee_20230711a,20230711a19410.jpg,20230711a19410.txt
train,_bee_20230711a,20230711a19440.jpg,20230711a19440.txt
train,_bee_20230711a,20230711a19470.jpg,20230711a19470.txt
train,_bee_20230711a,20230711a1950.jpg,20230711a1950.txt
train,_bee_20230711a,20230711a19500.jpg,20230711a19500.txt
train,_bee_20230711a,20230711a19530.jpg,20230711a19530.txt
train,_bee_20230711a,20230711a19560.jpg,20230711a19560.txt
train,_bee_20230711a,20230711a19590.jpg,20230711a19590.txt
train,_bee_20230711a,20230711a19620.jpg,20230711a19620.txt
train,_bee_20230711a,20230711a19650.jpg,20230711a19650.txt
train,_bee_20230711a,20230711a19680.jpg,20230711a19680.txt
train,_bee_20230711a,20230711a19710.jpg,20230711a19710.txt
train,_bee_20230711a,20230711a19740.jpg,20230711a19740.txt
train,_bee_20230711a,20230711a19770.jpg,20230711a19770.txt
train,_bee_20230711a,20230711a1980.jpg,20230711a1980.txt
train,_bee_20230711a,20230711a19800.jpg,20230711a19800.txt
train,_bee_20230711a,20230711a19830.jpg,20230711a19830.txt
train,_bee_20230711a,20230711a19860.jpg,20230711a19860.txt
train,_bee_20230711a,20230711a19890.jpg,20230711a19890.txt
train,_bee_20230711a,20230711a19920.jpg,20230711a19920.txt
train,_bee_20230711a,20230711a19950.jpg,20230711a19950.txt
train,_bee_20230711a,20230711a19980.jpg,20230711a19980.txt
train,_bee_20230711a,20230711a20010.jpg,20230711a20010.txt
train,_bee_20230711a,20230711a20040.jpg,20230711a20040.txt
train,_bee_20230711a,20230711a20070.jpg,20230711a20070.txt
train,_bee_20230711a,20230711a2010.jpg,20230711a2010.txt
train,_bee_20230711a,20230711a20100.jpg,20230711a20100.txt
train,_bee_20230711a,20230711a20130.jpg,20230711a20130.txt
train,_bee_20230711a,20230711a20160.jpg,20230711a20160.txt
train,_bee_20230711a,20230711a20190.jpg,20230711a20190.txt
train,_bee_20230711a,20230711a20220.jpg,20230711a20220.txt
train,_bee_20230711a,20230711a20250.jpg,20230711a20250.txt
train,_bee_20230711a,20230711a20280.jpg,20230711a20280.txt
train,_bee_20230711a,20230711a20310.jpg,20230711a20310.txt
train,_bee_20230711a,20230711a20340.jpg,20230711a20340.txt
train,_bee_20230711a,20230711a20370.jpg,20230711a20370.txt
train,_bee_20230711a,20230711a2040.jpg,20230711a2040.txt
train,_bee_20230711a,20230711a20400.jpg,20230711a20400.txt
train,_bee_20230711a,20230711a20430.jpg,20230711a20430.txt
train,_bee_20230711a,20230711a20460.jpg,20230711a20460.txt
train,_bee_20230711a,20230711a20490.jpg,20230711a20490.txt
train,_bee_20230711a,20230711a20520.jpg,20230711a20520.txt
train,_bee_20230711a,20230711a20550.jpg,20230711a20550.txt
train,_bee_20230711a,20230711a20580.jpg,20230711a20580.txt
train,_bee_20230711a,20230711a20610.jpg,20230711a20610.txt
train,_bee_20230711a,20230711a20640.jpg,20230711a20640.txt
train,_bee_20230711a,20230711a20670.jpg,20230711a20670.txt
train,_bee_20230711a,20230711a2070.jpg,20230711a2070.txt
train,_bee_20230711a,20230711a20700.jpg,20230711a20700.txt
train,_bee_20230711a,20230711a20730.jpg,20230711a20730.txt
train,_bee_20230711a,20230711a20760.jpg,20230711a20760.txt
train,_bee_20230711a,20230711a20790.jpg,20230711a20790.txt
train,_bee_20230711a,20230711a20820.jpg,20230711a20820.txt
train,_bee_20230711a,20230711a20850.jpg,20230711a20850.txt
train,_bee_20230711a,20230711a20880.jpg,20230711a20880.txt
train,_bee_20230711a,20230711a20910.jpg,20230711a20910.txt
train,_bee_20230711a,20230711a20940.jpg,20230711a20940.txt
train,_bee_20230711a,20230711a20970.jpg,20230711a20970.txt
train,_bee_20230711a,20230711a210.jpg,20230711a210.txt
train,_bee_20230711a,20230711a2100.jpg,20230711a2100.txt
train,_bee_20230711a,20230711a21000.jpg,20230711a21000.txt
train,_bee_20230711a,20230711a21030.jpg,20230711a21030.txt
train,_bee_20230711a,20230711a21060.jpg,20230711a21060.txt
train,_bee_20230711a,20230711a21090.jpg,20230711a21090.txt
train,_bee_20230711a,20230711a21120.jpg,20230711a21120.txt
train,_bee_20230711a,20230711a21150.jpg,20230711a21150.txt
train,_bee_20230711a,20230711a21180.jpg,20230711a21180.txt
train,_bee_20230711a,20230711a21210.jpg,20230711a21210.txt
train,_bee_20230711a,20230711a21240.jpg,20230711a21240.txt
train,_bee_20230711a,20230711a21270.jpg,20230711a21270.txt
train,_bee_20230711a,20230711a2130.jpg,20230711a2130.txt
train,_bee_20230711a,20230711a21300.jpg,20230711a21300.txt
train,_bee_20230711a,20230711a21330.jpg,20230711a21330.txt
train,_bee_20230711a,20230711a21360.jpg,20230711a21360.txt
train,_bee_20230711a,20230711a21390.jpg,20230711a21390.txt
train,_bee_20230711a,20230711a21420.jpg,20230711a21420.txt
train,_bee_20230711a,20230711a21450.jpg,20230711a21450.txt
train,_bee_20230711a,20230711a21480.jpg,20230711a21480.txt
train,_bee_20230711a,20230711a21510.jpg,20230711a21510.txt
train,_bee_20230711a,20230711a21540.jpg,20230711a21540.txt
train,_bee_20230711a,20230711a21570.jpg,20230711a21570.txt
train,_bee_20230711a,20230711a2160.jpg,20230711a2160.txt
train,_bee_20230711a,20230711a21600.jpg,20230711a21600.txt
train,_bee_20230711a,20230711a21630.jpg,20230711a21630.txt
train,_bee_20230711a,20230711a21660.jpg,20230711a21660.txt
train,_bee_20230711a,20230711a21690.jpg,20230711a21690.txt
train,_bee_20230711a,20230711a21720.jpg,20230711a21720.txt
train,_bee_20230711a,20230711a21750.jpg,20230711a21750.txt
train,_bee_20230711a,20230711a21780.jpg,20230711a21780.txt
train,_bee_20230711a,20230711a21810.jpg,20230711a21810.txt
train,_bee_20230711a,20230711a21840.jpg,20230711a21840.txt
train,_bee_20230711a,20230711a21870.jpg,20230711a21870.txt
train,_bee_20230711a,20230711a2190.jpg,20230711a2190.txt
train,_bee_20230711a,20230711a21900.jpg,20230711a21900.txt
train,_bee_20230711a,20230711a21930.jpg,20230711a21930.txt
train,_bee_20230711a,20230711a21960.jpg,20230711a21960.txt
train,_bee_20230711a,20230711a21990.jpg,20230711a21990.txt
train,_bee_20230711a,20230711a22020.jpg,20230711a22020.txt
train,_bee_20230711a,20230711a22050.jpg,20230711a22050.txt
train,_bee_20230711a,20230711a22080.jpg,20230711a22080.txt
train,_bee_20230711a,20230711a22110.jpg,20230711a22110.txt
train,_bee_20230711a,20230711a22140.jpg,20230711a22140.txt
train,_bee_20230711a,20230711a22170.jpg,20230711a22170.txt
train,_bee_20230711a,20230711a2220.jpg,20230711a2220.txt
train,_bee_20230711a,20230711a22200.jpg,20230711a22200.txt
train,_bee_20230711a,20230711a22230.jpg,20230711a22230.txt
train,_bee_20230711a,20230711a22260.jpg,20230711a22260.txt
train,_bee_20230711a,20230711a22290.jpg,20230711a22290.txt
train,_bee_20230711a,20230711a22320.jpg,20230711a22320.txt
train,_bee_20230711a,20230711a22350.jpg,20230711a22350.txt
train,_bee_20230711a,20230711a22380.jpg,20230711a22380.txt
train,_bee_20230711a,20230711a22410.jpg,20230711a22410.txt
train,_bee_20230711a,20230711a22440.jpg,20230711a22440.txt
train,_bee_20230711a,20230711a22470.jpg,20230711a22470.txt
train,_bee_20230711a,20230711a2250.jpg,20230711a2250.txt
train,_bee_20230711a,20230711a22500.jpg,20230711a22500.txt
train,_bee_20230711a,20230711a22530.jpg,20230711a22530.txt
train,_bee_20230711a,20230711a22560.jpg,20230711a22560.txt
train,_bee_20230711a,20230711a22590.jpg,20230711a22590.txt
train,_bee_20230711a,20230711a22620.jpg,20230711a22620.txt
train,_bee_20230711a,20230711a22650.jpg,20230711a22650.txt
train,_bee_20230711a,20230711a22680.jpg,20230711a22680.txt
train,_bee_20230711a,20230711a22710.jpg,20230711a22710.txt
train,_bee_20230711a,20230711a22740.jpg,20230711a22740.txt
train,_bee_20230711a,20230711a22770.jpg,20230711a22770.txt
train,_bee_20230711a,20230711a2280.jpg,20230711a2280.txt
train,_bee_20230711a,20230711a22800.jpg,20230711a22800.txt
train,_bee_20230711a,20230711a22830.jpg,20230711a22830.txt
train,_bee_20230711a,20230711a22860.jpg,20230711a22860.txt
train,_bee_20230711a,20230711a22890.jpg,20230711a22890.txt
train,_bee_20230711a,20230711a22920.jpg,20230711a22920.txt
train,_bee_20230711a,20230711a22950.jpg,20230711a22950.txt
train,_bee_20230711a,20230711a22980.jpg,20230711a22980.txt
train,_bee_20230711a,20230711a23010.jpg,20230711a23010.txt
train,_bee_20230711a,20230711a23040.jpg,20230711a23040.txt
train,_bee_20230711a,20230711a23070.jpg,20230711a23070.txt
train,_bee_20230711a,20230711a2310.jpg,20230711a2310.txt
train,_bee_20230711a,20230711a23100.jpg,20230711a23100.txt
train,_bee_20230711a,20230711a23130.jpg,20230711a23130.txt
train,_bee_20230711a,20230711a23160.jpg,20230711a23160.txt
train,_bee_20230711a,20230711a23190.jpg,20230711a23190.txt
train,_bee_20230711a,20230711a23220.jpg,20230711a23220.txt
train,_bee_20230711a,20230711a23250.jpg,20230711a23250.txt
train,_bee_20230711a,20230711a23280.jpg,20230711a23280.txt
train,_bee_20230711a,20230711a23310.jpg,20230711a23310.txt
train,_bee_20230711a,20230711a23340.jpg,20230711a23340.txt
train,_bee_20230711a,20230711a23370.jpg,20230711a23370.txt
train,_bee_20230711a,20230711a2340.jpg,20230711a2340.txt
train,_bee_20230711a,20230711a23400.jpg,20230711a23400.txt
train,_bee_20230711a,20230711a23430.jpg,20230711a23430.txt
train,_bee_20230711a,20230711a23460.jpg,20230711a23460.txt
train,_bee_20230711a,20230711a23490.jpg,20230711a23490.txt
train,_bee_20230711a,20230711a23520.jpg,20230711a23520.txt
train,_bee_20230711a,20230711a23550.jpg,20230711a23550.txt
train,_bee_20230711a,20230711a23580.jpg,20230711a23580.txt
train,_bee_20230711a,20230711a23610.jpg,20230711a23610.txt
train,_bee_20230711a,20230711a23640.jpg,20230711a23640.txt
train,_bee_20230711a,20230711a23670.jpg,20230711a23670.txt
train,_bee_20230711a,20230711a2370.jpg,20230711a2370.txt
train,_bee_20230711a,20230711a23700.jpg,20230711a23700.txt
train,_bee_20230711a,20230711a23730.jpg,20230711a23730.txt
train,_bee_20230711a,20230711a23760.jpg,20230711a23760.txt
train,_bee_20230711a,20230711a23790.jpg,20230711a23790.txt
train,_bee_20230711a,20230711a23820.jpg,20230711a23820.txt
train,_bee_20230711a,20230711a23850.jpg,20230711a23850.txt
train,_bee_20230711a,20230711a23880.jpg,20230711a23880.txt
train,_bee_20230711a,20230711a23910.jpg,20230711a23910.txt
train,_bee_20230711a,20230711a23940.jpg,20230711a23940.txt
train,_bee_20230711a,20230711a23970.jpg,20230711a23970.txt
train,_bee_20230711a,20230711a240.jpg,20230711a240.txt
train,_bee_20230711a,20230711a2400.jpg,20230711a2400.txt
train,_bee_20230711a,20230711a24000.jpg,20230711a24000.txt
train,_bee_20230711a,20230711a24030.jpg,20230711a24030.txt
train,_bee_20230711a,20230711a24060.jpg,20230711a24060.txt
train,_bee_20230711a,20230711a24090.jpg,20230711a24090.txt
train,_bee_20230711a,20230711a24120.jpg,20230711a24120.txt
train,_bee_20230711a,20230711a24150.jpg,20230711a24150.txt
train,_bee_20230711a,20230711a24180.jpg,20230711a24180.txt
train,_bee_20230711a,20230711a24210.jpg,20230711a24210.txt
train,_bee_20230711a,20230711a24240.jpg,20230711a24240.txt
train,_bee_20230711a,20230711a24270.jpg,20230711a24270.txt
train,_bee_20230711a,20230711a2430.jpg,20230711a2430.txt
train,_bee_20230711a,20230711a24300.jpg,20230711a24300.txt
train,_bee_20230711a,20230711a24330.jpg,20230711a24330.txt
train,_bee_20230711a,20230711a24360.jpg,20230711a24360.txt
train,_bee_20230711a,20230711a24390.jpg,20230711a24390.txt
train,_bee_20230711a,20230711a24420.jpg,20230711a24420.txt
train,_bee_20230711a,20230711a24450.jpg,20230711a24450.txt
train,_bee_20230711a,20230711a24480.jpg,20230711a24480.txt
train,_bee_20230711a,20230711a24510.jpg,20230711a24510.txt
train,_bee_20230711a,20230711a24540.jpg,20230711a24540.txt
train,_bee_20230711a,20230711a24570.jpg,20230711a24570.txt
train,_bee_20230711a,20230711a2460.jpg,20230711a2460.txt
train,_bee_20230711a,20230711a24600.jpg,20230711a24600.txt
train,_bee_20230711a,20230711a24630.jpg,20230711a24630.txt
train,_bee_20230711a,20230711a24660.jpg,20230711a24660.txt
train,_bee_20230711a,20230711a24690.jpg,20230711a24690.txt
train,_bee_20230711a,20230711a24720.jpg,20230711a24720.txt
train,_bee_20230711a,20230711a24750.jpg,20230711a24750.txt
train,_bee_20230711a,20230711a24780.jpg,20230711a24780.txt
train,_bee_20230711a,20230711a24810.jpg,20230711a24810.txt
train,_bee_20230711a,20230711a24840.jpg,20230711a24840.txt
train,_bee_20230711a,20230711a24870.jpg,20230711a24870.txt
train,_bee_20230711a,20230711a2490.jpg,20230711a2490.txt
train,_bee_20230711a,20230711a24900.jpg,20230711a24900.txt
train,_bee_20230711a,20230711a24930.jpg,20230711a24930.txt
train,_bee_20230711a,20230711a24960.jpg,20230711a24960.txt
train,_bee_20230711a,20230711a24990.jpg,20230711a24990.txt
train,_bee_20230711a,20230711a25020.jpg,20230711a25020.txt
train,_bee_20230711a,20230711a25050.jpg,20230711a25050.txt
train,_bee_20230711a,20230711a25080.jpg,20230711a25080.txt
train,_bee_20230711a,20230711a25110.jpg,20230711a25110.txt
train,_bee_20230711a,20230711a25140.jpg,20230711a25140.txt
train,_bee_20230711a,20230711a25170.jpg,20230711a25170.txt
train,_bee_20230711a,20230711a2520.jpg,20230711a2520.txt
train,_bee_20230711a,20230711a25200.jpg,20230711a25200.txt
train,_bee_20230711a,20230711a25230.jpg,20230711a25230.txt
train,_bee_20230711a,20230711a25260.jpg,20230711a25260.txt
train,_bee_20230711a,20230711a25290.jpg,20230711a25290.txt
train,_bee_20230711a,20230711a25320.jpg,20230711a25320.txt
train,_bee_20230711a,20230711a25350.jpg,20230711a25350.txt
train,_bee_20230711a,20230711a25380.jpg,20230711a25380.txt
train,_bee_20230711a,20230711a25410.jpg,20230711a25410.txt
train,_bee_20230711a,20230711a25440.jpg,20230711a25440.txt
train,_bee_20230711a,20230711a25470.jpg,20230711a25470.txt
train,_bee_20230711a,20230711a2550.jpg,20230711a2550.txt
train,_bee_20230711a,20230711a25500.jpg,20230711a25500.txt
train,_bee_20230711a,20230711a25530.jpg,20230711a25530.txt
train,_bee_20230711a,20230711a25560.jpg,20230711a25560.txt
train,_bee_20230711a,20230711a25590.jpg,20230711a25590.txt
train,_bee_20230711a,20230711a25620.jpg,20230711a25620.txt
train,_bee_20230711a,20230711a25650.jpg,20230711a25650.txt
train,_bee_20230711a,20230711a25680.jpg,20230711a25680.txt
train,_bee_20230711a,20230711a25710.jpg,20230711a25710.txt
train,_bee_20230711a,20230711a25740.jpg,20230711a25740.txt
train,_bee_20230711a,20230711a25770.jpg,20230711a25770.txt
train,_bee_20230711a,20230711a2580.jpg,20230711a2580.txt
train,_bee_20230711a,20230711a25800.jpg,20230711a25800.txt
train,_bee_20230711a,20230711a25830.jpg,20230711a25830.txt
train,_bee_20230711a,20230711a25860.jpg,20230711a25860.txt
train,_bee_20230711a,20230711a25890.jpg,20230711a25890.txt
train,_bee_20230711a,20230711a25920.jpg,20230711a25920.txt
train,_bee_20230711a,20230711a25950.jpg,20230711a25950.txt
train,_bee_20230711a,20230711a25980.jpg,20230711a25980.txt
train,_bee_20230711a,20230711a26010.jpg,20230711a26010.txt
train,_bee_20230711a,20230711a26040.jpg,20230711a26040.txt
train,_bee_20230711a,20230711a26070.jpg,20230711a26070.txt
train,_bee_20230711a,20230711a2610.jpg,20230711a2610.txt
train,_bee_20230711a,20230711a26100.jpg,20230711a26100.txt
train,_bee_20230711a,20230711a26130.jpg,20230711a26130.txt
train,_bee_20230711a,20230711a26160.jpg,20230711a26160.txt
train,_bee_20230711a,20230711a26190.jpg,20230711a26190.txt
train,_bee_20230711a,20230711a26220.jpg,20230711a26220.txt
train,_bee_20230711a,20230711a26250.jpg,20230711a26250.txt
train,_bee_20230711a,20230711a26280.jpg,20230711a26280.txt
train,_bee_20230711a,20230711a26310.jpg,20230711a26310.txt
train,_bee_20230711a,20230711a26340.jpg,20230711a26340.txt
train,_bee_20230711a,20230711a26370.jpg,20230711a26370.txt
train,_bee_20230711a,20230711a2640.jpg,20230711a2640.txt
train,_bee_20230711a,20230711a26400.jpg,20230711a26400.txt
train,_bee_20230711a,20230711a26430.jpg,20230711a26430.txt
train,_bee_20230711a,20230711a26460.jpg,20230711a26460.txt
train,_bee_20230711a,20230711a26490.jpg,20230711a26490.txt
train,_bee_20230711a,20230711a26520.jpg,20230711a26520.txt
train,_bee_20230711a,20230711a26550.jpg,20230711a26550.txt
train,_bee_20230711a,20230711a26580.jpg,20230711a26580.txt
train,_bee_20230711a,20230711a26610.jpg,20230711a26610.txt
train,_bee_20230711a,20230711a26640.jpg,20230711a26640.txt
train,_bee_20230711a,20230711a26670.jpg,20230711a26670.txt
train,_bee_20230711a,20230711a2670.jpg,20230711a2670.txt
train,_bee_20230711a,20230711a26700.jpg,20230711a26700.txt
train,_bee_20230711a,20230711a26730.jpg,20230711a26730.txt
train,_bee_20230711a,20230711a26760.jpg,20230711a26760.txt
train,_bee_20230711a,20230711a26790.jpg,20230711a26790.txt
train,_bee_20230711a,20230711a26820.jpg,20230711a26820.txt
train,_bee_20230711a,20230711a26850.jpg,20230711a26850.txt
train,_bee_20230711a,20230711a26880.jpg,20230711a26880.txt
train,_bee_20230711a,20230711a26910.jpg,20230711a26910.txt
train,_bee_20230711a,20230711a26940.jpg,20230711a26940.txt
train,_bee_20230711a,20230711a26970.jpg,20230711a26970.txt
train,_bee_20230711a,20230711a270.jpg,20230711a270.txt
train,_bee_20230711a,20230711a2700.jpg,20230711a2700.txt
train,_bee_20230711a,20230711a27000.jpg,20230711a27000.txt
train,_bee_20230711a,20230711a27030.jpg,20230711a27030.txt
train,_bee_20230711a,20230711a27060.jpg,20230711a27060.txt
train,_bee_20230711a,20230711a27090.jpg,20230711a27090.txt
train,_bee_20230711a,20230711a27120.jpg,20230711a27120.txt
train,_bee_20230711a,20230711a27150.jpg,20230711a27150.txt
train,_bee_20230711a,20230711a27180.jpg,20230711a27180.txt
train,_bee_20230711a,20230711a27210.jpg,20230711a27210.txt
train,_bee_20230711a,20230711a27240.jpg,20230711a27240.txt
train,_bee_20230711a,20230711a27270.jpg,20230711a27270.txt
train,_bee_20230711a,20230711a2730.jpg,20230711a2730.txt
train,_bee_20230711a,20230711a27300.jpg,20230711a27300.txt
train,_bee_20230711a,20230711a27330.jpg,20230711a27330.txt
train,_bee_20230711a,20230711a27360.jpg,20230711a27360.txt
train,_bee_20230711a,20230711a27390.jpg,20230711a27390.txt
train,_bee_20230711a,20230711a27420.jpg,20230711a27420.txt
train,_bee_20230711a,20230711a27450.jpg,20230711a27450.txt
train,_bee_20230711a,20230711a27480.jpg,20230711a27480.txt
train,_bee_20230711a,20230711a27510.jpg,20230711a27510.txt
train,_bee_20230711a,20230711a27540.jpg,20230711a27540.txt
train,_bee_20230711a,20230711a27570.jpg,20230711a27570.txt
train,_bee_20230711a,20230711a2760.jpg,20230711a2760.txt
train,_bee_20230711a,20230711a27600.jpg,20230711a27600.txt
train,_bee_20230711a,20230711a27630.jpg,20230711a27630.txt
train,_bee_20230711a,20230711a27660.jpg,20230711a27660.txt
train,_bee_20230711a,20230711a27690.jpg,20230711a27690.txt
train,_bee_20230711a,20230711a27720.jpg,20230711a27720.txt
train,_bee_20230711a,20230711a27750.jpg,20230711a27750.txt
train,_bee_20230711a,20230711a27780.jpg,20230711a27780.txt
train,_bee_20230711a,20230711a27810.jpg,20230711a27810.txt
train,_bee_20230711a,20230711a27840.jpg,20230711a27840.txt
train,_bee_20230711a,20230711a27870.jpg,20230711a27870.txt
train,_bee_20230711a,20230711a2790.jpg,20230711a2790.txt
train,_bee_20230711a,20230711a27900.jpg,20230711a27900.txt
train,_bee_20230711a,20230711a27930.jpg,20230711a27930.txt
train,_bee_20230711a,20230711a27960.jpg,20230711a27960.txt
train,_bee_20230711a,20230711a27990.jpg,20230711a27990.txt
train,_bee_20230711a,20230711a28020.jpg,20230711a28020.txt
train,_bee_20230711a,20230711a28050.jpg,20230711a28050.txt
train,_bee_20230711a,20230711a28080.jpg,20230711a28080.txt
train,_bee_20230711a,20230711a28110.jpg,20230711a28110.txt
train,_bee_20230711a,20230711a28140.jpg,20230711a28140.txt
train,_bee_20230711a,20230711a28170.jpg,20230711a28170.txt
train,_bee_20230711a,20230711a2820.jpg,20230711a2820.txt
train,_bee_20230711a,20230711a28200.jpg,20230711a28200.txt
train,_bee_20230711a,20230711a28230.jpg,20230711a28230.txt
train,_bee_20230711a,20230711a28260.jpg,20230711a28260.txt
train,_bee_20230711a,20230711a28290.jpg,20230711a28290.txt
train,_bee_20230711a,20230711a28320.jpg,20230711a28320.txt
train,_bee_20230711a,20230711a28350.jpg,20230711a28350.txt
train,_bee_20230711a,20230711a28380.jpg,20230711a28380.txt
train,_bee_20230711a,20230711a28410.jpg,20230711a28410.txt
train,_bee_20230711a,20230711a28440.jpg,20230711a28440.txt
train,_bee_20230711a,20230711a28470.jpg,20230711a28470.txt
train,_bee_20230711a,20230711a2850.jpg,20230711a2850.txt
train,_bee_20230711a,20230711a28500.jpg,20230711a28500.txt
train,_bee_20230711a,20230711a28530.jpg,20230711a28530.txt
train,_bee_20230711a,20230711a28560.jpg,20230711a28560.txt
train,_bee_20230711a,20230711a28590.jpg,20230711a28590.txt
train,_bee_20230711a,20230711a28620.jpg,20230711a28620.txt
train,_bee_20230711a,20230711a28650.jpg,20230711a28650.txt
train,_bee_20230711a,20230711a28680.jpg,20230711a28680.txt
train,_bee_20230711a,20230711a28710.jpg,20230711a28710.txt
train,_bee_20230711a,20230711a28740.jpg,20230711a28740.txt
train,_bee_20230711a,20230711a28770.jpg,20230711a28770.txt
train,_bee_20230711a,20230711a2880.jpg,20230711a2880.txt
train,_bee_20230711a,20230711a28800.jpg,20230711a28800.txt
train,_bee_20230711a,20230711a28830.jpg,20230711a28830.txt
train,_bee_20230711a,20230711a28860.jpg,20230711a28860.txt
train,_bee_20230711a,20230711a28890.jpg,20230711a28890.txt
train,_bee_20230711a,20230711a28920.jpg,20230711a28920.txt
train,_bee_20230711a,20230711a28950.jpg,20230711a28950.txt
train,_bee_20230711a,20230711a28980.jpg,20230711a28980.txt
train,_bee_20230711a,20230711a29010.jpg,20230711a29010.txt
train,_bee_20230711a,20230711a29040.jpg,20230711a29040.txt
train,_bee_20230711a,20230711a29070.jpg,20230711a29070.txt
train,_bee_20230711a,20230711a2910.jpg,20230711a2910.txt
train,_bee_20230711a,20230711a29100.jpg,20230711a29100.txt
train,_bee_20230711a,20230711a29130.jpg,20230711a29130.txt
train,_bee_20230711a,20230711a29160.jpg,20230711a29160.txt
train,_bee_20230711a,20230711a29190.jpg,20230711a29190.txt
train,_bee_20230711a,20230711a29220.jpg,20230711a29220.txt
train,_bee_20230711a,20230711a29250.jpg,20230711a29250.txt
train,_bee_20230711a,20230711a29280.jpg,20230711a29280.txt
train,_bee_20230711a,20230711a29310.jpg,20230711a29310.txt
train,_bee_20230711a,20230711a29340.jpg,20230711a29340.txt
train,_bee_20230711a,20230711a29370.jpg,20230711a29370.txt
train,_bee_20230711a,20230711a2940.jpg,20230711a2940.txt
train,_bee_20230711a,20230711a29400.jpg,20230711a29400.txt
train,_bee_20230711a,20230711a29430.jpg,20230711a29430.txt
train,_bee_20230711a,20230711a29460.jpg,20230711a29460.txt
train,_bee_20230711a,20230711a29490.jpg,20230711a29490.txt
train,_bee_20230711a,20230711a29520.jpg,20230711a29520.txt
train,_bee_20230711a,20230711a29550.jpg,20230711a29550.txt
train,_bee_20230711a,20230711a29580.jpg,20230711a29580.txt
train,_bee_20230711a,20230711a29610.jpg,20230711a29610.txt
train,_bee_20230711a,20230711a29640.jpg,20230711a29640.txt
train,_bee_20230711a,20230711a29670.jpg,20230711a29670.txt
train,_bee_20230711a,20230711a2970.jpg,20230711a2970.txt
train,_bee_20230711a,20230711a29700.jpg,20230711a29700.txt
train,_bee_20230711a,20230711a29730.jpg,20230711a29730.txt
train,_bee_20230711a,20230711a29760.jpg,20230711a29760.txt
train,_bee_20230711a,20230711a29790.jpg,20230711a29790.txt
train,_bee_20230711a,20230711a29820.jpg,20230711a29820.txt
train,_bee_20230711a,20230711a29850.jpg,20230711a29850.txt
train,_bee_20230711a,20230711a29880.jpg,20230711a29880.txt
train,_bee_20230711a,20230711a29910.jpg,20230711a29910.txt
train,_bee_20230711a,20230711a29940.jpg,20230711a29940.txt
train,_bee_20230711a,20230711a29970.jpg,20230711a29970.txt
train,_bee_20230711a,20230711a30.jpg,20230711a30.txt
train,_bee_20230711a,20230711a300.jpg,20230711a300.txt
train,_bee_20230711a,20230711a3000.jpg,20230711a3000.txt
train,_bee_20230711a,20230711a30000.jpg,20230711a30000.txt
train,_bee_20230711a,20230711a30030.jpg,20230711a30030.txt
train,_bee_20230711a,20230711a30060.jpg,20230711a30060.txt
train,_bee_20230711a,20230711a30090.jpg,20230711a30090.txt
train,_bee_20230711a,20230711a30120.jpg,20230711a30120.txt
train,_bee_20230711a,20230711a30150.jpg,20230711a30150.txt
train,_bee_20230711a,20230711a30180.jpg,20230711a30180.txt
train,_bee_20230711a,20230711a30210.jpg,20230711a30210.txt
train,_bee_20230711a,20230711a30240.jpg,20230711a30240.txt
train,_bee_20230711a,20230711a30270.jpg,20230711a30270.txt
train,_bee_20230711a,20230711a3030.jpg,20230711a3030.txt
train,_bee_20230711a,20230711a30300.jpg,20230711a30300.txt
train,_bee_20230711a,20230711a30330.jpg,20230711a30330.txt
train,_bee_20230711a,20230711a30360.jpg,20230711a30360.txt
train,_bee_20230711a,20230711a30390.jpg,20230711a30390.txt
train,_bee_20230711a,20230711a30420.jpg,20230711a30420.txt
train,_bee_20230711a,20230711a30450.jpg,20230711a30450.txt
train,_bee_20230711a,20230711a30480.jpg,20230711a30480.txt
train,_bee_20230711a,20230711a30510.jpg,20230711a30510.txt
train,_bee_20230711a,20230711a30540.jpg,20230711a30540.txt
train,_bee_20230711a,20230711a30570.jpg,20230711a30570.txt
train,_bee_20230711a,20230711a3060.jpg,20230711a3060.txt
train,_bee_20230711a,20230711a30600.jpg,20230711a30600.txt
train,_bee_20230711a,20230711a30630.jpg,20230711a30630.txt
train,_bee_20230711a,20230711a30660.jpg,20230711a30660.txt
train,_bee_20230711a,20230711a30690.jpg,20230711a30690.txt
train,_bee_20230711a,20230711a30720.jpg,20230711a30720.txt
train,_bee_20230711a,20230711a30750.jpg,20230711a30750.txt
train,_bee_20230711a,20230711a30780.jpg,20230711a30780.txt
train,_bee_20230711a,20230711a30810.jpg,20230711a30810.txt
train,_bee_20230711a,20230711a30840.jpg,20230711a30840.txt
train,_bee_20230711a,20230711a30870.jpg,20230711a30870.txt
train,_bee_20230711a,20230711a3090.jpg,20230711a3090.txt
train,_bee_20230711a,20230711a30900.jpg,20230711a30900.txt
train,_bee_20230711a,20230711a30930.jpg,20230711a30930.txt
train,_bee_20230711a,20230711a30960.jpg,20230711a30960.txt
train,_bee_20230711a,20230711a30990.jpg,20230711a30990.txt
train,_bee_20230711a,20230711a31020.jpg,20230711a31020.txt
train,_bee_20230711a,20230711a31050.jpg,20230711a31050.txt
train,_bee_20230711a,20230711a31080.jpg,20230711a31080.txt
train,_bee_20230711a,20230711a31110.jpg,20230711a31110.txt
train,_bee_20230711a,20230711a31140.jpg,20230711a31140.txt
train,_bee_20230711a,20230711a31170.jpg,20230711a31170.txt
train,_bee_20230711a,20230711a3120.jpg,20230711a3120.txt
train,_bee_20230711a,20230711a31200.jpg,20230711a31200.txt
train,_bee_20230711a,20230711a31230.jpg,20230711a31230.txt
train,_bee_20230711a,20230711a31260.jpg,20230711a31260.txt
train,_bee_20230711a,20230711a31290.jpg,20230711a31290.txt
train,_bee_20230711a,20230711a31320.jpg,20230711a31320.txt
train,_bee_20230711a,20230711a31350.jpg,20230711a31350.txt
train,_bee_20230711a,20230711a31380.jpg,20230711a31380.txt
train,_bee_20230711a,20230711a31410.jpg,20230711a31410.txt
train,_bee_20230711a,20230711a31440.jpg,20230711a31440.txt
train,_bee_20230711a,20230711a31470.jpg,20230711a31470.txt
train,_bee_20230711a,20230711a3150.jpg,20230711a3150.txt
train,_bee_20230711a,20230711a31500.jpg,20230711a31500.txt
train,_bee_20230711a,20230711a31530.jpg,20230711a31530.txt
train,_bee_20230711a,20230711a31560.jpg,20230711a31560.txt
train,_bee_20230711a,20230711a31590.jpg,20230711a31590.txt
train,_bee_20230711a,20230711a31620.jpg,20230711a31620.txt
train,_bee_20230711a,20230711a31650.jpg,20230711a31650.txt
train,_bee_20230711a,20230711a31680.jpg,20230711a31680.txt
train,_bee_20230711a,20230711a31710.jpg,20230711a31710.txt
train,_bee_20230711a,20230711a31740.jpg,20230711a31740.txt
train,_bee_20230711a,20230711a31770.jpg,20230711a31770.txt
train,_bee_20230711a,20230711a3180.jpg,20230711a3180.txt
train,_bee_20230711a,20230711a31800.jpg,20230711a31800.txt
train,_bee_20230711a,20230711a31830.jpg,20230711a31830.txt
train,_bee_20230711a,20230711a31860.jpg,20230711a31860.txt
train,_bee_20230711a,20230711a31890.jpg,20230711a31890.txt
train,_bee_20230711a,20230711a31920.jpg,20230711a31920.txt
train,_bee_20230711a,20230711a31950.jpg,20230711a31950.txt
train,_bee_20230711a,20230711a31980.jpg,20230711a31980.txt
train,_bee_20230711a,20230711a32010.jpg,20230711a32010.txt
train,_bee_20230711a,20230711a32040.jpg,20230711a32040.txt
train,_bee_20230711a,20230711a32070.jpg,20230711a32070.txt
train,_bee_20230711a,20230711a3210.jpg,20230711a3210.txt
train,_bee_20230711a,20230711a32100.jpg,20230711a32100.txt
train,_bee_20230711a,20230711a32130.jpg,20230711a32130.txt
train,_bee_20230711a,20230711a32160.jpg,20230711a32160.txt
train,_bee_20230711a,20230711a32190.jpg,20230711a32190.txt
train,_bee_20230711a,20230711a32220.jpg,20230711a32220.txt
train,_bee_20230711a,20230711a32250.jpg,20230711a32250.txt
train,_bee_20230711a,20230711a32280.jpg,20230711a32280.txt
train,_bee_20230711a,20230711a32310.jpg,20230711a32310.txt
train,_bee_20230711a,20230711a32340.jpg,20230711a32340.txt
train,_bee_20230711a,20230711a32370.jpg,20230711a32370.txt
train,_bee_20230711a,20230711a3240.jpg,20230711a3240.txt
train,_bee_20230711a,20230711a32400.jpg,20230711a32400.txt
train,_bee_20230711a,20230711a32430.jpg,20230711a32430.txt
train,_bee_20230711a,20230711a32460.jpg,20230711a32460.txt
train,_bee_20230711a,20230711a32490.jpg,20230711a32490.txt
train,_bee_20230711a,20230711a32520.jpg,20230711a32520.txt
train,_bee_20230711a,20230711a32550.jpg,20230711a32550.txt
train,_bee_20230711a,20230711a32580.jpg,20230711a32580.txt
train,_bee_20230711a,20230711a32610.jpg,20230711a32610.txt
train,_bee_20230711a,20230711a32640.jpg,20230711a32640.txt
train,_bee_20230711a,20230711a32670.jpg,20230711a32670.txt
train,_bee_20230711a,20230711a3270.jpg,20230711a3270.txt
train,_bee_20230711a,20230711a32700.jpg,20230711a32700.txt
train,_bee_20230711a,20230711a32730.jpg,20230711a32730.txt
train,_bee_20230711a,20230711a32760.jpg,20230711a32760.txt
train,_bee_20230711a,20230711a32790.jpg,20230711a32790.txt
train,_bee_20230711a,20230711a32820.jpg,20230711a32820.txt
train,_bee_20230711a,20230711a32850.jpg,20230711a32850.txt
train,_bee_20230711a,20230711a32880.jpg,20230711a32880.txt
train,_bee_20230711a,20230711a32910.jpg,20230711a32910.txt
train,_bee_20230711a,20230711a32940.jpg,20230711a32940.txt
train,_bee_20230711a,20230711a32970.jpg,20230711a32970.txt
train,_bee_20230711a,20230711a330.jpg,20230711a330.txt
train,_bee_20230711a,20230711a3300.jpg,20230711a3300.txt
train,_bee_20230711a,20230711a33000.jpg,20230711a33000.txt
train,_bee_20230711a,20230711a33030.jpg,20230711a33030.txt
train,_bee_20230711a,20230711a33060.jpg,20230711a33060.txt
train,_bee_20230711a,20230711a33090.jpg,20230711a33090.txt
train,_bee_20230711a,20230711a33120.jpg,20230711a33120.txt
train,_bee_20230711a,20230711a33150.jpg,20230711a33150.txt
train,_bee_20230711a,20230711a33180.jpg,20230711a33180.txt
train,_bee_20230711a,20230711a33210.jpg,20230711a33210.txt
train,_bee_20230711a,20230711a33240.jpg,20230711a33240.txt
train,_bee_20230711a,20230711a33270.jpg,20230711a33270.txt
train,_bee_20230711a,20230711a3330.jpg,20230711a3330.txt
train,_bee_20230711a,20230711a33300.jpg,20230711a33300.txt
train,_bee_20230711a,20230711a33330.jpg,20230711a33330.txt
train,_bee_20230711a,20230711a33360.jpg,20230711a33360.txt
train,_bee_20230711a,20230711a33390.jpg,20230711a33390.txt
train,_bee_20230711a,20230711a33420.jpg,20230711a33420.txt
train,_bee_20230711a,20230711a33450.jpg,20230711a33450.txt
train,_bee_20230711a,20230711a33480.jpg,20230711a33480.txt
train,_bee_20230711a,20230711a33510.jpg,20230711a33510.txt
train,_bee_20230711a,20230711a33540.jpg,20230711a33540.txt
train,_bee_20230711a,20230711a33570.jpg,20230711a33570.txt
train,_bee_20230711a,20230711a3360.jpg,20230711a3360.txt
train,_bee_20230711a,20230711a33600.jpg,20230711a33600.txt
train,_bee_20230711a,20230711a33630.jpg,20230711a33630.txt
train,_bee_20230711a,20230711a33660.jpg,20230711a33660.txt
train,_bee_20230711a,20230711a33690.jpg,20230711a33690.txt
train,_bee_20230711a,20230711a33720.jpg,20230711a33720.txt
train,_bee_20230711a,20230711a33750.jpg,20230711a33750.txt
train,_bee_20230711a,20230711a33780.jpg,20230711a33780.txt
train,_bee_20230711a,20230711a33810.jpg,20230711a33810.txt
train,_bee_20230711a,20230711a33840.jpg,20230711a33840.txt
train,_bee_20230711a,20230711a33870.jpg,20230711a33870.txt
train,_bee_20230711a,20230711a3390.jpg,20230711a3390.txt
train,_bee_20230711a,20230711a33900.jpg,20230711a33900.txt
train,_bee_20230711a,20230711a33930.jpg,20230711a33930.txt
train,_bee_20230711a,20230711a33960.jpg,20230711a33960.txt
train,_bee_20230711a,20230711a33990.jpg,20230711a33990.txt
train,_bee_20230711a,20230711a34020.jpg,20230711a34020.txt
train,_bee_20230711a,20230711a34050.jpg,20230711a34050.txt
train,_bee_20230711a,20230711a34080.jpg,20230711a34080.txt
train,_bee_20230711a,20230711a34110.jpg,20230711a34110.txt
train,_bee_20230711a,20230711a34140.jpg,20230711a34140.txt
train,_bee_20230711a,20230711a34170.jpg,20230711a34170.txt
train,_bee_20230711a,20230711a3420.jpg,20230711a3420.txt
train,_bee_20230711a,20230711a34200.jpg,20230711a34200.txt
train,_bee_20230711a,20230711a34230.jpg,20230711a34230.txt
train,_bee_20230711a,20230711a34260.jpg,20230711a34260.txt
train,_bee_20230711a,20230711a34290.jpg,20230711a34290.txt
train,_bee_20230711a,20230711a34320.jpg,20230711a34320.txt
train,_bee_20230711a,20230711a34350.jpg,20230711a34350.txt
train,_bee_20230711a,20230711a34380.jpg,20230711a34380.txt
train,_bee_20230711a,20230711a34410.jpg,20230711a34410.txt
train,_bee_20230711a,20230711a34440.jpg,20230711a34440.txt
train,_bee_20230711a,20230711a34470.jpg,20230711a34470.txt
train,_bee_20230711a,20230711a3450.jpg,20230711a3450.txt
train,_bee_20230711a,20230711a34500.jpg,20230711a34500.txt
train,_bee_20230711a,20230711a34530.jpg,20230711a34530.txt
train,_bee_20230711a,20230711a34560.jpg,20230711a34560.txt
train,_bee_20230711a,20230711a34590.jpg,20230711a34590.txt
train,_bee_20230711a,20230711a34620.jpg,20230711a34620.txt
train,_bee_20230711a,20230711a34650.jpg,20230711a34650.txt
train,_bee_20230711a,20230711a34680.jpg,20230711a34680.txt
train,_bee_20230711a,20230711a34710.jpg,20230711a34710.txt
train,_bee_20230711a,20230711a34740.jpg,20230711a34740.txt
train,_bee_20230711a,20230711a34770.jpg,20230711a34770.txt
train,_bee_20230711a,20230711a3480.jpg,20230711a3480.txt
train,_bee_20230711a,20230711a34800.jpg,20230711a34800.txt
train,_bee_20230711a,20230711a34830.jpg,20230711a34830.txt
train,_bee_20230711a,20230711a34860.jpg,20230711a34860.txt
train,_bee_20230711a,20230711a34890.jpg,20230711a34890.txt
train,_bee_20230711a,20230711a34920.jpg,20230711a34920.txt
train,_bee_20230711a,20230711a34950.jpg,20230711a34950.txt
train,_bee_20230711a,20230711a34980.jpg,20230711a34980.txt
train,_bee_20230711a,20230711a35010.jpg,20230711a35010.txt
train,_bee_20230711a,20230711a35040.jpg,20230711a35040.txt
train,_bee_20230711a,20230711a35070.jpg,20230711a35070.txt
train,_bee_20230711a,20230711a3510.jpg,20230711a3510.txt
train,_bee_20230711a,20230711a35100.jpg,20230711a35100.txt
train,_bee_20230711a,20230711a35130.jpg,20230711a35130.txt
train,_bee_20230711a,20230711a35160.jpg,20230711a35160.txt
train,_bee_20230711a,20230711a35190.jpg,20230711a35190.txt
train,_bee_20230711a,20230711a35220.jpg,20230711a35220.txt
train,_bee_20230711a,20230711a35250.jpg,20230711a35250.txt
train,_bee_20230711a,20230711a35280.jpg,20230711a35280.txt
train,_bee_20230711a,20230711a35310.jpg,20230711a35310.txt
train,_bee_20230711a,20230711a35340.jpg,20230711a35340.txt
train,_bee_20230711a,20230711a35370.jpg,20230711a35370.txt
train,_bee_20230711a,20230711a3540.jpg,20230711a3540.txt
train,_bee_20230711a,20230711a35400.jpg,20230711a35400.txt
train,_bee_20230711a,20230711a35430.jpg,20230711a35430.txt
train,_bee_20230711a,20230711a35460.jpg,20230711a35460.txt
train,_bee_20230711a,20230711a35490.jpg,20230711a35490.txt
train,_bee_20230711a,20230711a35520.jpg,20230711a35520.txt
train,_bee_20230711a,20230711a35550.jpg,20230711a35550.txt
train,_bee_20230711a,20230711a35580.jpg,20230711a35580.txt
train,_bee_20230711a,20230711a35610.jpg,20230711a35610.txt
train,_bee_20230711a,20230711a35640.jpg,20230711a35640.txt
train,_bee_20230711a,20230711a35670.jpg,20230711a35670.txt
train,_bee_20230711a,20230711a3570.jpg,20230711a3570.txt
train,_bee_20230711a,20230711a35700.jpg,20230711a35700.txt
train,_bee_20230711a,20230711a35730.jpg,20230711a35730.txt
train,_bee_20230711a,20230711a35760.jpg,20230711a35760.txt
train,_bee_20230711a,20230711a35790.jpg,20230711a35790.txt
train,_bee_20230711a,20230711a35820.jpg,20230711a35820.txt
train,_bee_20230711a,20230711a35850.jpg,20230711a35850.txt
train,_bee_20230711a,20230711a35880.jpg,20230711a35880.txt
train,_bee_20230711a,20230711a35910.jpg,20230711a35910.txt
train,_bee_20230711a,20230711a35940.jpg,20230711a35940.txt
train,_bee_20230711a,20230711a35970.jpg,20230711a35970.txt
train,_bee_20230711a,20230711a360.jpg,20230711a360.txt
train,_bee_20230711a,20230711a3600.jpg,20230711a3600.txt
train,_bee_20230711a,20230711a36000.jpg,20230711a36000.txt
train,_bee_20230711a,20230711a36030.jpg,20230711a36030.txt
train,_bee_20230711a,20230711a36060.jpg,20230711a36060.txt
train,_bee_20230711a,20230711a36090.jpg,20230711a36090.txt
train,_bee_20230711a,20230711a36120.jpg,20230711a36120.txt
train,_bee_20230711a,20230711a36150.jpg,20230711a36150.txt
train,_bee_20230711a,20230711a36180.jpg,20230711a36180.txt
train,_bee_20230711a,20230711a36210.jpg,20230711a36210.txt
train,_bee_20230711a,20230711a36240.jpg,20230711a36240.txt
train,_bee_20230711a,20230711a36270.jpg,20230711a36270.txt
train,_bee_20230711a,20230711a3630.jpg,20230711a3630.txt
train,_bee_20230711a,20230711a36300.jpg,20230711a36300.txt
train,_bee_20230711a,20230711a36330.jpg,20230711a36330.txt
train,_bee_20230711a,20230711a36360.jpg,20230711a36360.txt
train,_bee_20230711a,20230711a36390.jpg,20230711a36390.txt
train,_bee_20230711a,20230711a36420.jpg,20230711a36420.txt
train,_bee_20230711a,20230711a36450.jpg,20230711a36450.txt
train,_bee_20230711a,20230711a36480.jpg,20230711a36480.txt
train,_bee_20230711a,20230711a36510.jpg,20230711a36510.txt
train,_bee_20230711a,20230711a36540.jpg,20230711a36540.txt
train,_bee_20230711a,20230711a36570.jpg,20230711a36570.txt
train,_bee_20230711a,20230711a3660.jpg,20230711a3660.txt
train,_bee_20230711a,20230711a36600.jpg,20230711a36600.txt
train,_bee_20230711a,20230711a36630.jpg,20230711a36630.txt
train,_bee_20230711a,20230711a36660.jpg,20230711a36660.txt
train,_bee_20230711a,20230711a36690.jpg,20230711a36690.txt
train,_bee_20230711a,20230711a36720.jpg,20230711a36720.txt
train,_bee_20230711a,20230711a36750.jpg,20230711a36750.txt
train,_bee_20230711a,20230711a36780.jpg,20230711a36780.txt
train,_bee_20230711a,20230711a36810.jpg,20230711a36810.txt
train,_bee_20230711a,20230711a36840.jpg,20230711a36840.txt
train,_bee_20230711a,20230711a36870.jpg,20230711a36870.txt
train,_bee_20230711a,20230711a3690.jpg,20230711a3690.txt
train,_bee_20230711a,20230711a36900.jpg,20230711a36900.txt
train,_bee_20230711a,20230711a36930.jpg,20230711a36930.txt
train,_bee_20230711a,20230711a36960.jpg,20230711a36960.txt
train,_bee_20230711a,20230711a36990.jpg,20230711a36990.txt
train,_bee_20230711a,20230711a37020.jpg,20230711a37020.txt
train,_bee_20230711a,20230711a37050.jpg,20230711a37050.txt
train,_bee_20230711a,20230711a37080.jpg,20230711a37080.txt
train,_bee_20230711a,20230711a37110.jpg,20230711a37110.txt
train,_bee_20230711a,20230711a37140.jpg,20230711a37140.txt
train,_bee_20230711a,20230711a37170.jpg,20230711a37170.txt
train,_bee_20230711a,20230711a3720.jpg,20230711a3720.txt
train,_bee_20230711a,20230711a37200.jpg,20230711a37200.txt
train,_bee_20230711a,20230711a37230.jpg,20230711a37230.txt
train,_bee_20230711a,20230711a37260.jpg,20230711a37260.txt
train,_bee_20230711a,20230711a37290.jpg,20230711a37290.txt
train,_bee_20230711a,20230711a37320.jpg,20230711a37320.txt
train,_bee_20230711a,20230711a37350.jpg,20230711a37350.txt
train,_bee_20230711a,20230711a37380.jpg,20230711a37380.txt
train,_bee_20230711a,20230711a37410.jpg,20230711a37410.txt
train,_bee_20230711a,20230711a37440.jpg,20230711a37440.txt
train,_bee_20230711a,20230711a37470.jpg,20230711a37470.txt
train,_bee_20230711a,20230711a3750.jpg,20230711a3750.txt
train,_bee_20230711a,20230711a37500.jpg,20230711a37500.txt
train,_bee_20230711a,20230711a37530.jpg,20230711a37530.txt
train,_bee_20230711a,20230711a37560.jpg,20230711a37560.txt
train,_bee_20230711a,20230711a37590.jpg,20230711a37590.txt
train,_bee_20230711a,20230711a37620.jpg,20230711a37620.txt
train,_bee_20230711a,20230711a37650.jpg,20230711a37650.txt
train,_bee_20230711a,20230711a37680.jpg,20230711a37680.txt
train,_bee_20230711a,20230711a37710.jpg,20230711a37710.txt
train,_bee_20230711a,20230711a37740.jpg,20230711a37740.txt
train,_bee_20230711a,20230711a37770.jpg,20230711a37770.txt
train,_bee_20230711a,20230711a3780.jpg,20230711a3780.txt
train,_bee_20230711a,20230711a37800.jpg,20230711a37800.txt
train,_bee_20230711a,20230711a37830.jpg,20230711a37830.txt
train,_bee_20230711a,20230711a37860.jpg,20230711a37860.txt
train,_bee_20230711a,20230711a37890.jpg,20230711a37890.txt
train,_bee_20230711a,20230711a37920.jpg,20230711a37920.txt
train,_bee_20230711a,20230711a37950.jpg,20230711a37950.txt
train,_bee_20230711a,20230711a37980.jpg,20230711a37980.txt
train,_bee_20230711a,20230711a38010.jpg,20230711a38010.txt
train,_bee_20230711a,20230711a38040.jpg,20230711a38040.txt
train,_bee_20230711a,20230711a38070.jpg,20230711a38070.txt
train,_bee_20230711a,20230711a3810.jpg,20230711a3810.txt
train,_bee_20230711a,20230711a38100.jpg,20230711a38100.txt
train,_bee_20230711a,20230711a38130.jpg,20230711a38130.txt
train,_bee_20230711a,20230711a38160.jpg,20230711a38160.txt
train,_bee_20230711a,20230711a38190.jpg,20230711a38190.txt
train,_bee_20230711a,20230711a38220.jpg,20230711a38220.txt
train,_bee_20230711a,20230711a38250.jpg,20230711a38250.txt
train,_bee_20230711a,20230711a38280.jpg,20230711a38280.txt
train,_bee_20230711a,20230711a38310.jpg,20230711a38310.txt
train,_bee_20230711a,20230711a38340.jpg,20230711a38340.txt
train,_bee_20230711a,20230711a38370.jpg,20230711a38370.txt
train,_bee_20230711a,20230711a3840.jpg,20230711a3840.txt
train,_bee_20230711a,20230711a38400.jpg,20230711a38400.txt
train,_bee_20230711a,20230711a38430.jpg,20230711a38430.txt
train,_bee_20230711a,20230711a38460.jpg,20230711a38460.txt
train,_bee_20230711a,20230711a38490.jpg,20230711a38490.txt
train,_bee_20230711a,20230711a38520.jpg,20230711a38520.txt
train,_bee_20230711a,20230711a38550.jpg,20230711a38550.txt
train,_bee_20230711a,20230711a38580.jpg,20230711a38580.txt
train,_bee_20230711a,20230711a38610.jpg,20230711a38610.txt
train,_bee_20230711a,20230711a38640.jpg,20230711a38640.txt
train,_bee_20230711a,20230711a38670.jpg,20230711a38670.txt
train,_bee_20230711a,20230711a3870.jpg,20230711a3870.txt
train,_bee_20230711a,20230711a38700.jpg,20230711a38700.txt
train,_bee_20230711a,20230711a38730.jpg,20230711a38730.txt
train,_bee_20230711a,20230711a38760.jpg,20230711a38760.txt
train,_bee_20230711a,20230711a38790.jpg,20230711a38790.txt
train,_bee_20230711a,20230711a38820.jpg,20230711a38820.txt
train,_bee_20230711a,20230711a38850.jpg,20230711a38850.txt
train,_bee_20230711a,20230711a38880.jpg,20230711a38880.txt
train,_bee_20230711a,20230711a38910.jpg,20230711a38910.txt
train,_bee_20230711a,20230711a38940.jpg,20230711a38940.txt
train,_bee_20230711a,20230711a38970.jpg,20230711a38970.txt
train,_bee_20230711a,20230711a390.jpg,20230711a390.txt
train,_bee_20230711a,20230711a3900.jpg,20230711a3900.txt
train,_bee_20230711a,20230711a39000.jpg,20230711a39000.txt
train,_bee_20230711a,20230711a39030.jpg,20230711a39030.txt
train,_bee_20230711a,20230711a39060.jpg,20230711a39060.txt
train,_bee_20230711a,20230711a39090.jpg,20230711a39090.txt
train,_bee_20230711a,20230711a39120.jpg,20230711a39120.txt
train,_bee_20230711a,20230711a39150.jpg,20230711a39150.txt
train,_bee_20230711a,20230711a39180.jpg,20230711a39180.txt
train,_bee_20230711a,20230711a39210.jpg,20230711a39210.txt
train,_bee_20230711a,20230711a39240.jpg,20230711a39240.txt
train,_bee_20230711a,20230711a39270.jpg,20230711a39270.txt
train,_bee_20230711a,20230711a3930.jpg,20230711a3930.txt
train,_bee_20230711a,20230711a39300.jpg,20230711a39300.txt
train,_bee_20230711a,20230711a39330.jpg,20230711a39330.txt
train,_bee_20230711a,20230711a39360.jpg,20230711a39360.txt
train,_bee_20230711a,20230711a39390.jpg,20230711a39390.txt
train,_bee_20230711a,20230711a39420.jpg,20230711a39420.txt
train,_bee_20230711a,20230711a39450.jpg,20230711a39450.txt
train,_bee_20230711a,20230711a39480.jpg,20230711a39480.txt
train,_bee_20230711a,20230711a39510.jpg,20230711a39510.txt
train,_bee_20230711a,20230711a39540.jpg,20230711a39540.txt
train,_bee_20230711a,20230711a39570.jpg,20230711a39570.txt
train,_bee_20230711a,20230711a3960.jpg,20230711a3960.txt
train,_bee_20230711a,20230711a3990.jpg,20230711a3990.txt
train,_bee_20230711a,20230711a4020.jpg,20230711a4020.txt
train,_bee_20230711a,20230711a4050.jpg,20230711a4050.txt
train,_bee_20230711a,20230711a4080.jpg,20230711a4080.txt
train,_bee_20230711a,20230711a4110.jpg,20230711a4110.txt
train,_bee_20230711a,20230711a4140.jpg,20230711a4140.txt
train,_bee_20230711a,20230711a4170.jpg,20230711a4170.txt
train,_bee_20230711a,20230711a420.jpg,20230711a420.txt
train,_bee_20230711a,20230711a4200.jpg,20230711a4200.txt
train,_bee_20230711a,20230711a4230.jpg,20230711a4230.txt
train,_bee_20230711a,20230711a4260.jpg,20230711a4260.txt
train,_bee_20230711a,20230711a4290.jpg,20230711a4290.txt
train,_bee_20230711a,20230711a4320.jpg,20230711a4320.txt
train,_bee_20230711a,20230711a4350.jpg,20230711a4350.txt
train,_bee_20230711a,20230711a4380.jpg,20230711a4380.txt
train,_bee_20230711a,20230711a4410.jpg,20230711a4410.txt
train,_bee_20230711a,20230711a4440.jpg,20230711a4440.txt
train,_bee_20230711a,20230711a4470.jpg,20230711a4470.txt
train,_bee_20230711a,20230711a450.jpg,20230711a450.txt
train,_bee_20230711a,20230711a4500.jpg,20230711a4500.txt
train,_bee_20230711a,20230711a4530.jpg,20230711a4530.txt
train,_bee_20230711a,20230711a4560.jpg,20230711a4560.txt
train,_bee_20230711a,20230711a4590.jpg,20230711a4590.txt
train,_bee_20230711a,20230711a4620.jpg,20230711a4620.txt
train,_bee_20230711a,20230711a4650.jpg,20230711a4650.txt
train,_bee_20230711a,20230711a4680.jpg,20230711a4680.txt
train,_bee_20230711a,20230711a4710.jpg,20230711a4710.txt
train,_bee_20230711a,20230711a4740.jpg,20230711a4740.txt
train,_bee_20230711a,20230711a4770.jpg,20230711a4770.txt
train,_bee_20230711a,20230711a480.jpg,20230711a480.txt
train,_bee_20230711a,20230711a4800.jpg,20230711a4800.txt
train,_bee_20230711a,20230711a4830.jpg,20230711a4830.txt
train,_bee_20230711a,20230711a4860.jpg,20230711a4860.txt
train,_bee_20230711a,20230711a4890.jpg,20230711a4890.txt
train,_bee_20230711a,20230711a4920.jpg,20230711a4920.txt
train,_bee_20230711a,20230711a4950.jpg,20230711a4950.txt
train,_bee_20230711a,20230711a4980.jpg,20230711a4980.txt
train,_bee_20230711a,20230711a5010.jpg,20230711a5010.txt
train,_bee_20230711a,20230711a5040.jpg,20230711a5040.txt
train,_bee_20230711a,20230711a5070.jpg,20230711a5070.txt
train,_bee_20230711a,20230711a510.jpg,20230711a510.txt
train,_bee_20230711a,20230711a5100.jpg,20230711a5100.txt
train,_bee_20230711a,20230711a5130.jpg,20230711a5130.txt
train,_bee_20230711a,20230711a5160.jpg,20230711a5160.txt
train,_bee_20230711a,20230711a5190.jpg,20230711a5190.txt
train,_bee_20230711a,20230711a5220.jpg,20230711a5220.txt
train,_bee_20230711a,20230711a5250.jpg,20230711a5250.txt
train,_bee_20230711a,20230711a5280.jpg,20230711a5280.txt
train,_bee_20230711a,20230711a5310.jpg,20230711a5310.txt
train,_bee_20230711a,20230711a5340.jpg,20230711a5340.txt
train,_bee_20230711a,20230711a5370.jpg,20230711a5370.txt
train,_bee_20230711a,20230711a540.jpg,20230711a540.txt
train,_bee_20230711a,20230711a5400.jpg,20230711a5400.txt
train,_bee_20230711a,20230711a5430.jpg,20230711a5430.txt
train,_bee_20230711a,20230711a5460.jpg,20230711a5460.txt
train,_bee_20230711a,20230711a5490.jpg,20230711a5490.txt
train,_bee_20230711a,20230711a5520.jpg,20230711a5520.txt
train,_bee_20230711a,20230711a5550.jpg,20230711a5550.txt
train,_bee_20230711a,20230711a5580.jpg,20230711a5580.txt
train,_bee_20230711a,20230711a5610.jpg,20230711a5610.txt
train,_bee_20230711a,20230711a5640.jpg,20230711a5640.txt
train,_bee_20230711a,20230711a5670.jpg,20230711a5670.txt
train,_bee_20230711a,20230711a570.jpg,20230711a570.txt
train,_bee_20230711a,20230711a5700.jpg,20230711a5700.txt
train,_bee_20230711a,20230711a5730.jpg,20230711a5730.txt
train,_bee_20230711a,20230711a5760.jpg,20230711a5760.txt
train,_bee_20230711a,20230711a5790.jpg,20230711a5790.txt
train,_bee_20230711a,20230711a5820.jpg,20230711a5820.txt
train,_bee_20230711a,20230711a5850.jpg,20230711a5850.txt
train,_bee_20230711a,20230711a5880.jpg,20230711a5880.txt
train,_bee_20230711a,20230711a5910.jpg,20230711a5910.txt
train,_bee_20230711a,20230711a5940.jpg,20230711a5940.txt
train,_bee_20230711a,20230711a5970.jpg,20230711a5970.txt
train,_bee_20230711a,20230711a60.jpg,20230711a60.txt
train,_bee_20230711a,20230711a600.jpg,20230711a600.txt
train,_bee_20230711a,20230711a6000.jpg,20230711a6000.txt
train,_bee_20230711a,20230711a6030.jpg,20230711a6030.txt
train,_bee_20230711a,20230711a6060.jpg,20230711a6060.txt
train,_bee_20230711a,20230711a6090.jpg,20230711a6090.txt
train,_bee_20230711a,20230711a6120.jpg,20230711a6120.txt
train,_bee_20230711a,20230711a6150.jpg,20230711a6150.txt
train,_bee_20230711a,20230711a6180.jpg,20230711a6180.txt
train,_bee_20230711a,20230711a6210.jpg,20230711a6210.txt
train,_bee_20230711a,20230711a6240.jpg,20230711a6240.txt
train,_bee_20230711a,20230711a6270.jpg,20230711a6270.txt
train,_bee_20230711a,20230711a630.jpg,20230711a630.txt
train,_bee_20230711a,20230711a6300.jpg,20230711a6300.txt
train,_bee_20230711a,20230711a6330.jpg,20230711a6330.txt
train,_bee_20230711a,20230711a6360.jpg,20230711a6360.txt
train,_bee_20230711a,20230711a6390.jpg,20230711a6390.txt
train,_bee_20230711a,20230711a6420.jpg,20230711a6420.txt
train,_bee_20230711a,20230711a6450.jpg,20230711a6450.txt
train,_bee_20230711a,20230711a6480.jpg,20230711a6480.txt
train,_bee_20230711a,20230711a6510.jpg,20230711a6510.txt
train,_bee_20230711a,20230711a6540.jpg,20230711a6540.txt
train,_bee_20230711a,20230711a6570.jpg,20230711a6570.txt
train,_bee_20230711a,20230711a660.jpg,20230711a660.txt
train,_bee_20230711a,20230711a6600.jpg,20230711a6600.txt
train,_bee_20230711a,20230711a6630.jpg,20230711a6630.txt
train,_bee_20230711a,20230711a6660.jpg,20230711a6660.txt
train,_bee_20230711a,20230711a6690.jpg,20230711a6690.txt
train,_bee_20230711a,20230711a6720.jpg,20230711a6720.txt
train,_bee_20230711a,20230711a6750.jpg,20230711a6750.txt
train,_bee_20230711a,20230711a6780.jpg,20230711a6780.txt
train,_bee_20230711a,20230711a6810.jpg,20230711a6810.txt
train,_bee_20230711a,20230711a6840.jpg,20230711a6840.txt
train,_bee_20230711a,20230711a6870.jpg,20230711a6870.txt
train,_bee_20230711a,20230711a690.jpg,20230711a690.txt
train,_bee_20230711a,20230711a6900.jpg,20230711a6900.txt
train,_bee_20230711a,20230711a6930.jpg,20230711a6930.txt
train,_bee_20230711a,20230711a6960.jpg,20230711a6960.txt
train,_bee_20230711a,20230711a6990.jpg,20230711a6990.txt
train,_bee_20230711a,20230711a7020.jpg,20230711a7020.txt
train,_bee_20230711a,20230711a7050.jpg,20230711a7050.txt
train,_bee_20230711a,20230711a7080.jpg,20230711a7080.txt
train,_bee_20230711a,20230711a7110.jpg,20230711a7110.txt
train,_bee_20230711a,20230711a7140.jpg,20230711a7140.txt
train,_bee_20230711a,20230711a7170.jpg,20230711a7170.txt
train,_bee_20230711a,20230711a720.jpg,20230711a720.txt
train,_bee_20230711a,20230711a7200.jpg,20230711a7200.txt
train,_bee_20230711a,20230711a7230.jpg,20230711a7230.txt
train,_bee_20230711a,20230711a7260.jpg,20230711a7260.txt
train,_bee_20230711a,20230711a7290.jpg,20230711a7290.txt
train,_bee_20230711a,20230711a7320.jpg,20230711a7320.txt
train,_bee_20230711a,20230711a7350.jpg,20230711a7350.txt
train,_bee_20230711a,20230711a7380.jpg,20230711a7380.txt
train,_bee_20230711a,20230711a7410.jpg,20230711a7410.txt
train,_bee_20230711a,20230711a7440.jpg,20230711a7440.txt
train,_bee_20230711a,20230711a7470.jpg,20230711a7470.txt
train,_bee_20230711a,20230711a750.jpg,20230711a750.txt
train,_bee_20230711a,20230711a7500.jpg,20230711a7500.txt
train,_bee_20230711a,20230711a7530.jpg,20230711a7530.txt
train,_bee_20230711a,20230711a7560.jpg,20230711a7560.txt
train,_bee_20230711a,20230711a7590.jpg,20230711a7590.txt
train,_bee_20230711a,20230711a7620.jpg,20230711a7620.txt
train,_bee_20230711a,20230711a7650.jpg,20230711a7650.txt
train,_bee_20230711a,20230711a7680.jpg,20230711a7680.txt
train,_bee_20230711a,20230711a7710.jpg,20230711a7710.txt
train,_bee_20230711a,20230711a7740.jpg,20230711a7740.txt
train,_bee_20230711a,20230711a7770.jpg,20230711a7770.txt
train,_bee_20230711a,20230711a780.jpg,20230711a780.txt
train,_bee_20230711a,20230711a7800.jpg,20230711a7800.txt
train,_bee_20230711a,20230711a7830.jpg,20230711a7830.txt
train,_bee_20230711a,20230711a7860.jpg,20230711a7860.txt
train,_bee_20230711a,20230711a7890.jpg,20230711a7890.txt
train,_bee_20230711a,20230711a7920.jpg,20230711a7920.txt
train,_bee_20230711a,20230711a7950.jpg,20230711a7950.txt
train,_bee_20230711a,20230711a7980.jpg,20230711a7980.txt
train,_bee_20230711a,20230711a8010.jpg,20230711a8010.txt
train,_bee_20230711a,20230711a8040.jpg,20230711a8040.txt
train,_bee_20230711a,20230711a8070.jpg,20230711a8070.txt
train,_bee_20230711a,20230711a810.jpg,20230711a810.txt
train,_bee_20230711a,20230711a8100.jpg,20230711a8100.txt
train,_bee_20230711a,20230711a8130.jpg,20230711a8130.txt
train,_bee_20230711a,20230711a8160.jpg,20230711a8160.txt
train,_bee_20230711a,20230711a8190.jpg,20230711a8190.txt
train,_bee_20230711a,20230711a8220.jpg,20230711a8220.txt
train,_bee_20230711a,20230711a8250.jpg,20230711a8250.txt
train,_bee_20230711a,20230711a8280.jpg,20230711a8280.txt
train,_bee_20230711a,20230711a8310.jpg,20230711a8310.txt
train,_bee_20230711a,20230711a8340.jpg,20230711a8340.txt
train,_bee_20230711a,20230711a8370.jpg,20230711a8370.txt
train,_bee_20230711a,20230711a840.jpg,20230711a840.txt
train,_bee_20230711a,20230711a8400.jpg,20230711a8400.txt
train,_bee_20230711a,20230711a8430.jpg,20230711a8430.txt
train,_bee_20230711a,20230711a8460.jpg,20230711a8460.txt
train,_bee_20230711a,20230711a8490.jpg,20230711a8490.txt
train,_bee_20230711a,20230711a8520.jpg,20230711a8520.txt
train,_bee_20230711a,20230711a8550.jpg,20230711a8550.txt
train,_bee_20230711a,20230711a8580.jpg,20230711a8580.txt
train,_bee_20230711a,20230711a8610.jpg,20230711a8610.txt
train,_bee_20230711a,20230711a8640.jpg,20230711a8640.txt
train,_bee_20230711a,20230711a8670.jpg,20230711a8670.txt
train,_bee_20230711a,20230711a870.jpg,20230711a870.txt
train,_bee_20230711a,20230711a8700.jpg,20230711a8700.txt
train,_bee_20230711a,20230711a8730.jpg,20230711a8730.txt
train,_bee_20230711a,20230711a8760.jpg,20230711a8760.txt
train,_bee_20230711a,20230711a8790.jpg,20230711a8790.txt
train,_bee_20230711a,20230711a8820.jpg,20230711a8820.txt
train,_bee_20230711a,20230711a8850.jpg,20230711a8850.txt
train,_bee_20230711a,20230711a8880.jpg,20230711a8880.txt
train,_bee_20230711a,20230711a8910.jpg,20230711a8910.txt
train,_bee_20230711a,20230711a8940.jpg,20230711a8940.txt
train,_bee_20230711a,20230711a8970.jpg,20230711a8970.txt
train,_bee_20230711a,20230711a90.jpg,20230711a90.txt
train,_bee_20230711a,20230711a900.jpg,20230711a900.txt
train,_bee_20230711a,20230711a9000.jpg,20230711a9000.txt
train,_bee_20230711a,20230711a9030.jpg,20230711a9030.txt
train,_bee_20230711a,20230711a9060.jpg,20230711a9060.txt
train,_bee_20230711a,20230711a9090.jpg,20230711a9090.txt
train,_bee_20230711a,20230711a9120.jpg,20230711a9120.txt
train,_bee_20230711a,20230711a9150.jpg,20230711a9150.txt
train,_bee_20230711a,20230711a9180.jpg,20230711a9180.txt
train,_bee_20230711a,20230711a9210.jpg,20230711a9210.txt
train,_bee_20230711a,20230711a9240.jpg,20230711a9240.txt
train,_bee_20230711a,20230711a9270.jpg,20230711a9270.txt
train,_bee_20230711a,20230711a930.jpg,20230711a930.txt
train,_bee_20230711a,20230711a9300.jpg,20230711a9300.txt
train,_bee_20230711a,20230711a9330.jpg,20230711a9330.txt
train,_bee_20230711a,20230711a9360.jpg,20230711a9360.txt
train,_bee_20230711a,20230711a9390.jpg,20230711a9390.txt
train,_bee_20230711a,20230711a9420.jpg,20230711a9420.txt
train,_bee_20230711a,20230711a9450.jpg,20230711a9450.txt
train,_bee_20230711a,20230711a9480.jpg,20230711a9480.txt
train,_bee_20230711a,20230711a9510.jpg,20230711a9510.txt
train,_bee_20230711a,20230711a9540.jpg,20230711a9540.txt
train,_bee_20230711a,20230711a9570.jpg,20230711a9570.txt
train,_bee_20230711a,20230711a960.jpg,20230711a960.txt
train,_bee_20230711a,20230711a9600.jpg,20230711a9600.txt
train,_bee_20230711a,20230711a9630.jpg,20230711a9630.txt
train,_bee_20230711a,20230711a9660.jpg,20230711a9660.txt
train,_bee_20230711a,20230711a9690.jpg,20230711a9690.txt
train,_bee_20230711a,20230711a9720.jpg,20230711a9720.txt
train,_bee_20230711a,20230711a9750.jpg,20230711a9750.txt
train,_bee_20230711a,20230711a9780.jpg,20230711a9780.txt
train,_bee_20230711a,20230711a9810.jpg,20230711a9810.txt
train,_bee_20230711a,20230711a9840.jpg,20230711a9840.txt
train,_bee_20230711a,20230711a9870.jpg,20230711a9870.txt
train,_bee_20230711a,20230711a990.jpg,20230711a990.txt
train,_bee_20230711a,20230711a9900.jpg,20230711a9900.txt
train,_bee_20230711a,20230711a9930.jpg,20230711a9930.txt
train,_bee_20230711a,20230711a9960.jpg,20230711a9960.txt
train,_bee_20230711a,20230711a9990.jpg,20230711a9990.txt
val,_bee_20230609e,20230609e1002.jpg,20230609e1002.txt
val,_bee_20230609e,20230609e1008.jpg,20230609e1008.txt
val,_bee_20230609e,20230609e1014.jpg,20230609e1014.txt
val,_bee_20230609e,20230609e102.jpg,20230609e102.txt
val,_bee_20230609e,20230609e1020.jpg,20230609e1020.txt
val,_bee_20230609e,20230609e1026.jpg,20230609e1026.txt
val,_bee_20230609e,20230609e1074.jpg,20230609e1074.txt
val,_bee_20230609e,20230609e108.jpg,20230609e108.txt
val,_bee_20230609e,20230609e1080.jpg,20230609e1080.txt
val,_bee_20230609e,20230609e1086.jpg,20230609e1086.txt
val,_bee_20230609e,20230609e1092.jpg,20230609e1092.txt
val,_bee_20230609e,20230609e1098.jpg,20230609e1098.txt
val,_bee_20230609e,20230609e1104.jpg,20230609e1104.txt
val,_bee_20230609e,20230609e1110.jpg,20230609e1110.txt
val,_bee_20230609e,20230609e1116.jpg,20230609e1116.txt
val,_bee_20230609e,20230609e1122.jpg,20230609e1122.txt
val,_bee_20230609e,20230609e1128.jpg,20230609e1128.txt
val,_bee_20230609e,20230609e1134.jpg,20230609e1134.txt
val,_bee_20230609e,20230609e114.jpg,20230609e114.txt
val,_bee_20230609e,20230609e1140.jpg,20230609e1140.txt
val,_bee_20230609e,20230609e1146.jpg,20230609e1146.txt
val,_bee_20230609e,20230609e1152.jpg,20230609e1152.txt
val,_bee_20230609e,20230609e1170.jpg,20230609e1170.txt
val,_bee_20230609e,20230609e1176.jpg,20230609e1176.txt
val,_bee_20230609e,20230609e1182.jpg,20230609e1182.txt
val,_bee_20230609e,20230609e1188.jpg,20230609e1188.txt
val,_bee_20230609e,20230609e1194.jpg,20230609e1194.txt
val,_bee_20230609e,20230609e120.jpg,20230609e120.txt
val,_bee_20230609e,20230609e1200.jpg,20230609e1200.txt
val,_bee_20230609e,20230609e1206.jpg,20230609e1206.txt
val,_bee_20230609e,20230609e1212.jpg,20230609e1212.txt
val,_bee_20230609e,20230609e1218.jpg,20230609e1218.txt
val,_bee_20230609e,20230609e1224.jpg,20230609e1224.txt
val,_bee_20230609e,20230609e1230.jpg,20230609e1230.txt
val,_bee_20230609e,20230609e1248.jpg,20230609e1248.txt
val,_bee_20230609e,20230609e1254.jpg,20230609e1254.txt
val,_bee_20230609e,20230609e126.jpg,20230609e126.txt
val,_bee_20230609e,20230609e1260.jpg,20230609e1260.txt
val,_bee_20230609e,20230609e1266.jpg,20230609e1266.txt
val,_bee_20230609e,20230609e1272.jpg,20230609e1272.txt
val,_bee_20230609e,20230609e1278.jpg,20230609e1278.txt
val,_bee_20230609e,20230609e1284.jpg,20230609e1284.txt
val,_bee_20230609e,20230609e1290.jpg,20230609e1290.txt
val,_bee_20230609e,20230609e1296.jpg,20230609e1296.txt
val,_bee_20230609e,20230609e1302.jpg,20230609e1302.txt
val,_bee_20230609e,20230609e1308.jpg,20230609e1308.txt
val,_bee_20230609e,20230609e1314.jpg,20230609e1314.txt
val,_bee_20230609e,20230609e132.jpg,20230609e132.txt
val,_bee_20230609e,20230609e1332.jpg,20230609e1332.txt
val,_bee_20230609e,20230609e1338.jpg,20230609e1338.txt
val,_bee_20230609e,20230609e1344.jpg,20230609e1344.txt
val,_bee_20230609e,20230609e1350.jpg,20230609e1350.txt
val,_bee_20230609e,20230609e1356.jpg,20230609e1356.txt
val,_bee_20230609e,20230609e1362.jpg,20230609e1362.txt
val,_bee_20230609e,20230609e1368.jpg,20230609e1368.txt
val,_bee_20230609e,20230609e1374.jpg,20230609e1374.txt
val,_bee_20230609e,20230609e138.jpg,20230609e138.txt
val,_bee_20230609e,20230609e1380.jpg,20230609e1380.txt
val,_bee_20230609e,20230609e1386.jpg,20230609e1386.txt
val,_bee_20230609e,20230609e1392.jpg,20230609e1392.txt
val,_bee_20230609e,20230609e1398.jpg,20230609e1398.txt
val,_bee_20230609e,20230609e1404.jpg,20230609e1404.txt
val,_bee_20230609e,20230609e1410.jpg,20230609e1410.txt
val,_bee_20230609e,20230609e1416.jpg,20230609e1416.txt
val,_bee_20230609e,20230609e1422.jpg,20230609e1422.txt
val,_bee_20230609e,20230609e1428.jpg,20230609e1428.txt
val,_bee_20230609e,20230609e1434.jpg,20230609e1434.txt
val,_bee_20230609e,20230609e144.jpg,20230609e144.txt
val,_bee_20230609e,20230609e1446.jpg,20230609e1446.txt
val,_bee_20230609e,20230609e1452.jpg,20230609e1452.txt
val,_bee_20230609e,20230609e1458.jpg,20230609e1458.txt
val,_bee_20230609e,20230609e1464.jpg,20230609e1464.txt
val,_bee_20230609e,20230609e1476.jpg,20230609e1476.txt
val,_bee_20230609e,20230609e1482.jpg,20230609e1482.txt
val,_bee_20230609e,20230609e1488.jpg,20230609e1488.txt
val,_bee_20230609e,20230609e1494.jpg,20230609e1494.txt
val,_bee_20230609e,20230609e150.jpg,20230609e150.txt
val,_bee_20230609e,20230609e1500.jpg,20230609e1500.txt
val,_bee_20230609e,20230609e1506.jpg,20230609e1506.txt
val,_bee_20230609e,20230609e1512.jpg,20230609e1512.txt
val,_bee_20230609e,20230609e1524.jpg,20230609e1524.txt
val,_bee_20230609e,20230609e1530.jpg,20230609e1530.txt
val,_bee_20230609e,20230609e1536.jpg,20230609e1536.txt
val,_bee_20230609e,20230609e1542.jpg,20230609e1542.txt
val,_bee_20230609e,20230609e1548.jpg,20230609e1548.txt
val,_bee_20230609e,20230609e1554.jpg,20230609e1554.txt
val,_bee_20230609e,20230609e156.jpg,20230609e156.txt
val,_bee_20230609e,20230609e1560.jpg,20230609e1560.txt
val,_bee_20230609e,20230609e1566.jpg,20230609e1566.txt
val,_bee_20230609e,20230609e1572.jpg,20230609e1572.txt
val,_bee_20230609e,20230609e1578.jpg,20230609e1578.txt
val,_bee_20230609e,20230609e1584.jpg,20230609e1584.txt
val,_bee_20230609e,20230609e1590.jpg,20230609e1590.txt
val,_bee_20230609e,20230609e1596.jpg,20230609e1596.txt
val,_bee_20230609e,20230609e1602.jpg,20230609e1602.txt
val,_bee_20230609e,20230609e1608.jpg,20230609e1608.txt
val,_bee_20230609e,20230609e1614.jpg,20230609e1614.txt
val,_bee_20230609e,20230609e162.jpg,20230609e162.txt
val,_bee_20230609e,20230609e1620.jpg,20230609e1620.txt
val,_bee_20230609e,20230609e1626.jpg,20230609e1626.txt
val,_bee_20230609e,20230609e1632.jpg,20230609e1632.txt
val,_bee_20230609e,20230609e1638.jpg,20230609e1638.txt
val,_bee_20230609e,20230609e1644.jpg,20230609e1644.txt
val,_bee_20230609e,20230609e1650.jpg,20230609e1650.txt
val,_bee_20230609e,20230609e1656.jpg,20230609e1656.txt
val,_bee_20230609e,20230609e168.jpg,20230609e168.txt
val,_bee_20230609e,20230609e1680.jpg,20230609e1680.txt
val,_bee_20230609e,20230609e1686.jpg,20230609e1686.txt
val,_bee_20230609e,20230609e1692.jpg,20230609e1692.txt
val,_bee_20230609e,20230609e1698.jpg,20230609e1698.txt
val,_bee_20230609e,20230609e1704.jpg,20230609e1704.txt
val,_bee_20230609e,20230609e1710.jpg,20230609e1710.txt
val,_bee_20230609e,20230609e1716.jpg,20230609e1716.txt
val,_bee_20230609e,20230609e1722.jpg,20230609e1722.txt
val,_bee_20230609e,20230609e1728.jpg,20230609e1728.txt
val,_bee_20230609e,20230609e1734.jpg,20230609e1734.txt
val,_bee_20230609e,20230609e174.jpg,20230609e174.txt
val,_bee_20230609e,20230609e1740.jpg,20230609e1740.txt
val,_bee_20230609e,20230609e1746.jpg,20230609e1746.txt
val,_bee_20230609e,20230609e1752.jpg,20230609e1752.txt
val,_bee_20230609e,20230609e1758.jpg,20230609e1758.txt
val,_bee_20230609e,20230609e1764.jpg,20230609e1764.txt
val,_bee_20230609e,20230609e18.jpg,20230609e18.txt
val,_bee_20230609e,20230609e180.jpg,20230609e180.txt
val,_bee_20230609e,20230609e1836.jpg,20230609e1836.txt
val,_bee_20230609e,20230609e1842.jpg,20230609e1842.txt
val,_bee_20230609e,20230609e1848.jpg,20230609e1848.txt
val,_bee_20230609e,20230609e1854.jpg,20230609e1854.txt
val,_bee_20230609e,20230609e186.jpg,20230609e186.txt
val,_bee_20230609e,20230609e1860.jpg,20230609e1860.txt
val,_bee_20230609e,20230609e1866.jpg,20230609e1866.txt
val,_bee_20230609e,20230609e1872.jpg,20230609e1872.txt
val,_bee_20230609e,20230609e1878.jpg,20230609e1878.txt
val,_bee_20230609e,20230609e1884.jpg,20230609e1884.txt
val,_bee_20230609e,20230609e1890.jpg,20230609e1890.txt
val,_bee_20230609e,20230609e1896.jpg,20230609e1896.txt
val,_bee_20230609e,20230609e1902.jpg,20230609e1902.txt
val,_bee_20230609e,20230609e1908.jpg,20230609e1908.txt
val,_bee_20230609e,20230609e1914.jpg,20230609e1914.txt
val,_bee_20230609e,20230609e192.jpg,20230609e192.txt
val,_bee_20230609e,20230609e1920.jpg,20230609e1920.txt
val,_bee_20230609e,20230609e1926.jpg,20230609e1926.txt
val,_bee_20230609e,20230609e1932.jpg,20230609e1932.txt
val,_bee_20230609e,20230609e1938.jpg,20230609e1938.txt
val,_bee_20230609e,20230609e1974.jpg,20230609e1974.txt
val,_bee_20230609e,20230609e198.jpg,20230609e198.txt
val,_bee_20230609e,20230609e1980.jpg,20230609e1980.txt
val,_bee_20230609e,20230609e1986.jpg,20230609e1986.txt
val,_bee_20230609e,20230609e1992.jpg,20230609e1992.txt
val,_bee_20230609e,20230609e1998.jpg,20230609e1998.txt
val,_bee_20230609e,20230609e2004.jpg,20230609e2004.txt
val,_bee_20230609e,20230609e2010.jpg,20230609e2010.txt
val,_bee_20230609e,20230609e204.jpg,20230609e204.txt
val,_bee_20230609e,20230609e2040.jpg,20230609e2040.txt
val,_bee_20230609e,20230609e2046.jpg,20230609e2046.txt
val,_bee_20230609e,20230609e2052.jpg,20230609e2052.txt
val,_bee_20230609e,20230609e2058.jpg,20230609e2058.txt
val,_bee_20230609e,20230609e2064.jpg,20230609e2064.txt
val,_bee_20230609e,20230609e2070.jpg,20230609e2070.txt
val,_bee_20230609e,20230609e2076.jpg,20230609e2076.txt
val,_bee_20230609e,20230609e2088.jpg,20230609e2088.txt
val,_bee_20230609e,20230609e2094.jpg,20230609e2094.txt
val,_bee_20230609e,20230609e210.jpg,20230609e210.txt
val,_bee_20230609e,20230609e2100.jpg,20230609e2100.txt
val,_bee_20230609e,20230609e2112.jpg,20230609e2112.txt
val,_bee_20230609e,20230609e2118.jpg,20230609e2118.txt
val,_bee_20230609e,20230609e216.jpg,20230609e216.txt
val,_bee_20230609e,20230609e2160.jpg,20230609e2160.txt
val,_bee_20230609e,20230609e2166.jpg,20230609e2166.txt
val,_bee_20230609e,20230609e2172.jpg,20230609e2172.txt
val,_bee_20230609e,20230609e2178.jpg,20230609e2178.txt
val,_bee_20230609e,20230609e2184.jpg,20230609e2184.txt
val,_bee_20230609e,20230609e2190.jpg,20230609e2190.txt
val,_bee_20230609e,20230609e2196.jpg,20230609e2196.txt
val,_bee_20230609e,20230609e2202.jpg,20230609e2202.txt
val,_bee_20230609e,20230609e2208.jpg,20230609e2208.txt
val,_bee_20230609e,20230609e2214.jpg,20230609e2214.txt
val,_bee_20230609e,20230609e222.jpg,20230609e222.txt
val,_bee_20230609e,20230609e2220.jpg,20230609e2220.txt
val,_bee_20230609e,20230609e2226.jpg,20230609e2226.txt
val,_bee_20230609e,20230609e2232.jpg,20230609e2232.txt
val,_bee_20230609e,20230609e2268.jpg,20230609e2268.txt
val,_bee_20230609e,20230609e2274.jpg,20230609e2274.txt
val,_bee_20230609e,20230609e228.jpg,20230609e228.txt
val,_bee_20230609e,20230609e2280.jpg,20230609e2280.txt
val,_bee_20230609e,20230609e2286.jpg,20230609e2286.txt
val,_bee_20230609e,20230609e2292.jpg,20230609e2292.txt
val,_bee_20230609e,20230609e2298.jpg,20230609e2298.txt
val,_bee_20230609e,20230609e234.jpg,20230609e234.txt
val,_bee_20230609e,20230609e2352.jpg,20230609e2352.txt
val,_bee_20230609e,20230609e2358.jpg,20230609e2358.txt
val,_bee_20230609e,20230609e2364.jpg,20230609e2364.txt
val,_bee_20230609e,20230609e2370.jpg,20230609e2370.txt
val,_bee_20230609e,20230609e2376.jpg,20230609e2376.txt
val,_bee_20230609e,20230609e2382.jpg,20230609e2382.txt
val,_bee_20230609e,20230609e2388.jpg,20230609e2388.txt
val,_bee_20230609e,20230609e24.jpg,20230609e24.txt
val,_bee_20230609e,20230609e240.jpg,20230609e240.txt
val,_bee_20230609e,20230609e2436.jpg,20230609e2436.txt
val,_bee_20230609e,20230609e2442.jpg,20230609e2442.txt
val,_bee_20230609e,20230609e2448.jpg,20230609e2448.txt
val,_bee_20230609e,20230609e2454.jpg,20230609e2454.txt
val,_bee_20230609e,20230609e246.jpg,20230609e246.txt
val,_bee_20230609e,20230609e2484.jpg,20230609e2484.txt
val,_bee_20230609e,20230609e2490.jpg,20230609e2490.txt
val,_bee_20230609e,20230609e2496.jpg,20230609e2496.txt
val,_bee_20230609e,20230609e2502.jpg,20230609e2502.txt
val,_bee_20230609e,20230609e2508.jpg,20230609e2508.txt
val,_bee_20230609e,20230609e2514.jpg,20230609e2514.txt
val,_bee_20230609e,20230609e252.jpg,20230609e252.txt
val,_bee_20230609e,20230609e2520.jpg,20230609e2520.txt
val,_bee_20230609e,20230609e2526.jpg,20230609e2526.txt
val,_bee_20230609e,20230609e2532.jpg,20230609e2532.txt
val,_bee_20230609e,20230609e2538.jpg,20230609e2538.txt
val,_bee_20230609e,20230609e2544.jpg,20230609e2544.txt
val,_bee_20230609e,20230609e2550.jpg,20230609e2550.txt
val,_bee_20230609e,20230609e2556.jpg,20230609e2556.txt
val,_bee_20230609e,20230609e2562.jpg,20230609e2562.txt
val,_bee_20230609e,20230609e2568.jpg,20230609e2568.txt
val,_bee_20230609e,20230609e2574.jpg,20230609e2574.txt
val,_bee_20230609e,20230609e258.jpg,20230609e258.txt
val,_bee_20230609e,20230609e2580.jpg,20230609e2580.txt
val,_bee_20230609e,20230609e2586.jpg,20230609e2586.txt
val,_bee_20230609e,20230609e2592.jpg,20230609e2592.txt
val,_bee_20230609e,20230609e2598.jpg,20230609e2598.txt
val,_bee_20230609e,20230609e2604.jpg,20230609e2604.txt
val,_bee_20230609e,20230609e2610.jpg,20230609e2610.txt
val,_bee_20230609e,20230609e2616.jpg,20230609e2616.txt
val,_bee_20230609e,20230609e2622.jpg,20230609e2622.txt
val,_bee_20230609e,20230609e2628.jpg,20230609e2628.txt
val,_bee_20230609e,20230609e264.jpg,20230609e264.txt
val,_bee_20230609e,20230609e2682.jpg,20230609e2682.txt
val,_bee_20230609e,20230609e2688.jpg,20230609e2688.txt
val,_bee_20230609e,20230609e2694.jpg,20230609e2694.txt
val,_bee_20230609e,20230609e270.jpg,20230609e270.txt
val,_bee_20230609e,20230609e2700.jpg,20230609e2700.txt
val,_bee_20230609e,20230609e2718.jpg,20230609e2718.txt
val,_bee_20230609e,20230609e2724.jpg,20230609e2724.txt
val,_bee_20230609e,20230609e2730.jpg,20230609e2730.txt
val,_bee_20230609e,20230609e2736.jpg,20230609e2736.txt
val,_bee_20230609e,20230609e2742.jpg,20230609e2742.txt
val,_bee_20230609e,20230609e2748.jpg,20230609e2748.txt
val,_bee_20230609e,20230609e2754.jpg,20230609e2754.txt
val,_bee_20230609e,20230609e276.jpg,20230609e276.txt
val,_bee_20230609e,20230609e2760.jpg,20230609e2760.txt
val,_bee_20230609e,20230609e2766.jpg,20230609e2766.txt
val,_bee_20230609e,20230609e2772.jpg,20230609e2772.txt
val,_bee_20230609e,20230609e2778.jpg,20230609e2778.txt
val,_bee_20230609e,20230609e2784.jpg,20230609e2784.txt
val,_bee_20230609e,20230609e2790.jpg,20230609e2790.txt
val,_bee_20230609e,20230609e2796.jpg,20230609e2796.txt
val,_bee_20230609e,20230609e2802.jpg,20230609e2802.txt
val,_bee_20230609e,20230609e2808.jpg,20230609e2808.txt
val,_bee_20230609e,20230609e2814.jpg,20230609e2814.txt
val,_bee_20230609e,20230609e282.jpg,20230609e282.txt
val,_bee_20230609e,20230609e2820.jpg,20230609e2820.txt
val,_bee_20230609e,20230609e2826.jpg,20230609e2826.txt
val,_bee_20230609e,20230609e2832.jpg,20230609e2832.txt
val,_bee_20230609e,20230609e2838.jpg,20230609e2838.txt
val,_bee_20230609e,20230609e2850.jpg,20230609e2850.txt
val,_bee_20230609e,20230609e2856.jpg,20230609e2856.txt
val,_bee_20230609e,20230609e2862.jpg,20230609e2862.txt
val,_bee_20230609e,20230609e2868.jpg,20230609e2868.txt
val,_bee_20230609e,20230609e2874.jpg,20230609e2874.txt
val,_bee_20230609e,20230609e288.jpg,20230609e288.txt
val,_bee_20230609e,20230609e2880.jpg,20230609e2880.txt
val,_bee_20230609e,20230609e2886.jpg,20230609e2886.txt
val,_bee_20230609e,20230609e2892.jpg,20230609e2892.txt
val,_bee_20230609e,20230609e2898.jpg,20230609e2898.txt
val,_bee_20230609e,20230609e2904.jpg,20230609e2904.txt
val,_bee_20230609e,20230609e2910.jpg,20230609e2910.txt
val,_bee_20230609e,20230609e2916.jpg,20230609e2916.txt
val,_bee_20230609e,20230609e2922.jpg,20230609e2922.txt
val,_bee_20230609e,20230609e2928.jpg,20230609e2928.txt
val,_bee_20230609e,20230609e2934.jpg,20230609e2934.txt
val,_bee_20230609e,20230609e294.jpg,20230609e294.txt
val,_bee_20230609e,20230609e2940.jpg,20230609e2940.txt
val,_bee_20230609e,20230609e2946.jpg,20230609e2946.txt
val,_bee_20230609e,20230609e2988.jpg,20230609e2988.txt
val,_bee_20230609e,20230609e2994.jpg,20230609e2994.txt
val,_bee_20230609e,20230609e30.jpg,20230609e30.txt
val,_bee_20230609e,20230609e300.jpg,20230609e300.txt
val,_bee_20230609e,20230609e3000.jpg,20230609e3000.txt
val,_bee_20230609e,20230609e3006.jpg,20230609e3006.txt
val,_bee_20230609e,20230609e3012.jpg,20230609e3012.txt
val,_bee_20230609e,20230609e3018.jpg,20230609e3018.txt
val,_bee_20230609e,20230609e3024.jpg,20230609e3024.txt
val,_bee_20230609e,20230609e306.jpg,20230609e306.txt
val,_bee_20230609e,20230609e3060.jpg,20230609e3060.txt
val,_bee_20230609e,20230609e3066.jpg,20230609e3066.txt
val,_bee_20230609e,20230609e3072.jpg,20230609e3072.txt
val,_bee_20230609e,20230609e3078.jpg,20230609e3078.txt
val,_bee_20230609e,20230609e3084.jpg,20230609e3084.txt
val,_bee_20230609e,20230609e3090.jpg,20230609e3090.txt
val,_bee_20230609e,20230609e3096.jpg,20230609e3096.txt
val,_bee_20230609e,20230609e3102.jpg,20230609e3102.txt
val,_bee_20230609e,20230609e3108.jpg,20230609e3108.txt
val,_bee_20230609e,20230609e3114.jpg,20230609e3114.txt
val,_bee_20230609e,20230609e312.jpg,20230609e312.txt
val,_bee_20230609e,20230609e3132.jpg,20230609e3132.txt
val,_bee_20230609e,20230609e3144.jpg,20230609e3144.txt
val,_bee_20230609e,20230609e3150.jpg,20230609e3150.txt
val,_bee_20230609e,20230609e3156.jpg,20230609e3156.txt
val,_bee_20230609e,20230609e3162.jpg,20230609e3162.txt
val,_bee_20230609e,20230609e3168.jpg,20230609e3168.txt
val,_bee_20230609e,20230609e3174.jpg,20230609e3174.txt
val,_bee_20230609e,20230609e318.jpg,20230609e318.txt
val,_bee_20230609e,20230609e3180.jpg,20230609e3180.txt
val,_bee_20230609e,20230609e3186.jpg,20230609e3186.txt
val,_bee_20230609e,20230609e3192.jpg,20230609e3192.txt
val,_bee_20230609e,20230609e324.jpg,20230609e324.txt
val,_bee_20230609e,20230609e3240.jpg,20230609e3240.txt
val,_bee_20230609e,20230609e3258.jpg,20230609e3258.txt
val,_bee_20230609e,20230609e3264.jpg,20230609e3264.txt
val,_bee_20230609e,20230609e3282.jpg,20230609e3282.txt
val,_bee_20230609e,20230609e3288.jpg,20230609e3288.txt
val,_bee_20230609e,20230609e3294.jpg,20230609e3294.txt
val,_bee_20230609e,20230609e330.jpg,20230609e330.txt
val,_bee_20230609e,20230609e3300.jpg,20230609e3300.txt
val,_bee_20230609e,20230609e3306.jpg,20230609e3306.txt
val,_bee_20230609e,20230609e3324.jpg,20230609e3324.txt
val,_bee_20230609e,20230609e3330.jpg,20230609e3330.txt
val,_bee_20230609e,20230609e3336.jpg,20230609e3336.txt
val,_bee_20230609e,20230609e3342.jpg,20230609e3342.txt
val,_bee_20230609e,20230609e3348.jpg,20230609e3348.txt
val,_bee_20230609e,20230609e3354.jpg,20230609e3354.txt
val,_bee_20230609e,20230609e336.jpg,20230609e336.txt
val,_bee_20230609e,20230609e3360.jpg,20230609e3360.txt
val,_bee_20230609e,20230609e3366.jpg,20230609e3366.txt
val,_bee_20230609e,20230609e3372.jpg,20230609e3372.txt
val,_bee_20230609e,20230609e3378.jpg,20230609e3378.txt
val,_bee_20230609e,20230609e3384.jpg,20230609e3384.txt
val,_bee_20230609e,20230609e3390.jpg,20230609e3390.txt
val,_bee_20230609e,20230609e3396.jpg,20230609e3396.txt
val,_bee_20230609e,20230609e3402.jpg,20230609e3402.txt
val,_bee_20230609e,20230609e3408.jpg,20230609e3408.txt
val,_bee_20230609e,20230609e3414.jpg,20230609e3414.txt
val,_bee_20230609e,20230609e342.jpg,20230609e342.txt
val,_bee_20230609e,20230609e3420.jpg,20230609e3420.txt
val,_bee_20230609e,20230609e3426.jpg,20230609e3426.txt
val,_bee_20230609e,20230609e3432.jpg,20230609e3432.txt
val,_bee_20230609e,20230609e3438.jpg,20230609e3438.txt
val,_bee_20230609e,20230609e3444.jpg,20230609e3444.txt
val,_bee_20230609e,20230609e3450.jpg,20230609e3450.txt
val,_bee_20230609e,20230609e348.jpg,20230609e348.txt
val,_bee_20230609e,20230609e3510.jpg,20230609e3510.txt
val,_bee_20230609e,20230609e3516.jpg,20230609e3516.txt
val,_bee_20230609e,20230609e3522.jpg,20230609e3522.txt
val,_bee_20230609e,20230609e3528.jpg,20230609e3528.txt
val,_bee_20230609e,20230609e3534.jpg,20230609e3534.txt
val,_bee_20230609e,20230609e354.jpg,20230609e354.txt
val,_bee_20230609e,20230609e3540.jpg,20230609e3540.txt
val,_bee_20230609e,20230609e3546.jpg,20230609e3546.txt
val,_bee_20230609e,20230609e3552.jpg,20230609e3552.txt
val,_bee_20230609e,20230609e3558.jpg,20230609e3558.txt
val,_bee_20230609e,20230609e3564.jpg,20230609e3564.txt
val,_bee_20230609e,20230609e3570.jpg,20230609e3570.txt
val,_bee_20230609e,20230609e3576.jpg,20230609e3576.txt
val,_bee_20230609e,20230609e3582.jpg,20230609e3582.txt
val,_bee_20230609e,20230609e3594.jpg,20230609e3594.txt
val,_bee_20230609e,20230609e36.jpg,20230609e36.txt
val,_bee_20230609e,20230609e360.jpg,20230609e360.txt
val,_bee_20230609e,20230609e3600.jpg,20230609e3600.txt
val,_bee_20230609e,20230609e3606.jpg,20230609e3606.txt
val,_bee_20230609e,20230609e3654.jpg,20230609e3654.txt
val,_bee_20230609e,20230609e366.jpg,20230609e366.txt
val,_bee_20230609e,20230609e3660.jpg,20230609e3660.txt
val,_bee_20230609e,20230609e3666.jpg,20230609e3666.txt
val,_bee_20230609e,20230609e3672.jpg,20230609e3672.txt
val,_bee_20230609e,20230609e3678.jpg,20230609e3678.txt
val,_bee_20230609e,20230609e3684.jpg,20230609e3684.txt
val,_bee_20230609e,20230609e3690.jpg,20230609e3690.txt
val,_bee_20230609e,20230609e3696.jpg,20230609e3696.txt
val,_bee_20230609e,20230609e3702.jpg,20230609e3702.txt
val,_bee_20230609e,20230609e3708.jpg,20230609e3708.txt
val,_bee_20230609e,20230609e3714.jpg,20230609e3714.txt
val,_bee_20230609e,20230609e372.jpg,20230609e372.txt
val,_bee_20230609e,20230609e3720.jpg,20230609e3720.txt
val,_bee_20230609e,20230609e3726.jpg,20230609e3726.txt
val,_bee_20230609e,20230609e3732.jpg,20230609e3732.txt
val,_bee_20230609e,20230609e3738.jpg,20230609e3738.txt
val,_bee_20230609e,20230609e3744.jpg,20230609e3744.txt
val,_bee_20230609e,20230609e3750.jpg,20230609e3750.txt
val,_bee_20230609e,20230609e3756.jpg,20230609e3756.txt
val,_bee_20230609e,20230609e3762.jpg,20230609e3762.txt
val,_bee_20230609e,20230609e3768.jpg,20230609e3768.txt
val,_bee_20230609e,20230609e3774.jpg,20230609e3774.txt
val,_bee_20230609e,20230609e378.jpg,20230609e378.txt
val,_bee_20230609e,20230609e3780.jpg,20230609e3780.txt
val,_bee_20230609e,20230609e3786.jpg,20230609e3786.txt
val,_bee_20230609e,20230609e3792.jpg,20230609e3792.txt
val,_bee_20230609e,20230609e3798.jpg,20230609e3798.txt
val,_bee_20230609e,20230609e3804.jpg,20230609e3804.txt
val,_bee_20230609e,20230609e3810.jpg,20230609e3810.txt
val,_bee_20230609e,20230609e3816.jpg,20230609e3816.txt
val,_bee_20230609e,20230609e3822.jpg,20230609e3822.txt
val,_bee_20230609e,20230609e3828.jpg,20230609e3828.txt
val,_bee_20230609e,20230609e384.jpg,20230609e384.txt
val,_bee_20230609e,20230609e3846.jpg,20230609e3846.txt
val,_bee_20230609e,20230609e3852.jpg,20230609e3852.txt
val,_bee_20230609e,20230609e3858.jpg,20230609e3858.txt
val,_bee_20230609e,20230609e3864.jpg,20230609e3864.txt
val,_bee_20230609e,20230609e3870.jpg,20230609e3870.txt
val,_bee_20230609e,20230609e3876.jpg,20230609e3876.txt
val,_bee_20230609e,20230609e3882.jpg,20230609e3882.txt
val,_bee_20230609e,20230609e3888.jpg,20230609e3888.txt
val,_bee_20230609e,20230609e3894.jpg,20230609e3894.txt
val,_bee_20230609e,20230609e390.jpg,20230609e390.txt
val,_bee_20230609e,20230609e3900.jpg,20230609e3900.txt
val,_bee_20230609e,20230609e3906.jpg,20230609e3906.txt
val,_bee_20230609e,20230609e3912.jpg,20230609e3912.txt
val,_bee_20230609e,20230609e3918.jpg,20230609e3918.txt
val,_bee_20230609e,20230609e3924.jpg,20230609e3924.txt
val,_bee_20230609e,20230609e3930.jpg,20230609e3930.txt
val,_bee_20230609e,20230609e3936.jpg,20230609e3936.txt
val,_bee_20230609e,20230609e3942.jpg,20230609e3942.txt
val,_bee_20230609e,20230609e3948.jpg,20230609e3948.txt
val,_bee_20230609e,20230609e3954.jpg,20230609e3954.txt
val,_bee_20230609e,20230609e396.jpg,20230609e396.txt
val,_bee_20230609e,20230609e3960.jpg,20230609e3960.txt
val,_bee_20230609e,20230609e3966.jpg,20230609e3966.txt
val,_bee_20230609e,20230609e3972.jpg,20230609e3972.txt
val,_bee_20230609e,20230609e4002.jpg,20230609e4002.txt
val,_bee_20230609e,20230609e4008.jpg,20230609e4008.txt
val,_bee_20230609e,20230609e402.jpg,20230609e402.txt
val,_bee_20230609e,20230609e4068.jpg,20230609e4068.txt
val,_bee_20230609e,20230609e4074.jpg,20230609e4074.txt
val,_bee_20230609e,20230609e408.jpg,20230609e408.txt
val,_bee_20230609e,20230609e4080.jpg,20230609e4080.txt
val,_bee_20230609e,20230609e4086.jpg,20230609e4086.txt
val,_bee_20230609e,20230609e4122.jpg,20230609e4122.txt
val,_bee_20230609e,20230609e4134.jpg,20230609e4134.txt
val,_bee_20230609e,20230609e414.jpg,20230609e414.txt
val,_bee_20230609e,20230609e4140.jpg,20230609e4140.txt
val,_bee_20230609e,20230609e4170.jpg,20230609e4170.txt
val,_bee_20230609e,20230609e4176.jpg,20230609e4176.txt
val,_bee_20230609e,20230609e4182.jpg,20230609e4182.txt
val,_bee_20230609e,20230609e4188.jpg,20230609e4188.txt
val,_bee_20230609e,20230609e4194.jpg,20230609e4194.txt
val,_bee_20230609e,20230609e42.jpg,20230609e42.txt
val,_bee_20230609e,20230609e420.jpg,20230609e420.txt
val,_bee_20230609e,20230609e4200.jpg,20230609e4200.txt
val,_bee_20230609e,20230609e4206.jpg,20230609e4206.txt
val,_bee_20230609e,20230609e4212.jpg,20230609e4212.txt
val,_bee_20230609e,20230609e4218.jpg,20230609e4218.txt
val,_bee_20230609e,20230609e4242.jpg,20230609e4242.txt
val,_bee_20230609e,20230609e4248.jpg,20230609e4248.txt
val,_bee_20230609e,20230609e4254.jpg,20230609e4254.txt
val,_bee_20230609e,20230609e426.jpg,20230609e426.txt
val,_bee_20230609e,20230609e4260.jpg,20230609e4260.txt
val,_bee_20230609e,20230609e4266.jpg,20230609e4266.txt
val,_bee_20230609e,20230609e4278.jpg,20230609e4278.txt
val,_bee_20230609e,20230609e4284.jpg,20230609e4284.txt
val,_bee_20230609e,20230609e4290.jpg,20230609e4290.txt
val,_bee_20230609e,20230609e4302.jpg,20230609e4302.txt
val,_bee_20230609e,20230609e4308.jpg,20230609e4308.txt
val,_bee_20230609e,20230609e4314.jpg,20230609e4314.txt
val,_bee_20230609e,20230609e432.jpg,20230609e432.txt
val,_bee_20230609e,20230609e4326.jpg,20230609e4326.txt
val,_bee_20230609e,20230609e4332.jpg,20230609e4332.txt
val,_bee_20230609e,20230609e4338.jpg,20230609e4338.txt
val,_bee_20230609e,20230609e4350.jpg,20230609e4350.txt
val,_bee_20230609e,20230609e4356.jpg,20230609e4356.txt
val,_bee_20230609e,20230609e4362.jpg,20230609e4362.txt
val,_bee_20230609e,20230609e4368.jpg,20230609e4368.txt
val,_bee_20230609e,20230609e4374.jpg,20230609e4374.txt
val,_bee_20230609e,20230609e438.jpg,20230609e438.txt
val,_bee_20230609e,20230609e4380.jpg,20230609e4380.txt
val,_bee_20230609e,20230609e4386.jpg,20230609e4386.txt
val,_bee_20230609e,20230609e4392.jpg,20230609e4392.txt
val,_bee_20230609e,20230609e4398.jpg,20230609e4398.txt
val,_bee_20230609e,20230609e4404.jpg,20230609e4404.txt
val,_bee_20230609e,20230609e4410.jpg,20230609e4410.txt
val,_bee_20230609e,20230609e4416.jpg,20230609e4416.txt
val,_bee_20230609e,20230609e4422.jpg,20230609e4422.txt
val,_bee_20230609e,20230609e4428.jpg,20230609e4428.txt
val,_bee_20230609e,20230609e4434.jpg,20230609e4434.txt
val,_bee_20230609e,20230609e444.jpg,20230609e444.txt
val,_bee_20230609e,20230609e4440.jpg,20230609e4440.txt
val,_bee_20230609e,20230609e4452.jpg,20230609e4452.txt
val,_bee_20230609e,20230609e4458.jpg,20230609e4458.txt
val,_bee_20230609e,20230609e4464.jpg,20230609e4464.txt
val,_bee_20230609e,20230609e4470.jpg,20230609e4470.txt
val,_bee_20230609e,20230609e4476.jpg,20230609e4476.txt
val,_bee_20230609e,20230609e4482.jpg,20230609e4482.txt
val,_bee_20230609e,20230609e450.jpg,20230609e450.txt
val,_bee_20230609e,20230609e4500.jpg,20230609e4500.txt
val,_bee_20230609e,20230609e4506.jpg,20230609e4506.txt
val,_bee_20230609e,20230609e4512.jpg,20230609e4512.txt
val,_bee_20230609e,20230609e4518.jpg,20230609e4518.txt
val,_bee_20230609e,20230609e4524.jpg,20230609e4524.txt
val,_bee_20230609e,20230609e4530.jpg,20230609e4530.txt
val,_bee_20230609e,20230609e4536.jpg,20230609e4536.txt
val,_bee_20230609e,20230609e4542.jpg,20230609e4542.txt
val,_bee_20230609e,20230609e4548.jpg,20230609e4548.txt
val,_bee_20230609e,20230609e4554.jpg,20230609e4554.txt
val,_bee_20230609e,20230609e456.jpg,20230609e456.txt
val,_bee_20230609e,20230609e4572.jpg,20230609e4572.txt
val,_bee_20230609e,20230609e4578.jpg,20230609e4578.txt
val,_bee_20230609e,20230609e4584.jpg,20230609e4584.txt
val,_bee_20230609e,20230609e4590.jpg,20230609e4590.txt
val,_bee_20230609e,20230609e4596.jpg,20230609e4596.txt
val,_bee_20230609e,20230609e4602.jpg,20230609e4602.txt
val,_bee_20230609e,20230609e4608.jpg,20230609e4608.txt
val,_bee_20230609e,20230609e4614.jpg,20230609e4614.txt
val,_bee_20230609e,20230609e462.jpg,20230609e462.txt
val,_bee_20230609e,20230609e4620.jpg,20230609e4620.txt
val,_bee_20230609e,20230609e4626.jpg,20230609e4626.txt
val,_bee_20230609e,20230609e4638.jpg,20230609e4638.txt
val,_bee_20230609e,20230609e4644.jpg,20230609e4644.txt
val,_bee_20230609e,20230609e4650.jpg,20230609e4650.txt
val,_bee_20230609e,20230609e4656.jpg,20230609e4656.txt
val,_bee_20230609e,20230609e4662.jpg,20230609e4662.txt
val,_bee_20230609e,20230609e4668.jpg,20230609e4668.txt
val,_bee_20230609e,20230609e468.jpg,20230609e468.txt
val,_bee_20230609e,20230609e4686.jpg,20230609e4686.txt
val,_bee_20230609e,20230609e4692.jpg,20230609e4692.txt
val,_bee_20230609e,20230609e4698.jpg,20230609e4698.txt
val,_bee_20230609e,20230609e4704.jpg,20230609e4704.txt
val,_bee_20230609e,20230609e4710.jpg,20230609e4710.txt
val,_bee_20230609e,20230609e4716.jpg,20230609e4716.txt
val,_bee_20230609e,20230609e4722.jpg,20230609e4722.txt
val,_bee_20230609e,20230609e4728.jpg,20230609e4728.txt
val,_bee_20230609e,20230609e4734.jpg,20230609e4734.txt
val,_bee_20230609e,20230609e474.jpg,20230609e474.txt
val,_bee_20230609e,20230609e4740.jpg,20230609e4740.txt
val,_bee_20230609e,20230609e4746.jpg,20230609e4746.txt
val,_bee_20230609e,20230609e4752.jpg,20230609e4752.txt
val,_bee_20230609e,20230609e4758.jpg,20230609e4758.txt
val,_bee_20230609e,20230609e4764.jpg,20230609e4764.txt
val,_bee_20230609e,20230609e4770.jpg,20230609e4770.txt
val,_bee_20230609e,20230609e4776.jpg,20230609e4776.txt
val,_bee_20230609e,20230609e4782.jpg,20230609e4782.txt
val,_bee_20230609e,20230609e4794.jpg,20230609e4794.txt
val,_bee_20230609e,20230609e48.jpg,20230609e48.txt
val,_bee_20230609e,20230609e480.jpg,20230609e480.txt
val,_bee_20230609e,20230609e4800.jpg,20230609e4800.txt
val,_bee_20230609e,20230609e4806.jpg,20230609e4806.txt
val,_bee_20230609e,20230609e4812.jpg,20230609e4812.txt
val,_bee_20230609e,20230609e4818.jpg,20230609e4818.txt
val,_bee_20230609e,20230609e4824.jpg,20230609e4824.txt
val,_bee_20230609e,20230609e4830.jpg,20230609e4830.txt
val,_bee_20230609e,20230609e4836.jpg,20230609e4836.txt
val,_bee_20230609e,20230609e4842.jpg,20230609e4842.txt
val,_bee_20230609e,20230609e4848.jpg,20230609e4848.txt
val,_bee_20230609e,20230609e4854.jpg,20230609e4854.txt
val,_bee_20230609e,20230609e486.jpg,20230609e486.txt
val,_bee_20230609e,20230609e4860.jpg,20230609e4860.txt
val,_bee_20230609e,20230609e4866.jpg,20230609e4866.txt
val,_bee_20230609e,20230609e4872.jpg,20230609e4872.txt
val,_bee_20230609e,20230609e4878.jpg,20230609e4878.txt
val,_bee_20230609e,20230609e4884.jpg,20230609e4884.txt
val,_bee_20230609e,20230609e4890.jpg,20230609e4890.txt
val,_bee_20230609e,20230609e492.jpg,20230609e492.txt
val,_bee_20230609e,20230609e4926.jpg,20230609e4926.txt
val,_bee_20230609e,20230609e4932.jpg,20230609e4932.txt
val,_bee_20230609e,20230609e4938.jpg,20230609e4938.txt
val,_bee_20230609e,20230609e4944.jpg,20230609e4944.txt
val,_bee_20230609e,20230609e4950.jpg,20230609e4950.txt
val,_bee_20230609e,20230609e4956.jpg,20230609e4956.txt
val,_bee_20230609e,20230609e4962.jpg,20230609e4962.txt
val,_bee_20230609e,20230609e4968.jpg,20230609e4968.txt
val,_bee_20230609e,20230609e4974.jpg,20230609e4974.txt
val,_bee_20230609e,20230609e498.jpg,20230609e498.txt
val,_bee_20230609e,20230609e4998.jpg,20230609e4998.txt
val,_bee_20230609e,20230609e5004.jpg,20230609e5004.txt
val,_bee_20230609e,20230609e5010.jpg,20230609e5010.txt
val,_bee_20230609e,20230609e5016.jpg,20230609e5016.txt
val,_bee_20230609e,20230609e5028.jpg,20230609e5028.txt
val,_bee_20230609e,20230609e5034.jpg,20230609e5034.txt
val,_bee_20230609e,20230609e504.jpg,20230609e504.txt
val,_bee_20230609e,20230609e5040.jpg,20230609e5040.txt
val,_bee_20230609e,20230609e5046.jpg,20230609e5046.txt
val,_bee_20230609e,20230609e5052.jpg,20230609e5052.txt
val,_bee_20230609e,20230609e5058.jpg,20230609e5058.txt
val,_bee_20230609e,20230609e5064.jpg,20230609e5064.txt
val,_bee_20230609e,20230609e5070.jpg,20230609e5070.txt
val,_bee_20230609e,20230609e5076.jpg,20230609e5076.txt
val,_bee_20230609e,20230609e5082.jpg,20230609e5082.txt
val,_bee_20230609e,20230609e5088.jpg,20230609e5088.txt
val,_bee_20230609e,20230609e5094.jpg,20230609e5094.txt
val,_bee_20230609e,20230609e510.jpg,20230609e510.txt
val,_bee_20230609e,20230609e5100.jpg,20230609e5100.txt
val,_bee_20230609e,20230609e5106.jpg,20230609e5106.txt
val,_bee_20230609e,20230609e5112.jpg,20230609e5112.txt
val,_bee_20230609e,20230609e5118.jpg,20230609e5118.txt
val,_bee_20230609e,20230609e5124.jpg,20230609e5124.txt
val,_bee_20230609e,20230609e5130.jpg,20230609e5130.txt
val,_bee_20230609e,20230609e5136.jpg,20230609e5136.txt
val,_bee_20230609e,20230609e5142.jpg,20230609e5142.txt
val,_bee_20230609e,20230609e5148.jpg,20230609e5148.txt
val,_bee_20230609e,20230609e5154.jpg,20230609e5154.txt
val,_bee_20230609e,20230609e516.jpg,20230609e516.txt
val,_bee_20230609e,20230609e5160.jpg,20230609e5160.txt
val,_bee_20230609e,20230609e5166.jpg,20230609e5166.txt
val,_bee_20230609e,20230609e5172.jpg,20230609e5172.txt
val,_bee_20230609e,20230609e5178.jpg,20230609e5178.txt
val,_bee_20230609e,20230609e5184.jpg,20230609e5184.txt
val,_bee_20230609e,20230609e522.jpg,20230609e522.txt
val,_bee_20230609e,20230609e5238.jpg,20230609e5238.txt
val,_bee_20230609e,20230609e5244.jpg,20230609e5244.txt
val,_bee_20230609e,20230609e5250.jpg,20230609e5250.txt
val,_bee_20230609e,20230609e5256.jpg,20230609e5256.txt
val,_bee_20230609e,20230609e5262.jpg,20230609e5262.txt
val,_bee_20230609e,20230609e5268.jpg,20230609e5268.txt
val,_bee_20230609e,20230609e5274.jpg,20230609e5274.txt
val,_bee_20230609e,20230609e528.jpg,20230609e528.txt
val,_bee_20230609e,20230609e5280.jpg,20230609e5280.txt
val,_bee_20230609e,20230609e5286.jpg,20230609e5286.txt
val,_bee_20230609e,20230609e5322.jpg,20230609e5322.txt
val,_bee_20230609e,20230609e5328.jpg,20230609e5328.txt
val,_bee_20230609e,20230609e5334.jpg,20230609e5334.txt
val,_bee_20230609e,20230609e534.jpg,20230609e534.txt
val,_bee_20230609e,20230609e5340.jpg,20230609e5340.txt
val,_bee_20230609e,20230609e5346.jpg,20230609e5346.txt
val,_bee_20230609e,20230609e5352.jpg,20230609e5352.txt
val,_bee_20230609e,20230609e5358.jpg,20230609e5358.txt
val,_bee_20230609e,20230609e5364.jpg,20230609e5364.txt
val,_bee_20230609e,20230609e5376.jpg,20230609e5376.txt
val,_bee_20230609e,20230609e5382.jpg,20230609e5382.txt
val,_bee_20230609e,20230609e5388.jpg,20230609e5388.txt
val,_bee_20230609e,20230609e5394.jpg,20230609e5394.txt
val,_bee_20230609e,20230609e54.jpg,20230609e54.txt
val,_bee_20230609e,20230609e540.jpg,20230609e540.txt
val,_bee_20230609e,20230609e5400.jpg,20230609e5400.txt
val,_bee_20230609e,20230609e5406.jpg,20230609e5406.txt
val,_bee_20230609e,20230609e5412.jpg,20230609e5412.txt
val,_bee_20230609e,20230609e5418.jpg,20230609e5418.txt
val,_bee_20230609e,20230609e5424.jpg,20230609e5424.txt
val,_bee_20230609e,20230609e5430.jpg,20230609e5430.txt
val,_bee_20230609e,20230609e5436.jpg,20230609e5436.txt
val,_bee_20230609e,20230609e5442.jpg,20230609e5442.txt
val,_bee_20230609e,20230609e5448.jpg,20230609e5448.txt
val,_bee_20230609e,20230609e5454.jpg,20230609e5454.txt
val,_bee_20230609e,20230609e546.jpg,20230609e546.txt
val,_bee_20230609e,20230609e5460.jpg,20230609e5460.txt
val,_bee_20230609e,20230609e5466.jpg,20230609e5466.txt
val,_bee_20230609e,20230609e5472.jpg,20230609e5472.txt
val,_bee_20230609e,20230609e5478.jpg,20230609e5478.txt
val,_bee_20230609e,20230609e5484.jpg,20230609e5484.txt
val,_bee_20230609e,20230609e5490.jpg,20230609e5490.txt
val,_bee_20230609e,20230609e5496.jpg,20230609e5496.txt
val,_bee_20230609e,20230609e5502.jpg,20230609e5502.txt
val,_bee_20230609e,20230609e5508.jpg,20230609e5508.txt
val,_bee_20230609e,20230609e5514.jpg,20230609e5514.txt
val,_bee_20230609e,20230609e552.jpg,20230609e552.txt
val,_bee_20230609e,20230609e5520.jpg,20230609e5520.txt
val,_bee_20230609e,20230609e5526.jpg,20230609e5526.txt
val,_bee_20230609e,20230609e5532.jpg,20230609e5532.txt
val,_bee_20230609e,20230609e5538.jpg,20230609e5538.txt
val,_bee_20230609e,20230609e5544.jpg,20230609e5544.txt
val,_bee_20230609e,20230609e5550.jpg,20230609e5550.txt
val,_bee_20230609e,20230609e5556.jpg,20230609e5556.txt
val,_bee_20230609e,20230609e5562.jpg,20230609e5562.txt
val,_bee_20230609e,20230609e5568.jpg,20230609e5568.txt
val,_bee_20230609e,20230609e5574.jpg,20230609e5574.txt
val,_bee_20230609e,20230609e558.jpg,20230609e558.txt
val,_bee_20230609e,20230609e5580.jpg,20230609e5580.txt
val,_bee_20230609e,20230609e5586.jpg,20230609e5586.txt
val,_bee_20230609e,20230609e5592.jpg,20230609e5592.txt
val,_bee_20230609e,20230609e5598.jpg,20230609e5598.txt
val,_bee_20230609e,20230609e5604.jpg,20230609e5604.txt
val,_bee_20230609e,20230609e5610.jpg,20230609e5610.txt
val,_bee_20230609e,20230609e5616.jpg,20230609e5616.txt
val,_bee_20230609e,20230609e5622.jpg,20230609e5622.txt
val,_bee_20230609e,20230609e5628.jpg,20230609e5628.txt
val,_bee_20230609e,20230609e5634.jpg,20230609e5634.txt
val,_bee_20230609e,20230609e564.jpg,20230609e564.txt
val,_bee_20230609e,20230609e5640.jpg,20230609e5640.txt
val,_bee_20230609e,20230609e5646.jpg,20230609e5646.txt
val,_bee_20230609e,20230609e5652.jpg,20230609e5652.txt
val,_bee_20230609e,20230609e5658.jpg,20230609e5658.txt
val,_bee_20230609e,20230609e5664.jpg,20230609e5664.txt
val,_bee_20230609e,20230609e5670.jpg,20230609e5670.txt
val,_bee_20230609e,20230609e5676.jpg,20230609e5676.txt
val,_bee_20230609e,20230609e5682.jpg,20230609e5682.txt
val,_bee_20230609e,20230609e5688.jpg,20230609e5688.txt
val,_bee_20230609e,20230609e5694.jpg,20230609e5694.txt
val,_bee_20230609e,20230609e570.jpg,20230609e570.txt
val,_bee_20230609e,20230609e5700.jpg,20230609e5700.txt
val,_bee_20230609e,20230609e5706.jpg,20230609e5706.txt
val,_bee_20230609e,20230609e5712.jpg,20230609e5712.txt
val,_bee_20230609e,20230609e5718.jpg,20230609e5718.txt
val,_bee_20230609e,20230609e5724.jpg,20230609e5724.txt
val,_bee_20230609e,20230609e5754.jpg,20230609e5754.txt
val,_bee_20230609e,20230609e576.jpg,20230609e576.txt
val,_bee_20230609e,20230609e5760.jpg,20230609e5760.txt
val,_bee_20230609e,20230609e5766.jpg,20230609e5766.txt
val,_bee_20230609e,20230609e5772.jpg,20230609e5772.txt
val,_bee_20230609e,20230609e5778.jpg,20230609e5778.txt
val,_bee_20230609e,20230609e5784.jpg,20230609e5784.txt
val,_bee_20230609e,20230609e5790.jpg,20230609e5790.txt
val,_bee_20230609e,20230609e5796.jpg,20230609e5796.txt
val,_bee_20230609e,20230609e5802.jpg,20230609e5802.txt
val,_bee_20230609e,20230609e5808.jpg,20230609e5808.txt
val,_bee_20230609e,20230609e5814.jpg,20230609e5814.txt
val,_bee_20230609e,20230609e582.jpg,20230609e582.txt
val,_bee_20230609e,20230609e5826.jpg,20230609e5826.txt
val,_bee_20230609e,20230609e5832.jpg,20230609e5832.txt
val,_bee_20230609e,20230609e5838.jpg,20230609e5838.txt
val,_bee_20230609e,20230609e5844.jpg,20230609e5844.txt
val,_bee_20230609e,20230609e5850.jpg,20230609e5850.txt
val,_bee_20230609e,20230609e5856.jpg,20230609e5856.txt
val,_bee_20230609e,20230609e5868.jpg,20230609e5868.txt
val,_bee_20230609e,20230609e5874.jpg,20230609e5874.txt
val,_bee_20230609e,20230609e588.jpg,20230609e588.txt
val,_bee_20230609e,20230609e5880.jpg,20230609e5880.txt
val,_bee_20230609e,20230609e5886.jpg,20230609e5886.txt
val,_bee_20230609e,20230609e5892.jpg,20230609e5892.txt
val,_bee_20230609e,20230609e5904.jpg,20230609e5904.txt
val,_bee_20230609e,20230609e5910.jpg,20230609e5910.txt
val,_bee_20230609e,20230609e5916.jpg,20230609e5916.txt
val,_bee_20230609e,20230609e5922.jpg,20230609e5922.txt
val,_bee_20230609e,20230609e5928.jpg,20230609e5928.txt
val,_bee_20230609e,20230609e5934.jpg,20230609e5934.txt
val,_bee_20230609e,20230609e594.jpg,20230609e594.txt
val,_bee_20230609e,20230609e5940.jpg,20230609e5940.txt
val,_bee_20230609e,20230609e5946.jpg,20230609e5946.txt
val,_bee_20230609e,20230609e5952.jpg,20230609e5952.txt
val,_bee_20230609e,20230609e5958.jpg,20230609e5958.txt
val,_bee_20230609e,20230609e5964.jpg,20230609e5964.txt
val,_bee_20230609e,20230609e5970.jpg,20230609e5970.txt
val,_bee_20230609e,20230609e5976.jpg,20230609e5976.txt
val,_bee_20230609e,20230609e5982.jpg,20230609e5982.txt
val,_bee_20230609e,20230609e5988.jpg,20230609e5988.txt
val,_bee_20230609e,20230609e60.jpg,20230609e60.txt
val,_bee_20230609e,20230609e600.jpg,20230609e600.txt
val,_bee_20230609e,20230609e6006.jpg,20230609e6006.txt
val,_bee_20230609e,20230609e6012.jpg,20230609e6012.txt
val,_bee_20230609e,20230609e6018.jpg,20230609e6018.txt
val,_bee_20230609e,20230609e6024.jpg,20230609e6024.txt
val,_bee_20230609e,20230609e6030.jpg,20230609e6030.txt
val,_bee_20230609e,20230609e6036.jpg,20230609e6036.txt
val,_bee_20230609e,20230609e6042.jpg,20230609e6042.txt
val,_bee_20230609e,20230609e6048.jpg,20230609e6048.txt
val,_bee_20230609e,20230609e6054.jpg,20230609e6054.txt
val,_bee_20230609e,20230609e606.jpg,20230609e606.txt
val,_bee_20230609e,20230609e6060.jpg,20230609e6060.txt
val,_bee_20230609e,20230609e6090.jpg,20230609e6090.txt
val,_bee_20230609e,20230609e6096.jpg,20230609e6096.txt
val,_bee_20230609e,20230609e612.jpg,20230609e612.txt
val,_bee_20230609e,20230609e6120.jpg,20230609e6120.txt
val,_bee_20230609e,20230609e6126.jpg,20230609e6126.txt
val,_bee_20230609e,20230609e6132.jpg,20230609e6132.txt
val,_bee_20230609e,20230609e6138.jpg,20230609e6138.txt
val,_bee_20230609e,20230609e6144.jpg,20230609e6144.txt
val,_bee_20230609e,20230609e6150.jpg,20230609e6150.txt
val,_bee_20230609e,20230609e6156.jpg,20230609e6156.txt
val,_bee_20230609e,20230609e6162.jpg,20230609e6162.txt
val,_bee_20230609e,20230609e618.jpg,20230609e618.txt
val,_bee_20230609e,20230609e6192.jpg,20230609e6192.txt
val,_bee_20230609e,20230609e6228.jpg,20230609e6228.txt
val,_bee_20230609e,20230609e6234.jpg,20230609e6234.txt
val,_bee_20230609e,20230609e624.jpg,20230609e624.txt
val,_bee_20230609e,20230609e6240.jpg,20230609e6240.txt
val,_bee_20230609e,20230609e6246.jpg,20230609e6246.txt
val,_bee_20230609e,20230609e6252.jpg,20230609e6252.txt
val,_bee_20230609e,20230609e6258.jpg,20230609e6258.txt
val,_bee_20230609e,20230609e6264.jpg,20230609e6264.txt
val,_bee_20230609e,20230609e6270.jpg,20230609e6270.txt
val,_bee_20230609e,20230609e6276.jpg,20230609e6276.txt
val,_bee_20230609e,20230609e6282.jpg,20230609e6282.txt
val,_bee_20230609e,20230609e6288.jpg,20230609e6288.txt
val,_bee_20230609e,20230609e6294.jpg,20230609e6294.txt
val,_bee_20230609e,20230609e630.jpg,20230609e630.txt
val,_bee_20230609e,20230609e6300.jpg,20230609e6300.txt
val,_bee_20230609e,20230609e636.jpg,20230609e636.txt
val,_bee_20230609e,20230609e6366.jpg,20230609e6366.txt
val,_bee_20230609e,20230609e6372.jpg,20230609e6372.txt
val,_bee_20230609e,20230609e6378.jpg,20230609e6378.txt
val,_bee_20230609e,20230609e6384.jpg,20230609e6384.txt
val,_bee_20230609e,20230609e6390.jpg,20230609e6390.txt
val,_bee_20230609e,20230609e6396.jpg,20230609e6396.txt
val,_bee_20230609e,20230609e6402.jpg,20230609e6402.txt
val,_bee_20230609e,20230609e6408.jpg,20230609e6408.txt
val,_bee_20230609e,20230609e6414.jpg,20230609e6414.txt
val,_bee_20230609e,20230609e642.jpg,20230609e642.txt
val,_bee_20230609e,20230609e6420.jpg,20230609e6420.txt
val,_bee_20230609e,20230609e6426.jpg,20230609e6426.txt
val,_bee_20230609e,20230609e6432.jpg,20230609e6432.txt
val,_bee_20230609e,20230609e6438.jpg,20230609e6438.txt
val,_bee_20230609e,20230609e6444.jpg,20230609e6444.txt
val,_bee_20230609e,20230609e6450.jpg,20230609e6450.txt
val,_bee_20230609e,20230609e6456.jpg,20230609e6456.txt
val,_bee_20230609e,20230609e6462.jpg,20230609e6462.txt
val,_bee_20230609e,20230609e6468.jpg,20230609e6468.txt
val,_bee_20230609e,20230609e6474.jpg,20230609e6474.txt
val,_bee_20230609e,20230609e648.jpg,20230609e648.txt
val,_bee_20230609e,20230609e6480.jpg,20230609e6480.txt
val,_bee_20230609e,20230609e6486.jpg,20230609e6486.txt
val,_bee_20230609e,20230609e6492.jpg,20230609e6492.txt
val,_bee_20230609e,20230609e6498.jpg,20230609e6498.txt
val,_bee_20230609e,20230609e6504.jpg,20230609e6504.txt
val,_bee_20230609e,20230609e6510.jpg,20230609e6510.txt
val,_bee_20230609e,20230609e6516.jpg,20230609e6516.txt
val,_bee_20230609e,20230609e6522.jpg,20230609e6522.txt
val,_bee_20230609e,20230609e6528.jpg,20230609e6528.txt
val,_bee_20230609e,20230609e6534.jpg,20230609e6534.txt
val,_bee_20230609e,20230609e654.jpg,20230609e654.txt
val,_bee_20230609e,20230609e6540.jpg,20230609e6540.txt
val,_bee_20230609e,20230609e6546.jpg,20230609e6546.txt
val,_bee_20230609e,20230609e6588.jpg,20230609e6588.txt
val,_bee_20230609e,20230609e6594.jpg,20230609e6594.txt
val,_bee_20230609e,20230609e66.jpg,20230609e66.txt
val,_bee_20230609e,20230609e660.jpg,20230609e660.txt
val,_bee_20230609e,20230609e6600.jpg,20230609e6600.txt
val,_bee_20230609e,20230609e6606.jpg,20230609e6606.txt
val,_bee_20230609e,20230609e6612.jpg,20230609e6612.txt
val,_bee_20230609e,20230609e6618.jpg,20230609e6618.txt
val,_bee_20230609e,20230609e6624.jpg,20230609e6624.txt
val,_bee_20230609e,20230609e6630.jpg,20230609e6630.txt
val,_bee_20230609e,20230609e6636.jpg,20230609e6636.txt
val,_bee_20230609e,20230609e6642.jpg,20230609e6642.txt
val,_bee_20230609e,20230609e6648.jpg,20230609e6648.txt
val,_bee_20230609e,20230609e6654.jpg,20230609e6654.txt
val,_bee_20230609e,20230609e666.jpg,20230609e666.txt
val,_bee_20230609e,20230609e6660.jpg,20230609e6660.txt
val,_bee_20230609e,20230609e6666.jpg,20230609e6666.txt
val,_bee_20230609e,20230609e6672.jpg,20230609e6672.txt
val,_bee_20230609e,20230609e6678.jpg,20230609e6678.txt
val,_bee_20230609e,20230609e6684.jpg,20230609e6684.txt
val,_bee_20230609e,20230609e6690.jpg,20230609e6690.txt
val,_bee_20230609e,20230609e6696.jpg,20230609e6696.txt
val,_bee_20230609e,20230609e6702.jpg,20230609e6702.txt
val,_bee_20230609e,20230609e6708.jpg,20230609e6708.txt
val,_bee_20230609e,20230609e6714.jpg,20230609e6714.txt
val,_bee_20230609e,20230609e672.jpg,20230609e672.txt
val,_bee_20230609e,20230609e6720.jpg,20230609e6720.txt
val,_bee_20230609e,20230609e6726.jpg,20230609e6726.txt
val,_bee_20230609e,20230609e6732.jpg,20230609e6732.txt
val,_bee_20230609e,20230609e6738.jpg,20230609e6738.txt
val,_bee_20230609e,20230609e6744.jpg,20230609e6744.txt
val,_bee_20230609e,20230609e6750.jpg,20230609e6750.txt
val,_bee_20230609e,20230609e6756.jpg,20230609e6756.txt
val,_bee_20230609e,20230609e6762.jpg,20230609e6762.txt
val,_bee_20230609e,20230609e6768.jpg,20230609e6768.txt
val,_bee_20230609e,20230609e6774.jpg,20230609e6774.txt
val,_bee_20230609e,20230609e678.jpg,20230609e678.txt
val,_bee_20230609e,20230609e6780.jpg,20230609e6780.txt
val,_bee_20230609e,20230609e6786.jpg,20230609e6786.txt
val,_bee_20230609e,20230609e6792.jpg,20230609e6792.txt
val,_bee_20230609e,20230609e6798.jpg,20230609e6798.txt
val,_bee_20230609e,20230609e6804.jpg,20230609e6804.txt
val,_bee_20230609e,20230609e6810.jpg,20230609e6810.txt
val,_bee_20230609e,20230609e6816.jpg,20230609e6816.txt
val,_bee_20230609e,20230609e6822.jpg,20230609e6822.txt
val,_bee_20230609e,20230609e6828.jpg,20230609e6828.txt
val,_bee_20230609e,20230609e6834.jpg,20230609e6834.txt
val,_bee_20230609e,20230609e684.jpg,20230609e684.txt
val,_bee_20230609e,20230609e6840.jpg,20230609e6840.txt
val,_bee_20230609e,20230609e6846.jpg,20230609e6846.txt
val,_bee_20230609e,20230609e6852.jpg,20230609e6852.txt
val,_bee_20230609e,20230609e690.jpg,20230609e690.txt
val,_bee_20230609e,20230609e696.jpg,20230609e696.txt
val,_bee_20230609e,20230609e702.jpg,20230609e702.txt
val,_bee_20230609e,20230609e708.jpg,20230609e708.txt
val,_bee_20230609e,20230609e714.jpg,20230609e714.txt
val,_bee_20230609e,20230609e72.jpg,20230609e72.txt
val,_bee_20230609e,20230609e720.jpg,20230609e720.txt
val,_bee_20230609e,20230609e726.jpg,20230609e726.txt
val,_bee_20230609e,20230609e732.jpg,20230609e732.txt
val,_bee_20230609e,20230609e738.jpg,20230609e738.txt
val,_bee_20230609e,20230609e744.jpg,20230609e744.txt
val,_bee_20230609e,20230609e750.jpg,20230609e750.txt
val,_bee_20230609e,20230609e756.jpg,20230609e756.txt
val,_bee_20230609e,20230609e762.jpg,20230609e762.txt
val,_bee_20230609e,20230609e768.jpg,20230609e768.txt
val,_bee_20230609e,20230609e774.jpg,20230609e774.txt
val,_bee_20230609e,20230609e78.jpg,20230609e78.txt
val,_bee_20230609e,20230609e780.jpg,20230609e780.txt
val,_bee_20230609e,20230609e786.jpg,20230609e786.txt
val,_bee_20230609e,20230609e792.jpg,20230609e792.txt
val,_bee_20230609e,20230609e798.jpg,20230609e798.txt
val,_bee_20230609e,20230609e804.jpg,20230609e804.txt
val,_bee_20230609e,20230609e810.jpg,20230609e810.txt
val,_bee_20230609e,20230609e816.jpg,20230609e816.txt
val,_bee_20230609e,20230609e822.jpg,20230609e822.txt
val,_bee_20230609e,20230609e828.jpg,20230609e828.txt
val,_bee_20230609e,20230609e84.jpg,20230609e84.txt
val,_bee_20230609e,20230609e870.jpg,20230609e870.txt
val,_bee_20230609e,20230609e876.jpg,20230609e876.txt
val,_bee_20230609e,20230609e882.jpg,20230609e882.txt
val,_bee_20230609e,20230609e888.jpg,20230609e888.txt
val,_bee_20230609e,20230609e894.jpg,20230609e894.txt
val,_bee_20230609e,20230609e90.jpg,20230609e90.txt
val,_bee_20230609e,20230609e900.jpg,20230609e900.txt
val,_bee_20230609e,20230609e906.jpg,20230609e906.txt
val,_bee_20230609e,20230609e912.jpg,20230609e912.txt
val,_bee_20230609e,20230609e918.jpg,20230609e918.txt
val,_bee_20230609e,20230609e924.jpg,20230609e924.txt
val,_bee_20230609e,20230609e930.jpg,20230609e930.txt
val,_bee_20230609e,20230609e936.jpg,20230609e936.txt
val,_bee_20230609e,20230609e942.jpg,20230609e942.txt
val,_bee_20230609e,20230609e948.jpg,20230609e948.txt
val,_bee_20230609e,20230609e954.jpg,20230609e954.txt
val,_bee_20230609e,20230609e96.jpg,20230609e96.txt
val,_bee_20230609e,20230609e960.jpg,20230609e960.txt
val,_bee_20230609e,20230609e966.jpg,20230609e966.txt
val,_bee_20230609e,20230609e972.jpg,20230609e972.txt
val,_bee_20230609e,20230609e978.jpg,20230609e978.txt
val,_bee_20230609e,20230609e984.jpg,20230609e984.txt
val,_bee_20230609e,20230609e990.jpg,20230609e990.txt
val,_bee_20230609e,20230609e996.jpg,20230609e996.txt
val,_bee_20230711b,20230711b0.jpg,20230711b0.txt
val,_bee_20230711b,20230711b10005.jpg,20230711b10005.txt
val,_bee_20230711b,20230711b10020.jpg,20230711b10020.txt
val,_bee_20230711b,20230711b10035.jpg,20230711b10035.txt
val,_bee_20230711b,20230711b1005.jpg,20230711b1005.txt
val,_bee_20230711b,20230711b10050.jpg,20230711b10050.txt
val,_bee_20230711b,20230711b10065.jpg,20230711b10065.txt
val,_bee_20230711b,20230711b10080.jpg,20230711b10080.txt
val,_bee_20230711b,20230711b10095.jpg,20230711b10095.txt
val,_bee_20230711b,20230711b10110.jpg,20230711b10110.txt
val,_bee_20230711b,20230711b10125.jpg,20230711b10125.txt
val,_bee_20230711b,20230711b10140.jpg,20230711b10140.txt
val,_bee_20230711b,20230711b10155.jpg,20230711b10155.txt
val,_bee_20230711b,20230711b10170.jpg,20230711b10170.txt
val,_bee_20230711b,20230711b10185.jpg,20230711b10185.txt
val,_bee_20230711b,20230711b1020.jpg,20230711b1020.txt
val,_bee_20230711b,20230711b10200.jpg,20230711b10200.txt
val,_bee_20230711b,20230711b10215.jpg,20230711b10215.txt
val,_bee_20230711b,20230711b10230.jpg,20230711b10230.txt
val,_bee_20230711b,20230711b10245.jpg,20230711b10245.txt
val,_bee_20230711b,20230711b10260.jpg,20230711b10260.txt
val,_bee_20230711b,20230711b10275.jpg,20230711b10275.txt
val,_bee_20230711b,20230711b10290.jpg,20230711b10290.txt
val,_bee_20230711b,20230711b10305.jpg,20230711b10305.txt
val,_bee_20230711b,20230711b10320.jpg,20230711b10320.txt
val,_bee_20230711b,20230711b1035.jpg,20230711b1035.txt
val,_bee_20230711b,20230711b10350.jpg,20230711b10350.txt
val,_bee_20230711b,20230711b10365.jpg,20230711b10365.txt
val,_bee_20230711b,20230711b10380.jpg,20230711b10380.txt
val,_bee_20230711b,20230711b10395.jpg,20230711b10395.txt
val,_bee_20230711b,20230711b10410.jpg,20230711b10410.txt
val,_bee_20230711b,20230711b10425.jpg,20230711b10425.txt
val,_bee_20230711b,20230711b10440.jpg,20230711b10440.txt
val,_bee_20230711b,20230711b10455.jpg,20230711b10455.txt
val,_bee_20230711b,20230711b10470.jpg,20230711b10470.txt
val,_bee_20230711b,20230711b10485.jpg,20230711b10485.txt
val,_bee_20230711b,20230711b105.jpg,20230711b105.txt
val,_bee_20230711b,20230711b10500.jpg,20230711b10500.txt
val,_bee_20230711b,20230711b10515.jpg,20230711b10515.txt
val,_bee_20230711b,20230711b10530.jpg,20230711b10530.txt
val,_bee_20230711b,20230711b10545.jpg,20230711b10545.txt
val,_bee_20230711b,20230711b10560.jpg,20230711b10560.txt
val,_bee_20230711b,20230711b10575.jpg,20230711b10575.txt
val,_bee_20230711b,20230711b10590.jpg,20230711b10590.txt
val,_bee_20230711b,20230711b10605.jpg,20230711b10605.txt
val,_bee_20230711b,20230711b10620.jpg,20230711b10620.txt
val,_bee_20230711b,20230711b10635.jpg,20230711b10635.txt
val,_bee_20230711b,20230711b1065.jpg,20230711b1065.txt
val,_bee_20230711b,20230711b10650.jpg,20230711b10650.txt
val,_bee_20230711b,20230711b10665.jpg,20230711b10665.txt
val,_bee_20230711b,20230711b10680.jpg,20230711b10680.txt
val,_bee_20230711b,20230711b10695.jpg,20230711b10695.txt
val,_bee_20230711b,20230711b10710.jpg,20230711b10710.txt
val,_bee_20230711b,20230711b10725.jpg,20230711b10725.txt
val,_bee_20230711b,20230711b10740.jpg,20230711b10740.txt
val,_bee_20230711b,20230711b10755.jpg,20230711b10755.txt
val,_bee_20230711b,20230711b10770.jpg,20230711b10770.txt
val,_bee_20230711b,20230711b10785.jpg,20230711b10785.txt
val,_bee_20230711b,20230711b1080.jpg,20230711b1080.txt
val,_bee_20230711b,20230711b10800.jpg,20230711b10800.txt
val,_bee_20230711b,20230711b10815.jpg,20230711b10815.txt
val,_bee_20230711b,20230711b10845.jpg,20230711b10845.txt
val,_bee_20230711b,20230711b10860.jpg,20230711b10860.txt
val,_bee_20230711b,20230711b10875.jpg,20230711b10875.txt
val,_bee_20230711b,20230711b10890.jpg,20230711b10890.txt
val,_bee_20230711b,20230711b10905.jpg,20230711b10905.txt
val,_bee_20230711b,20230711b10920.jpg,20230711b10920.txt
val,_bee_20230711b,20230711b10935.jpg,20230711b10935.txt
val,_bee_20230711b,20230711b1095.jpg,20230711b1095.txt
val,_bee_20230711b,20230711b10950.jpg,20230711b10950.txt
val,_bee_20230711b,20230711b10965.jpg,20230711b10965.txt
val,_bee_20230711b,20230711b10995.jpg,20230711b10995.txt
val,_bee_20230711b,20230711b11010.jpg,20230711b11010.txt
val,_bee_20230711b,20230711b11025.jpg,20230711b11025.txt
val,_bee_20230711b,20230711b11040.jpg,20230711b11040.txt
val,_bee_20230711b,20230711b11055.jpg,20230711b11055.txt
val,_bee_20230711b,20230711b11070.jpg,20230711b11070.txt
val,_bee_20230711b,20230711b11085.jpg,20230711b11085.txt
val,_bee_20230711b,20230711b1110.jpg,20230711b1110.txt
val,_bee_20230711b,20230711b11100.jpg,20230711b11100.txt
val,_bee_20230711b,20230711b11115.jpg,20230711b11115.txt
val,_bee_20230711b,20230711b11130.jpg,20230711b11130.txt
val,_bee_20230711b,20230711b11145.jpg,20230711b11145.txt
val,_bee_20230711b,20230711b11160.jpg,20230711b11160.txt
val,_bee_20230711b,20230711b11175.jpg,20230711b11175.txt
val,_bee_20230711b,20230711b11190.jpg,20230711b11190.txt
val,_bee_20230711b,20230711b11205.jpg,20230711b11205.txt
val,_bee_20230711b,20230711b11220.jpg,20230711b11220.txt
val,_bee_20230711b,20230711b11235.jpg,20230711b11235.txt
val,_bee_20230711b,20230711b1125.jpg,20230711b1125.txt
val,_bee_20230711b,20230711b11250.jpg,20230711b11250.txt
val,_bee_20230711b,20230711b11265.jpg,20230711b11265.txt
val,_bee_20230711b,20230711b11280.jpg,20230711b11280.txt
val,_bee_20230711b,20230711b11295.jpg,20230711b11295.txt
val,_bee_20230711b,20230711b11310.jpg,20230711b11310.txt
val,_bee_20230711b,20230711b11325.jpg,20230711b11325.txt
val,_bee_20230711b,20230711b11340.jpg,20230711b11340.txt
val,_bee_20230711b,20230711b11355.jpg,20230711b11355.txt
val,_bee_20230711b,20230711b11370.jpg,20230711b11370.txt
val,_bee_20230711b,20230711b11385.jpg,20230711b11385.txt
val,_bee_20230711b,20230711b11400.jpg,20230711b11400.txt
val,_bee_20230711b,20230711b11415.jpg,20230711b11415.txt
val,_bee_20230711b,20230711b11430.jpg,20230711b11430.txt
val,_bee_20230711b,20230711b11445.jpg,20230711b11445.txt
val,_bee_20230711b,20230711b11460.jpg,20230711b11460.txt
val,_bee_20230711b,20230711b11475.jpg,20230711b11475.txt
val,_bee_20230711b,20230711b11490.jpg,20230711b11490.txt
val,_bee_20230711b,20230711b11505.jpg,20230711b11505.txt
val,_bee_20230711b,20230711b11520.jpg,20230711b11520.txt
val,_bee_20230711b,20230711b11535.jpg,20230711b11535.txt
val,_bee_20230711b,20230711b1155.jpg,20230711b1155.txt
val,_bee_20230711b,20230711b11550.jpg,20230711b11550.txt
val,_bee_20230711b,20230711b11565.jpg,20230711b11565.txt
val,_bee_20230711b,20230711b11580.jpg,20230711b11580.txt
val,_bee_20230711b,20230711b11595.jpg,20230711b11595.txt
val,_bee_20230711b,20230711b11610.jpg,20230711b11610.txt
val,_bee_20230711b,20230711b11625.jpg,20230711b11625.txt
val,_bee_20230711b,20230711b11640.jpg,20230711b11640.txt
val,_bee_20230711b,20230711b11655.jpg,20230711b11655.txt
val,_bee_20230711b,20230711b11670.jpg,20230711b11670.txt
val,_bee_20230711b,20230711b11685.jpg,20230711b11685.txt
val,_bee_20230711b,20230711b1170.jpg,20230711b1170.txt
val,_bee_20230711b,20230711b11700.jpg,20230711b11700.txt
val,_bee_20230711b,20230711b11715.jpg,20230711b11715.txt
val,_bee_20230711b,20230711b11730.jpg,20230711b11730.txt
val,_bee_20230711b,20230711b11745.jpg,20230711b11745.txt
val,_bee_20230711b,20230711b11760.jpg,20230711b11760.txt
val,_bee_20230711b,20230711b11775.jpg,20230711b11775.txt
val,_bee_20230711b,20230711b11790.jpg,20230711b11790.txt
val,_bee_20230711b,20230711b11805.jpg,20230711b11805.txt
val,_bee_20230711b,20230711b11820.jpg,20230711b11820.txt
val,_bee_20230711b,20230711b11835.jpg,20230711b11835.txt
val,_bee_20230711b,20230711b11850.jpg,20230711b11850.txt
val,_bee_20230711b,20230711b11865.jpg,20230711b11865.txt
val,_bee_20230711b,20230711b11880.jpg,20230711b11880.txt
val,_bee_20230711b,20230711b11895.jpg,20230711b11895.txt
val,_bee_20230711b,20230711b11910.jpg,20230711b11910.txt
val,_bee_20230711b,20230711b11925.jpg,20230711b11925.txt
val,_bee_20230711b,20230711b11940.jpg,20230711b11940.txt
val,_bee_20230711b,20230711b11955.jpg,20230711b11955.txt
val,_bee_20230711b,20230711b11970.jpg,20230711b11970.txt
val,_bee_20230711b,20230711b11985.jpg,20230711b11985.txt
val,_bee_20230711b,20230711b120.jpg,20230711b120.txt
val,_bee_20230711b,20230711b1200.jpg,20230711b1200.txt
val,_bee_20230711b,20230711b12045.jpg,20230711b12045.txt
val,_bee_20230711b,20230711b12060.jpg,20230711b12060.txt
val,_bee_20230711b,20230711b12075.jpg,20230711b12075.txt
val,_bee_20230711b,20230711b12090.jpg,20230711b12090.txt
val,_bee_20230711b,20230711b12105.jpg,20230711b12105.txt
val,_bee_20230711b,20230711b12120.jpg,20230711b12120.txt
val,_bee_20230711b,20230711b12135.jpg,20230711b12135.txt
val,_bee_20230711b,20230711b12150.jpg,20230711b12150.txt
val,_bee_20230711b,20230711b12165.jpg,20230711b12165.txt
val,_bee_20230711b,20230711b12180.jpg,20230711b12180.txt
val,_bee_20230711b,20230711b12195.jpg,20230711b12195.txt
val,_bee_20230711b,20230711b12210.jpg,20230711b12210.txt
val,_bee_20230711b,20230711b12225.jpg,20230711b12225.txt
val,_bee_20230711b,20230711b12240.jpg,20230711b12240.txt
val,_bee_20230711b,20230711b12285.jpg,20230711b12285.txt
val,_bee_20230711b,20230711b12300.jpg,20230711b12300.txt
val,_bee_20230711b,20230711b12405.jpg,20230711b12405.txt
val,_bee_20230711b,20230711b12420.jpg,20230711b12420.txt
val,_bee_20230711b,20230711b12435.jpg,20230711b12435.txt
val,_bee_20230711b,20230711b12450.jpg,20230711b12450.txt
val,_bee_20230711b,20230711b12465.jpg,20230711b12465.txt
val,_bee_20230711b,20230711b12585.jpg,20230711b12585.txt
val,_bee_20230711b,20230711b1260.jpg,20230711b1260.txt
val,_bee_20230711b,20230711b12600.jpg,20230711b12600.txt
val,_bee_20230711b,20230711b12615.jpg,20230711b12615.txt
val,_bee_20230711b,20230711b12630.jpg,20230711b12630.txt
val,_bee_20230711b,20230711b12645.jpg,20230711b12645.txt
val,_bee_20230711b,20230711b12660.jpg,20230711b12660.txt
val,_bee_20230711b,20230711b12675.jpg,20230711b12675.txt
val,_bee_20230711b,20230711b12690.jpg,20230711b12690.txt
val,_bee_20230711b,20230711b12705.jpg,20230711b12705.txt
val,_bee_20230711b,20230711b12720.jpg,20230711b12720.txt
val,_bee_20230711b,20230711b12735.jpg,20230711b12735.txt
val,_bee_20230711b,20230711b1275.jpg,20230711b1275.txt
val,_bee_20230711b,20230711b12750.jpg,20230711b12750.txt
val,_bee_20230711b,20230711b12765.jpg,20230711b12765.txt
val,_bee_20230711b,20230711b12780.jpg,20230711b12780.txt
val,_bee_20230711b,20230711b12795.jpg,20230711b12795.txt
val,_bee_20230711b,20230711b12810.jpg,20230711b12810.txt
val,_bee_20230711b,20230711b12825.jpg,20230711b12825.txt
val,_bee_20230711b,20230711b12840.jpg,20230711b12840.txt
val,_bee_20230711b,20230711b12855.jpg,20230711b12855.txt
val,_bee_20230711b,20230711b12870.jpg,20230711b12870.txt
val,_bee_20230711b,20230711b12885.jpg,20230711b12885.txt
val,_bee_20230711b,20230711b1290.jpg,20230711b1290.txt
val,_bee_20230711b,20230711b12915.jpg,20230711b12915.txt
val,_bee_20230711b,20230711b12930.jpg,20230711b12930.txt
val,_bee_20230711b,20230711b12945.jpg,20230711b12945.txt
val,_bee_20230711b,20230711b12960.jpg,20230711b12960.txt
val,_bee_20230711b,20230711b12975.jpg,20230711b12975.txt
val,_bee_20230711b,20230711b12990.jpg,20230711b12990.txt
val,_bee_20230711b,20230711b13005.jpg,20230711b13005.txt
val,_bee_20230711b,20230711b13020.jpg,20230711b13020.txt
val,_bee_20230711b,20230711b13035.jpg,20230711b13035.txt
val,_bee_20230711b,20230711b1305.jpg,20230711b1305.txt
val,_bee_20230711b,20230711b13050.jpg,20230711b13050.txt
val,_bee_20230711b,20230711b13065.jpg,20230711b13065.txt
val,_bee_20230711b,20230711b13080.jpg,20230711b13080.txt
val,_bee_20230711b,20230711b13095.jpg,20230711b13095.txt
val,_bee_20230711b,20230711b13110.jpg,20230711b13110.txt
val,_bee_20230711b,20230711b13125.jpg,20230711b13125.txt
val,_bee_20230711b,20230711b13140.jpg,20230711b13140.txt
val,_bee_20230711b,20230711b13155.jpg,20230711b13155.txt
val,_bee_20230711b,20230711b13170.jpg,20230711b13170.txt
val,_bee_20230711b,20230711b13185.jpg,20230711b13185.txt
val,_bee_20230711b,20230711b1320.jpg,20230711b1320.txt
val,_bee_20230711b,20230711b13200.jpg,20230711b13200.txt
val,_bee_20230711b,20230711b13215.jpg,20230711b13215.txt
val,_bee_20230711b,20230711b13230.jpg,20230711b13230.txt
val,_bee_20230711b,20230711b13245.jpg,20230711b13245.txt
val,_bee_20230711b,20230711b13260.jpg,20230711b13260.txt
val,_bee_20230711b,20230711b13275.jpg,20230711b13275.txt
val,_bee_20230711b,20230711b13290.jpg,20230711b13290.txt
val,_bee_20230711b,20230711b13305.jpg,20230711b13305.txt
val,_bee_20230711b,20230711b13320.jpg,20230711b13320.txt
val,_bee_20230711b,20230711b13335.jpg,20230711b13335.txt
val,_bee_20230711b,20230711b1335.jpg,20230711b1335.txt
val,_bee_20230711b,20230711b13350.jpg,20230711b13350.txt
val,_bee_20230711b,20230711b13365.jpg,20230711b13365.txt
val,_bee_20230711b,20230711b13395.jpg,20230711b13395.txt
val,_bee_20230711b,20230711b13410.jpg,20230711b13410.txt
val,_bee_20230711b,20230711b13425.jpg,20230711b13425.txt
val,_bee_20230711b,20230711b13440.jpg,20230711b13440.txt
val,_bee_20230711b,20230711b13455.jpg,20230711b13455.txt
val,_bee_20230711b,20230711b13470.jpg,20230711b13470.txt
val,_bee_20230711b,20230711b13485.jpg,20230711b13485.txt
val,_bee_20230711b,20230711b135.jpg,20230711b135.txt
val,_bee_20230711b,20230711b1350.jpg,20230711b1350.txt
val,_bee_20230711b,20230711b13500.jpg,20230711b13500.txt
val,_bee_20230711b,20230711b13575.jpg,20230711b13575.txt
val,_bee_20230711b,20230711b13590.jpg,20230711b13590.txt
val,_bee_20230711b,20230711b13605.jpg,20230711b13605.txt
val,_bee_20230711b,20230711b13620.jpg,20230711b13620.txt
val,_bee_20230711b,20230711b13635.jpg,20230711b13635.txt
val,_bee_20230711b,20230711b1365.jpg,20230711b1365.txt
val,_bee_20230711b,20230711b1380.jpg,20230711b1380.txt
val,_bee_20230711b,20230711b1395.jpg,20230711b1395.txt
val,_bee_20230711b,20230711b1410.jpg,20230711b1410.txt
val,_bee_20230711b,20230711b1425.jpg,20230711b1425.txt
val,_bee_20230711b,20230711b1440.jpg,20230711b1440.txt
val,_bee_20230711b,20230711b1455.jpg,20230711b1455.txt
val,_bee_20230711b,20230711b1470.jpg,20230711b1470.txt
val,_bee_20230711b,20230711b1485.jpg,20230711b1485.txt
val,_bee_20230711b,20230711b15.jpg,20230711b15.txt
val,_bee_20230711b,20230711b150.jpg,20230711b150.txt
val,_bee_20230711b,20230711b1515.jpg,20230711b1515.txt
val,_bee_20230711b,20230711b1530.jpg,20230711b1530.txt
val,_bee_20230711b,20230711b1545.jpg,20230711b1545.txt
val,_bee_20230711b,20230711b1560.jpg,20230711b1560.txt
val,_bee_20230711b,20230711b1575.jpg,20230711b1575.txt
val,_bee_20230711b,20230711b1590.jpg,20230711b1590.txt
val,_bee_20230711b,20230711b1605.jpg,20230711b1605.txt
val,_bee_20230711b,20230711b1620.jpg,20230711b1620.txt
val,_bee_20230711b,20230711b1635.jpg,20230711b1635.txt
val,_bee_20230711b,20230711b165.jpg,20230711b165.txt
val,_bee_20230711b,20230711b1650.jpg,20230711b1650.txt
val,_bee_20230711b,20230711b1665.jpg,20230711b1665.txt
val,_bee_20230711b,20230711b1680.jpg,20230711b1680.txt
val,_bee_20230711b,20230711b1695.jpg,20230711b1695.txt
val,_bee_20230711b,20230711b1710.jpg,20230711b1710.txt
val,_bee_20230711b,20230711b1740.jpg,20230711b1740.txt
val,_bee_20230711b,20230711b1755.jpg,20230711b1755.txt
val,_bee_20230711b,20230711b1770.jpg,20230711b1770.txt
val,_bee_20230711b,20230711b1785.jpg,20230711b1785.txt
val,_bee_20230711b,20230711b180.jpg,20230711b180.txt
val,_bee_20230711b,20230711b1800.jpg,20230711b1800.txt
val,_bee_20230711b,20230711b1815.jpg,20230711b1815.txt
val,_bee_20230711b,20230711b1830.jpg,20230711b1830.txt
val,_bee_20230711b,20230711b1845.jpg,20230711b1845.txt
val,_bee_20230711b,20230711b1890.jpg,20230711b1890.txt
val,_bee_20230711b,20230711b1905.jpg,20230711b1905.txt
val,_bee_20230711b,20230711b1920.jpg,20230711b1920.txt
val,_bee_20230711b,20230711b1935.jpg,20230711b1935.txt
val,_bee_20230711b,20230711b195.jpg,20230711b195.txt
val,_bee_20230711b,20230711b1950.jpg,20230711b1950.txt
val,_bee_20230711b,20230711b1965.jpg,20230711b1965.txt
val,_bee_20230711b,20230711b1980.jpg,20230711b1980.txt
val,_bee_20230711b,20230711b2025.jpg,20230711b2025.txt
val,_bee_20230711b,20230711b2040.jpg,20230711b2040.txt
val,_bee_20230711b,20230711b2055.jpg,20230711b2055.txt
val,_bee_20230711b,20230711b2070.jpg,20230711b2070.txt
val,_bee_20230711b,20230711b2085.jpg,20230711b2085.txt
val,_bee_20230711b,20230711b210.jpg,20230711b210.txt
val,_bee_20230711b,20230711b2115.jpg,20230711b2115.txt
val,_bee_20230711b,20230711b2130.jpg,20230711b2130.txt
val,_bee_20230711b,20230711b2145.jpg,20230711b2145.txt
val,_bee_20230711b,20230711b2160.jpg,20230711b2160.txt
val,_bee_20230711b,20230711b2175.jpg,20230711b2175.txt
val,_bee_20230711b,20230711b2190.jpg,20230711b2190.txt
val,_bee_20230711b,20230711b2205.jpg,20230711b2205.txt
val,_bee_20230711b,20230711b2220.jpg,20230711b2220.txt
val,_bee_20230711b,20230711b2235.jpg,20230711b2235.txt
val,_bee_20230711b,20230711b225.jpg,20230711b225.txt
val,_bee_20230711b,20230711b2250.jpg,20230711b2250.txt
val,_bee_20230711b,20230711b2265.jpg,20230711b2265.txt
val,_bee_20230711b,20230711b2280.jpg,20230711b2280.txt
val,_bee_20230711b,20230711b2295.jpg,20230711b2295.txt
val,_bee_20230711b,20230711b2310.jpg,20230711b2310.txt
val,_bee_20230711b,20230711b2325.jpg,20230711b2325.txt
val,_bee_20230711b,20230711b2340.jpg,20230711b2340.txt
val,_bee_20230711b,20230711b2355.jpg,20230711b2355.txt
val,_bee_20230711b,20230711b2370.jpg,20230711b2370.txt
val,_bee_20230711b,20230711b2385.jpg,20230711b2385.txt
val,_bee_20230711b,20230711b240.jpg,20230711b240.txt
val,_bee_20230711b,20230711b2400.jpg,20230711b2400.txt
val,_bee_20230711b,20230711b2415.jpg,20230711b2415.txt
val,_bee_20230711b,20230711b2430.jpg,20230711b2430.txt
val,_bee_20230711b,20230711b2445.jpg,20230711b2445.txt
val,_bee_20230711b,20230711b2460.jpg,20230711b2460.txt
val,_bee_20230711b,20230711b2475.jpg,20230711b2475.txt
val,_bee_20230711b,20230711b2490.jpg,20230711b2490.txt
val,_bee_20230711b,20230711b2505.jpg,20230711b2505.txt
val,_bee_20230711b,20230711b2520.jpg,20230711b2520.txt
val,_bee_20230711b,20230711b2535.jpg,20230711b2535.txt
val,_bee_20230711b,20230711b255.jpg,20230711b255.txt
val,_bee_20230711b,20230711b2550.jpg,20230711b2550.txt
val,_bee_20230711b,20230711b2565.jpg,20230711b2565.txt
val,_bee_20230711b,20230711b2580.jpg,20230711b2580.txt
val,_bee_20230711b,20230711b2595.jpg,20230711b2595.txt
val,_bee_20230711b,20230711b2610.jpg,20230711b2610.txt
val,_bee_20230711b,20230711b2625.jpg,20230711b2625.txt
val,_bee_20230711b,20230711b2640.jpg,20230711b2640.txt
val,_bee_20230711b,20230711b2655.jpg,20230711b2655.txt
val,_bee_20230711b,20230711b2670.jpg,20230711b2670.txt
val,_bee_20230711b,20230711b2685.jpg,20230711b2685.txt
val,_bee_20230711b,20230711b270.jpg,20230711b270.txt
val,_bee_20230711b,20230711b2700.jpg,20230711b2700.txt
val,_bee_20230711b,20230711b2715.jpg,20230711b2715.txt
val,_bee_20230711b,20230711b2730.jpg,20230711b2730.txt
val,_bee_20230711b,20230711b2745.jpg,20230711b2745.txt
val,_bee_20230711b,20230711b2760.jpg,20230711b2760.txt
val,_bee_20230711b,20230711b2775.jpg,20230711b2775.txt
val,_bee_20230711b,20230711b2790.jpg,20230711b2790.txt
val,_bee_20230711b,20230711b2805.jpg,20230711b2805.txt
val,_bee_20230711b,20230711b2820.jpg,20230711b2820.txt
val,_bee_20230711b,20230711b2835.jpg,20230711b2835.txt
val,_bee_20230711b,20230711b285.jpg,20230711b285.txt
val,_bee_20230711b,20230711b2850.jpg,20230711b2850.txt
val,_bee_20230711b,20230711b2865.jpg,20230711b2865.txt
val,_bee_20230711b,20230711b2880.jpg,20230711b2880.txt
val,_bee_20230711b,20230711b2895.jpg,20230711b2895.txt
val,_bee_20230711b,20230711b2910.jpg,20230711b2910.txt
val,_bee_20230711b,20230711b2925.jpg,20230711b2925.txt
val,_bee_20230711b,20230711b2940.jpg,20230711b2940.txt
val,_bee_20230711b,20230711b2955.jpg,20230711b2955.txt
val,_bee_20230711b,20230711b2970.jpg,20230711b2970.txt
val,_bee_20230711b,20230711b2985.jpg,20230711b2985.txt
val,_bee_20230711b,20230711b30.jpg,20230711b30.txt
val,_bee_20230711b,20230711b300.jpg,20230711b300.txt
val,_bee_20230711b,20230711b3000.jpg,20230711b3000.txt
val,_bee_20230711b,20230711b3015.jpg,20230711b3015.txt
val,_bee_20230711b,20230711b3030.jpg,20230711b3030.txt
val,_bee_20230711b,20230711b3045.jpg,20230711b3045.txt
val,_bee_20230711b,20230711b3060.jpg,20230711b3060.txt
val,_bee_20230711b,20230711b3075.jpg,20230711b3075.txt
val,_bee_20230711b,20230711b3090.jpg,20230711b3090.txt
val,_bee_20230711b,20230711b3105.jpg,20230711b3105.txt
val,_bee_20230711b,20230711b3120.jpg,20230711b3120.txt
val,_bee_20230711b,20230711b3135.jpg,20230711b3135.txt
val,_bee_20230711b,20230711b315.jpg,20230711b315.txt
val,_bee_20230711b,20230711b3150.jpg,20230711b3150.txt
val,_bee_20230711b,20230711b3165.jpg,20230711b3165.txt
val,_bee_20230711b,20230711b3180.jpg,20230711b3180.txt
val,_bee_20230711b,20230711b3195.jpg,20230711b3195.txt
val,_bee_20230711b,20230711b3210.jpg,20230711b3210.txt
val,_bee_20230711b,20230711b3225.jpg,20230711b3225.txt
val,_bee_20230711b,20230711b3240.jpg,20230711b3240.txt
val,_bee_20230711b,20230711b3255.jpg,20230711b3255.txt
val,_bee_20230711b,20230711b330.jpg,20230711b330.txt
val,_bee_20230711b,20230711b3300.jpg,20230711b3300.txt
val,_bee_20230711b,20230711b3315.jpg,20230711b3315.txt
val,_bee_20230711b,20230711b3330.jpg,20230711b3330.txt
val,_bee_20230711b,20230711b3360.jpg,20230711b3360.txt
val,_bee_20230711b,20230711b3375.jpg,20230711b3375.txt
val,_bee_20230711b,20230711b3390.jpg,20230711b3390.txt
val,_bee_20230711b,20230711b3405.jpg,20230711b3405.txt
val,_bee_20230711b,20230711b3420.jpg,20230711b3420.txt
val,_bee_20230711b,20230711b3435.jpg,20230711b3435.txt
val,_bee_20230711b,20230711b345.jpg,20230711b345.txt
val,_bee_20230711b,20230711b3465.jpg,20230711b3465.txt
val,_bee_20230711b,20230711b3480.jpg,20230711b3480.txt
val,_bee_20230711b,20230711b3495.jpg,20230711b3495.txt
val,_bee_20230711b,20230711b3510.jpg,20230711b3510.txt
val,_bee_20230711b,20230711b3525.jpg,20230711b3525.txt
val,_bee_20230711b,20230711b3540.jpg,20230711b3540.txt
val,_bee_20230711b,20230711b3555.jpg,20230711b3555.txt
val,_bee_20230711b,20230711b3570.jpg,20230711b3570.txt
val,_bee_20230711b,20230711b3585.jpg,20230711b3585.txt
val,_bee_20230711b,20230711b360.jpg,20230711b360.txt
val,_bee_20230711b,20230711b3600.jpg,20230711b3600.txt
val,_bee_20230711b,20230711b3615.jpg,20230711b3615.txt
val,_bee_20230711b,20230711b3630.jpg,20230711b3630.txt
val,_bee_20230711b,20230711b3660.jpg,20230711b3660.txt
val,_bee_20230711b,20230711b3675.jpg,20230711b3675.txt
val,_bee_20230711b,20230711b3690.jpg,20230711b3690.txt
val,_bee_20230711b,20230711b3705.jpg,20230711b3705.txt
val,_bee_20230711b,20230711b3720.jpg,20230711b3720.txt
val,_bee_20230711b,20230711b3735.jpg,20230711b3735.txt
val,_bee_20230711b,20230711b375.jpg,20230711b375.txt
val,_bee_20230711b,20230711b3750.jpg,20230711b3750.txt
val,_bee_20230711b,20230711b3765.jpg,20230711b3765.txt
val,_bee_20230711b,20230711b3780.jpg,20230711b3780.txt
val,_bee_20230711b,20230711b3795.jpg,20230711b3795.txt
val,_bee_20230711b,20230711b3810.jpg,20230711b3810.txt
val,_bee_20230711b,20230711b3825.jpg,20230711b3825.txt
val,_bee_20230711b,20230711b3840.jpg,20230711b3840.txt
val,_bee_20230711b,20230711b3855.jpg,20230711b3855.txt
val,_bee_20230711b,20230711b3885.jpg,20230711b3885.txt
val,_bee_20230711b,20230711b390.jpg,20230711b390.txt
val,_bee_20230711b,20230711b3900.jpg,20230711b3900.txt
val,_bee_20230711b,20230711b3915.jpg,20230711b3915.txt
val,_bee_20230711b,20230711b3930.jpg,20230711b3930.txt
val,_bee_20230711b,20230711b3945.jpg,20230711b3945.txt
val,_bee_20230711b,20230711b3960.jpg,20230711b3960.txt
val,_bee_20230711b,20230711b3975.jpg,20230711b3975.txt
val,_bee_20230711b,20230711b3990.jpg,20230711b3990.txt
val,_bee_20230711b,20230711b4020.jpg,20230711b4020.txt
val,_bee_20230711b,20230711b4035.jpg,20230711b4035.txt
val,_bee_20230711b,20230711b405.jpg,20230711b405.txt
val,_bee_20230711b,20230711b4110.jpg,20230711b4110.txt
val,_bee_20230711b,20230711b4125.jpg,20230711b4125.txt
val,_bee_20230711b,20230711b4140.jpg,20230711b4140.txt
val,_bee_20230711b,20230711b4155.jpg,20230711b4155.txt
val,_bee_20230711b,20230711b4170.jpg,20230711b4170.txt
val,_bee_20230711b,20230711b4185.jpg,20230711b4185.txt
val,_bee_20230711b,20230711b420.jpg,20230711b420.txt
val,_bee_20230711b,20230711b4200.jpg,20230711b4200.txt
val,_bee_20230711b,20230711b4215.jpg,20230711b4215.txt
val,_bee_20230711b,20230711b4230.jpg,20230711b4230.txt
val,_bee_20230711b,20230711b4245.jpg,20230711b4245.txt
val,_bee_20230711b,20230711b4260.jpg,20230711b4260.txt
val,_bee_20230711b,20230711b4275.jpg,20230711b4275.txt
val,_bee_20230711b,20230711b4290.jpg,20230711b4290.txt
val,_bee_20230711b,20230711b4305.jpg,20230711b4305.txt
val,_bee_20230711b,20230711b4320.jpg,20230711b4320.txt
val,_bee_20230711b,20230711b4335.jpg,20230711b4335.txt
val,_bee_20230711b,20230711b435.jpg,20230711b435.txt
val,_bee_20230711b,20230711b4350.jpg,20230711b4350.txt
val,_bee_20230711b,20230711b4365.jpg,20230711b4365.txt
val,_bee_20230711b,20230711b4380.jpg,20230711b4380.txt
val,_bee_20230711b,20230711b4395.jpg,20230711b4395.txt
val,_bee_20230711b,20230711b4410.jpg,20230711b4410.txt
val,_bee_20230711b,20230711b4425.jpg,20230711b4425.txt
val,_bee_20230711b,20230711b4440.jpg,20230711b4440.txt
val,_bee_20230711b,20230711b4455.jpg,20230711b4455.txt
val,_bee_20230711b,20230711b4470.jpg,20230711b4470.txt
val,_bee_20230711b,20230711b4485.jpg,20230711b4485.txt
val,_bee_20230711b,20230711b45.jpg,20230711b45.txt
val,_bee_20230711b,20230711b450.jpg,20230711b450.txt
val,_bee_20230711b,20230711b4500.jpg,20230711b4500.txt
val,_bee_20230711b,20230711b4515.jpg,20230711b4515.txt
val,_bee_20230711b,20230711b4530.jpg,20230711b4530.txt
val,_bee_20230711b,20230711b4545.jpg,20230711b4545.txt
val,_bee_20230711b,20230711b4560.jpg,20230711b4560.txt
val,_bee_20230711b,20230711b4575.jpg,20230711b4575.txt
val,_bee_20230711b,20230711b4590.jpg,20230711b4590.txt
val,_bee_20230711b,20230711b4605.jpg,20230711b4605.txt
val,_bee_20230711b,20230711b4620.jpg,20230711b4620.txt
val,_bee_20230711b,20230711b4635.jpg,20230711b4635.txt
val,_bee_20230711b,20230711b4650.jpg,20230711b4650.txt
val,_bee_20230711b,20230711b4665.jpg,20230711b4665.txt
val,_bee_20230711b,20230711b4680.jpg,20230711b4680.txt
val,_bee_20230711b,20230711b4695.jpg,20230711b4695.txt
val,_bee_20230711b,20230711b4710.jpg,20230711b4710.txt
val,_bee_20230711b,20230711b4725.jpg,20230711b4725.txt
val,_bee_20230711b,20230711b4740.jpg,20230711b4740.txt
val,_bee_20230711b,20230711b4755.jpg,20230711b4755.txt
val,_bee_20230711b,20230711b4770.jpg,20230711b4770.txt
val,_bee_20230711b,20230711b4785.jpg,20230711b4785.txt
val,_bee_20230711b,20230711b480.jpg,20230711b480.txt
val,_bee_20230711b,20230711b4800.jpg,20230711b4800.txt
val,_bee_20230711b,20230711b4815.jpg,20230711b4815.txt
val,_bee_20230711b,20230711b4830.jpg,20230711b4830.txt
val,_bee_20230711b,20230711b4845.jpg,20230711b4845.txt
val,_bee_20230711b,20230711b4860.jpg,20230711b4860.txt
val,_bee_20230711b,20230711b4875.jpg,20230711b4875.txt
val,_bee_20230711b,20230711b4890.jpg,20230711b4890.txt
val,_bee_20230711b,20230711b4905.jpg,20230711b4905.txt
val,_bee_20230711b,20230711b4920.jpg,20230711b4920.txt
val,_bee_20230711b,20230711b4935.jpg,20230711b4935.txt
val,_bee_20230711b,20230711b495.jpg,20230711b495.txt
val,_bee_20230711b,20230711b4950.jpg,20230711b4950.txt
val,_bee_20230711b,20230711b4965.jpg,20230711b4965.txt
val,_bee_20230711b,20230711b4980.jpg,20230711b4980.txt
val,_bee_20230711b,20230711b4995.jpg,20230711b4995.txt
val,_bee_20230711b,20230711b5010.jpg,20230711b5010.txt
val,_bee_20230711b,20230711b5025.jpg,20230711b5025.txt
val,_bee_20230711b,20230711b5040.jpg,20230711b5040.txt
val,_bee_20230711b,20230711b5055.jpg,20230711b5055.txt
val,_bee_20230711b,20230711b5070.jpg,20230711b5070.txt
val,_bee_20230711b,20230711b5085.jpg,20230711b5085.txt
val,_bee_20230711b,20230711b510.jpg,20230711b510.txt
val,_bee_20230711b,20230711b5100.jpg,20230711b5100.txt
val,_bee_20230711b,20230711b5115.jpg,20230711b5115.txt
val,_bee_20230711b,20230711b5130.jpg,20230711b5130.txt
val,_bee_20230711b,20230711b5145.jpg,20230711b5145.txt
val,_bee_20230711b,20230711b5160.jpg,20230711b5160.txt
val,_bee_20230711b,20230711b5175.jpg,20230711b5175.txt
val,_bee_20230711b,20230711b5190.jpg,20230711b5190.txt
val,_bee_20230711b,20230711b5205.jpg,20230711b5205.txt
val,_bee_20230711b,20230711b5220.jpg,20230711b5220.txt
val,_bee_20230711b,20230711b5235.jpg,20230711b5235.txt
val,_bee_20230711b,20230711b525.jpg,20230711b525.txt
val,_bee_20230711b,20230711b5250.jpg,20230711b5250.txt
val,_bee_20230711b,20230711b5265.jpg,20230711b5265.txt
val,_bee_20230711b,20230711b5280.jpg,20230711b5280.txt
val,_bee_20230711b,20230711b5295.jpg,20230711b5295.txt
val,_bee_20230711b,20230711b5310.jpg,20230711b5310.txt
val,_bee_20230711b,20230711b5325.jpg,20230711b5325.txt
val,_bee_20230711b,20230711b5340.jpg,20230711b5340.txt
val,_bee_20230711b,20230711b5355.jpg,20230711b5355.txt
val,_bee_20230711b,20230711b5370.jpg,20230711b5370.txt
val,_bee_20230711b,20230711b5385.jpg,20230711b5385.txt
val,_bee_20230711b,20230711b5400.jpg,20230711b5400.txt
val,_bee_20230711b,20230711b5415.jpg,20230711b5415.txt
val,_bee_20230711b,20230711b5430.jpg,20230711b5430.txt
val,_bee_20230711b,20230711b5445.jpg,20230711b5445.txt
val,_bee_20230711b,20230711b5460.jpg,20230711b5460.txt
val,_bee_20230711b,20230711b5475.jpg,20230711b5475.txt
val,_bee_20230711b,20230711b5490.jpg,20230711b5490.txt
val,_bee_20230711b,20230711b5505.jpg,20230711b5505.txt
val,_bee_20230711b,20230711b5520.jpg,20230711b5520.txt
val,_bee_20230711b,20230711b5535.jpg,20230711b5535.txt
val,_bee_20230711b,20230711b5550.jpg,20230711b5550.txt
val,_bee_20230711b,20230711b5565.jpg,20230711b5565.txt
val,_bee_20230711b,20230711b5580.jpg,20230711b5580.txt
val,_bee_20230711b,20230711b5595.jpg,20230711b5595.txt
val,_bee_20230711b,20230711b5610.jpg,20230711b5610.txt
val,_bee_20230711b,20230711b5625.jpg,20230711b5625.txt
val,_bee_20230711b,20230711b5640.jpg,20230711b5640.txt
val,_bee_20230711b,20230711b5655.jpg,20230711b5655.txt
val,_bee_20230711b,20230711b5670.jpg,20230711b5670.txt
val,_bee_20230711b,20230711b5685.jpg,20230711b5685.txt
val,_bee_20230711b,20230711b570.jpg,20230711b570.txt
val,_bee_20230711b,20230711b5700.jpg,20230711b5700.txt
val,_bee_20230711b,20230711b5715.jpg,20230711b5715.txt
val,_bee_20230711b,20230711b5730.jpg,20230711b5730.txt
val,_bee_20230711b,20230711b5745.jpg,20230711b5745.txt
val,_bee_20230711b,20230711b5760.jpg,20230711b5760.txt
val,_bee_20230711b,20230711b5775.jpg,20230711b5775.txt
val,_bee_20230711b,20230711b5790.jpg,20230711b5790.txt
val,_bee_20230711b,20230711b5805.jpg,20230711b5805.txt
val,_bee_20230711b,20230711b5820.jpg,20230711b5820.txt
val,_bee_20230711b,20230711b5835.jpg,20230711b5835.txt
val,_bee_20230711b,20230711b585.jpg,20230711b585.txt
val,_bee_20230711b,20230711b5850.jpg,20230711b5850.txt
val,_bee_20230711b,20230711b5865.jpg,20230711b5865.txt
val,_bee_20230711b,20230711b5880.jpg,20230711b5880.txt
val,_bee_20230711b,20230711b5895.jpg,20230711b5895.txt
val,_bee_20230711b,20230711b5910.jpg,20230711b5910.txt
val,_bee_20230711b,20230711b5925.jpg,20230711b5925.txt
val,_bee_20230711b,20230711b5940.jpg,20230711b5940.txt
val,_bee_20230711b,20230711b5955.jpg,20230711b5955.txt
val,_bee_20230711b,20230711b5970.jpg,20230711b5970.txt
val,_bee_20230711b,20230711b5985.jpg,20230711b5985.txt
val,_bee_20230711b,20230711b60.jpg,20230711b60.txt
val,_bee_20230711b,20230711b600.jpg,20230711b600.txt
val,_bee_20230711b,20230711b6000.jpg,20230711b6000.txt
val,_bee_20230711b,20230711b6015.jpg,20230711b6015.txt
val,_bee_20230711b,20230711b6030.jpg,20230711b6030.txt
val,_bee_20230711b,20230711b6045.jpg,20230711b6045.txt
val,_bee_20230711b,20230711b6060.jpg,20230711b6060.txt
val,_bee_20230711b,20230711b6075.jpg,20230711b6075.txt
val,_bee_20230711b,20230711b6090.jpg,20230711b6090.txt
val,_bee_20230711b,20230711b6105.jpg,20230711b6105.txt
val,_bee_20230711b,20230711b6120.jpg,20230711b6120.txt
val,_bee_20230711b,20230711b6135.jpg,20230711b6135.txt
val,_bee_20230711b,20230711b615.jpg,20230711b615.txt
val,_bee_20230711b,20230711b6150.jpg,20230711b6150.txt
val,_bee_20230711b,20230711b6165.jpg,20230711b6165.txt
val,_bee_20230711b,20230711b6180.jpg,20230711b6180.txt
val,_bee_20230711b,20230711b6195.jpg,20230711b6195.txt
val,_bee_20230711b,20230711b6210.jpg,20230711b6210.txt
val,_bee_20230711b,20230711b6225.jpg,20230711b6225.txt
val,_bee_20230711b,20230711b6240.jpg,20230711b6240.txt
val,_bee_20230711b,20230711b6255.jpg,20230711b6255.txt
val,_bee_20230711b,20230711b6270.jpg,20230711b6270.txt
val,_bee_20230711b,20230711b6285.jpg,20230711b6285.txt
val,_bee_20230711b,20230711b630.jpg,20230711b630.txt
val,_bee_20230711b,20230711b6300.jpg,20230711b6300.txt
val,_bee_20230711b,20230711b6315.jpg,20230711b6315.txt
val,_bee_20230711b,20230711b6330.jpg,20230711b6330.txt
val,_bee_20230711b,20230711b6345.jpg,20230711b6345.txt
val,_bee_20230711b,20230711b6360.jpg,20230711b6360.txt
val,_bee_20230711b,20230711b6375.jpg,20230711b6375.txt
val,_bee_20230711b,20230711b6390.jpg,20230711b6390.txt
val,_bee_20230711b,20230711b6405.jpg,20230711b6405.txt
val,_bee_20230711b,20230711b6420.jpg,20230711b6420.txt
val,_bee_20230711b,20230711b6435.jpg,20230711b6435.txt
val,_bee_20230711b,20230711b645.jpg,20230711b645.txt
val,_bee_20230711b,20230711b6450.jpg,20230711b6450.txt
val,_bee_20230711b,20230711b6465.jpg,20230711b6465.txt
val,_bee_20230711b,20230711b6480.jpg,20230711b6480.txt
val,_bee_20230711b,20230711b6495.jpg,20230711b6495.txt
val,_bee_20230711b,20230711b6510.jpg,20230711b6510.txt
val,_bee_20230711b,20230711b6525.jpg,20230711b6525.txt
val,_bee_20230711b,20230711b6540.jpg,20230711b6540.txt
val,_bee_20230711b,20230711b6555.jpg,20230711b6555.txt
val,_bee_20230711b,20230711b6570.jpg,20230711b6570.txt
val,_bee_20230711b,20230711b6585.jpg,20230711b6585.txt
val,_bee_20230711b,20230711b660.jpg,20230711b660.txt
val,_bee_20230711b,20230711b6600.jpg,20230711b6600.txt
val,_bee_20230711b,20230711b6615.jpg,20230711b6615.txt
val,_bee_20230711b,20230711b6630.jpg,20230711b6630.txt
val,_bee_20230711b,20230711b6645.jpg,20230711b6645.txt
val,_bee_20230711b,20230711b6660.jpg,20230711b6660.txt
val,_bee_20230711b,20230711b6675.jpg,20230711b6675.txt
val,_bee_20230711b,20230711b6690.jpg,20230711b6690.txt
val,_bee_20230711b,20230711b6705.jpg,20230711b6705.txt
val,_bee_20230711b,20230711b6720.jpg,20230711b6720.txt
val,_bee_20230711b,20230711b6735.jpg,20230711b6735.txt
val,_bee_20230711b,20230711b675.jpg,20230711b675.txt
val,_bee_20230711b,20230711b6750.jpg,20230711b6750.txt
val,_bee_20230711b,20230711b6765.jpg,20230711b6765.txt
val,_bee_20230711b,20230711b6780.jpg,20230711b6780.txt
val,_bee_20230711b,20230711b6795.jpg,20230711b6795.txt
val,_bee_20230711b,20230711b6810.jpg,20230711b6810.txt
val,_bee_20230711b,20230711b6825.jpg,20230711b6825.txt
val,_bee_20230711b,20230711b6840.jpg,20230711b6840.txt
val,_bee_20230711b,20230711b6855.jpg,20230711b6855.txt
val,_bee_20230711b,20230711b6870.jpg,20230711b6870.txt
val,_bee_20230711b,20230711b6885.jpg,20230711b6885.txt
val,_bee_20230711b,20230711b690.jpg,20230711b690.txt
val,_bee_20230711b,20230711b6900.jpg,20230711b6900.txt
val,_bee_20230711b,20230711b6915.jpg,20230711b6915.txt
val,_bee_20230711b,20230711b6930.jpg,20230711b6930.txt
val,_bee_20230711b,20230711b6945.jpg,20230711b6945.txt
val,_bee_20230711b,20230711b6960.jpg,20230711b6960.txt
val,_bee_20230711b,20230711b6975.jpg,20230711b6975.txt
val,_bee_20230711b,20230711b6990.jpg,20230711b6990.txt
val,_bee_20230711b,20230711b7005.jpg,20230711b7005.txt
val,_bee_20230711b,20230711b7020.jpg,20230711b7020.txt
val,_bee_20230711b,20230711b7035.jpg,20230711b7035.txt
val,_bee_20230711b,20230711b705.jpg,20230711b705.txt
val,_bee_20230711b,20230711b7050.jpg,20230711b7050.txt
val,_bee_20230711b,20230711b7065.jpg,20230711b7065.txt
val,_bee_20230711b,20230711b7080.jpg,20230711b7080.txt
val,_bee_20230711b,20230711b7095.jpg,20230711b7095.txt
val,_bee_20230711b,20230711b7110.jpg,20230711b7110.txt
val,_bee_20230711b,20230711b7125.jpg,20230711b7125.txt
val,_bee_20230711b,20230711b7140.jpg,20230711b7140.txt
val,_bee_20230711b,20230711b7155.jpg,20230711b7155.txt
val,_bee_20230711b,20230711b7170.jpg,20230711b7170.txt
val,_bee_20230711b,20230711b7185.jpg,20230711b7185.txt
val,_bee_20230711b,20230711b720.jpg,20230711b720.txt
val,_bee_20230711b,20230711b7200.jpg,20230711b7200.txt
val,_bee_20230711b,20230711b7215.jpg,20230711b7215.txt
val,_bee_20230711b,20230711b7230.jpg,20230711b7230.txt
val,_bee_20230711b,20230711b7245.jpg,20230711b7245.txt
val,_bee_20230711b,20230711b7260.jpg,20230711b7260.txt
val,_bee_20230711b,20230711b7275.jpg,20230711b7275.txt
val,_bee_20230711b,20230711b7290.jpg,20230711b7290.txt
val,_bee_20230711b,20230711b7305.jpg,20230711b7305.txt
val,_bee_20230711b,20230711b7320.jpg,20230711b7320.txt
val,_bee_20230711b,20230711b7335.jpg,20230711b7335.txt
val,_bee_20230711b,20230711b735.jpg,20230711b735.txt
val,_bee_20230711b,20230711b7350.jpg,20230711b7350.txt
val,_bee_20230711b,20230711b7365.jpg,20230711b7365.txt
val,_bee_20230711b,20230711b7380.jpg,20230711b7380.txt
val,_bee_20230711b,20230711b7395.jpg,20230711b7395.txt
val,_bee_20230711b,20230711b7410.jpg,20230711b7410.txt
val,_bee_20230711b,20230711b7425.jpg,20230711b7425.txt
val,_bee_20230711b,20230711b7440.jpg,20230711b7440.txt
val,_bee_20230711b,20230711b7455.jpg,20230711b7455.txt
val,_bee_20230711b,20230711b7470.jpg,20230711b7470.txt
val,_bee_20230711b,20230711b7485.jpg,20230711b7485.txt
val,_bee_20230711b,20230711b75.jpg,20230711b75.txt
val,_bee_20230711b,20230711b750.jpg,20230711b750.txt
val,_bee_20230711b,20230711b7500.jpg,20230711b7500.txt
val,_bee_20230711b,20230711b7515.jpg,20230711b7515.txt
val,_bee_20230711b,20230711b7530.jpg,20230711b7530.txt
val,_bee_20230711b,20230711b7545.jpg,20230711b7545.txt
val,_bee_20230711b,20230711b7560.jpg,20230711b7560.txt
val,_bee_20230711b,20230711b7575.jpg,20230711b7575.txt
val,_bee_20230711b,20230711b7590.jpg,20230711b7590.txt
val,_bee_20230711b,20230711b7605.jpg,20230711b7605.txt
val,_bee_20230711b,20230711b7620.jpg,20230711b7620.txt
val,_bee_20230711b,20230711b7635.jpg,20230711b7635.txt
val,_bee_20230711b,20230711b765.jpg,20230711b765.txt
val,_bee_20230711b,20230711b7650.jpg,20230711b7650.txt
val,_bee_20230711b,20230711b7665.jpg,20230711b7665.txt
val,_bee_20230711b,20230711b7680.jpg,20230711b7680.txt
val,_bee_20230711b,20230711b7695.jpg,20230711b7695.txt
val,_bee_20230711b,20230711b7710.jpg,20230711b7710.txt
val,_bee_20230711b,20230711b7725.jpg,20230711b7725.txt
val,_bee_20230711b,20230711b7740.jpg,20230711b7740.txt
val,_bee_20230711b,20230711b7755.jpg,20230711b7755.txt
val,_bee_20230711b,20230711b7770.jpg,20230711b7770.txt
val,_bee_20230711b,20230711b7785.jpg,20230711b7785.txt
val,_bee_20230711b,20230711b780.jpg,20230711b780.txt
val,_bee_20230711b,20230711b7800.jpg,20230711b7800.txt
val,_bee_20230711b,20230711b7815.jpg,20230711b7815.txt
val,_bee_20230711b,20230711b7830.jpg,20230711b7830.txt
val,_bee_20230711b,20230711b7845.jpg,20230711b7845.txt
val,_bee_20230711b,20230711b7860.jpg,20230711b7860.txt
val,_bee_20230711b,20230711b7875.jpg,20230711b7875.txt
val,_bee_20230711b,20230711b7890.jpg,20230711b7890.txt
val,_bee_20230711b,20230711b7905.jpg,20230711b7905.txt
val,_bee_20230711b,20230711b7920.jpg,20230711b7920.txt
val,_bee_20230711b,20230711b7935.jpg,20230711b7935.txt
val,_bee_20230711b,20230711b795.jpg,20230711b795.txt
val,_bee_20230711b,20230711b7950.jpg,20230711b7950.txt
val,_bee_20230711b,20230711b7965.jpg,20230711b7965.txt
val,_bee_20230711b,20230711b7980.jpg,20230711b7980.txt
val,_bee_20230711b,20230711b7995.jpg,20230711b7995.txt
val,_bee_20230711b,20230711b8010.jpg,20230711b8010.txt
val,_bee_20230711b,20230711b8025.jpg,20230711b8025.txt
val,_bee_20230711b,20230711b8040.jpg,20230711b8040.txt
val,_bee_20230711b,20230711b8055.jpg,20230711b8055.txt
val,_bee_20230711b,20230711b8070.jpg,20230711b8070.txt
val,_bee_20230711b,20230711b8085.jpg,20230711b8085.txt
val,_bee_20230711b,20230711b810.jpg,20230711b810.txt
val,_bee_20230711b,20230711b8100.jpg,20230711b8100.txt
val,_bee_20230711b,20230711b8115.jpg,20230711b8115.txt
val,_bee_20230711b,20230711b8130.jpg,20230711b8130.txt
val,_bee_20230711b,20230711b8145.jpg,20230711b8145.txt
val,_bee_20230711b,20230711b8160.jpg,20230711b8160.txt
val,_bee_20230711b,20230711b8175.jpg,20230711b8175.txt
val,_bee_20230711b,20230711b8190.jpg,20230711b8190.txt
val,_bee_20230711b,20230711b8205.jpg,20230711b8205.txt
val,_bee_20230711b,20230711b8220.jpg,20230711b8220.txt
val,_bee_20230711b,20230711b8235.jpg,20230711b8235.txt
val,_bee_20230711b,20230711b825.jpg,20230711b825.txt
val,_bee_20230711b,20230711b8250.jpg,20230711b8250.txt
val,_bee_20230711b,20230711b8265.jpg,20230711b8265.txt
val,_bee_20230711b,20230711b8280.jpg,20230711b8280.txt
val,_bee_20230711b,20230711b8295.jpg,20230711b8295.txt
val,_bee_20230711b,20230711b8310.jpg,20230711b8310.txt
val,_bee_20230711b,20230711b8325.jpg,20230711b8325.txt
val,_bee_20230711b,20230711b8340.jpg,20230711b8340.txt
val,_bee_20230711b,20230711b8355.jpg,20230711b8355.txt
val,_bee_20230711b,20230711b8370.jpg,20230711b8370.txt
val,_bee_20230711b,20230711b8385.jpg,20230711b8385.txt
val,_bee_20230711b,20230711b840.jpg,20230711b840.txt
val,_bee_20230711b,20230711b8400.jpg,20230711b8400.txt
val,_bee_20230711b,20230711b8415.jpg,20230711b8415.txt
val,_bee_20230711b,20230711b8430.jpg,20230711b8430.txt
val,_bee_20230711b,20230711b8445.jpg,20230711b8445.txt
val,_bee_20230711b,20230711b8460.jpg,20230711b8460.txt
val,_bee_20230711b,20230711b8475.jpg,20230711b8475.txt
val,_bee_20230711b,20230711b8490.jpg,20230711b8490.txt
val,_bee_20230711b,20230711b8505.jpg,20230711b8505.txt
val,_bee_20230711b,20230711b8520.jpg,20230711b8520.txt
val,_bee_20230711b,20230711b8535.jpg,20230711b8535.txt
val,_bee_20230711b,20230711b855.jpg,20230711b855.txt
val,_bee_20230711b,20230711b8550.jpg,20230711b8550.txt
val,_bee_20230711b,20230711b8565.jpg,20230711b8565.txt
val,_bee_20230711b,20230711b8580.jpg,20230711b8580.txt
val,_bee_20230711b,20230711b8595.jpg,20230711b8595.txt
val,_bee_20230711b,20230711b8610.jpg,20230711b8610.txt
val,_bee_20230711b,20230711b8625.jpg,20230711b8625.txt
val,_bee_20230711b,20230711b8640.jpg,20230711b8640.txt
val,_bee_20230711b,20230711b8655.jpg,20230711b8655.txt
val,_bee_20230711b,20230711b8670.jpg,20230711b8670.txt
val,_bee_20230711b,20230711b8685.jpg,20230711b8685.txt
val,_bee_20230711b,20230711b870.jpg,20230711b870.txt
val,_bee_20230711b,20230711b8700.jpg,20230711b8700.txt
val,_bee_20230711b,20230711b8715.jpg,20230711b8715.txt
val,_bee_20230711b,20230711b8730.jpg,20230711b8730.txt
val,_bee_20230711b,20230711b8745.jpg,20230711b8745.txt
val,_bee_20230711b,20230711b8760.jpg,20230711b8760.txt
val,_bee_20230711b,20230711b8775.jpg,20230711b8775.txt
val,_bee_20230711b,20230711b8790.jpg,20230711b8790.txt
val,_bee_20230711b,20230711b8805.jpg,20230711b8805.txt
val,_bee_20230711b,20230711b8820.jpg,20230711b8820.txt
val,_bee_20230711b,20230711b8835.jpg,20230711b8835.txt
val,_bee_20230711b,20230711b885.jpg,20230711b885.txt
val,_bee_20230711b,20230711b8850.jpg,20230711b8850.txt
val,_bee_20230711b,20230711b8865.jpg,20230711b8865.txt
val,_bee_20230711b,20230711b8880.jpg,20230711b8880.txt
val,_bee_20230711b,20230711b8895.jpg,20230711b8895.txt
val,_bee_20230711b,20230711b8910.jpg,20230711b8910.txt
val,_bee_20230711b,20230711b8925.jpg,20230711b8925.txt
val,_bee_20230711b,20230711b8940.jpg,20230711b8940.txt
val,_bee_20230711b,20230711b8955.jpg,20230711b8955.txt
val,_bee_20230711b,20230711b8970.jpg,20230711b8970.txt
val,_bee_20230711b,20230711b8985.jpg,20230711b8985.txt
val,_bee_20230711b,20230711b90.jpg,20230711b90.txt
val,_bee_20230711b,20230711b900.jpg,20230711b900.txt
val,_bee_20230711b,20230711b9000.jpg,20230711b9000.txt
val,_bee_20230711b,20230711b9015.jpg,20230711b9015.txt
val,_bee_20230711b,20230711b9030.jpg,20230711b9030.txt
val,_bee_20230711b,20230711b9045.jpg,20230711b9045.txt
val,_bee_20230711b,20230711b9060.jpg,20230711b9060.txt
val,_bee_20230711b,20230711b9075.jpg,20230711b9075.txt
val,_bee_20230711b,20230711b9090.jpg,20230711b9090.txt
val,_bee_20230711b,20230711b9105.jpg,20230711b9105.txt
val,_bee_20230711b,20230711b9120.jpg,20230711b9120.txt
val,_bee_20230711b,20230711b9135.jpg,20230711b9135.txt
val,_bee_20230711b,20230711b915.jpg,20230711b915.txt
val,_bee_20230711b,20230711b9150.jpg,20230711b9150.txt
val,_bee_20230711b,20230711b9165.jpg,20230711b9165.txt
val,_bee_20230711b,20230711b9180.jpg,20230711b9180.txt
val,_bee_20230711b,20230711b9195.jpg,20230711b9195.txt
val,_bee_20230711b,20230711b9210.jpg,20230711b9210.txt
val,_bee_20230711b,20230711b9225.jpg,20230711b9225.txt
val,_bee_20230711b,20230711b9240.jpg,20230711b9240.txt
val,_bee_20230711b,20230711b9255.jpg,20230711b9255.txt
val,_bee_20230711b,20230711b9270.jpg,20230711b9270.txt
val,_bee_20230711b,20230711b9285.jpg,20230711b9285.txt
val,_bee_20230711b,20230711b930.jpg,20230711b930.txt
val,_bee_20230711b,20230711b9300.jpg,20230711b9300.txt
val,_bee_20230711b,20230711b9315.jpg,20230711b9315.txt
val,_bee_20230711b,20230711b9330.jpg,20230711b9330.txt
val,_bee_20230711b,20230711b9345.jpg,20230711b9345.txt
val,_bee_20230711b,20230711b9360.jpg,20230711b9360.txt
val,_bee_20230711b,20230711b9375.jpg,20230711b9375.txt
val,_bee_20230711b,20230711b9390.jpg,20230711b9390.txt
val,_bee_20230711b,20230711b9405.jpg,20230711b9405.txt
val,_bee_20230711b,20230711b9420.jpg,20230711b9420.txt
val,_bee_20230711b,20230711b9435.jpg,20230711b9435.txt
val,_bee_20230711b,20230711b945.jpg,20230711b945.txt
val,_bee_20230711b,20230711b9450.jpg,20230711b9450.txt
val,_bee_20230711b,20230711b9465.jpg,20230711b9465.txt
val,_bee_20230711b,20230711b9480.jpg,20230711b9480.txt
val,_bee_20230711b,20230711b9495.jpg,20230711b9495.txt
val,_bee_20230711b,20230711b9510.jpg,20230711b9510.txt
val,_bee_20230711b,20230711b9525.jpg,20230711b9525.txt
val,_bee_20230711b,20230711b9540.jpg,20230711b9540.txt
val,_bee_20230711b,20230711b9555.jpg,20230711b9555.txt
val,_bee_20230711b,20230711b9570.jpg,20230711b9570.txt
val,_bee_20230711b,20230711b9585.jpg,20230711b9585.txt
val,_bee_20230711b,20230711b960.jpg,20230711b960.txt
val,_bee_20230711b,20230711b9600.jpg,20230711b9600.txt
val,_bee_20230711b,20230711b9615.jpg,20230711b9615.txt
val,_bee_20230711b,20230711b9630.jpg,20230711b9630.txt
val,_bee_20230711b,20230711b9645.jpg,20230711b9645.txt
val,_bee_20230711b,20230711b9660.jpg,20230711b9660.txt
val,_bee_20230711b,20230711b9675.jpg,20230711b9675.txt
val,_bee_20230711b,20230711b9690.jpg,20230711b9690.txt
val,_bee_20230711b,20230711b9705.jpg,20230711b9705.txt
val,_bee_20230711b,20230711b9720.jpg,20230711b9720.txt
val,_bee_20230711b,20230711b9735.jpg,20230711b9735.txt
val,_bee_20230711b,20230711b975.jpg,20230711b975.txt
val,_bee_20230711b,20230711b9750.jpg,20230711b9750.txt
val,_bee_20230711b,20230711b9765.jpg,20230711b9765.txt
val,_bee_20230711b,20230711b9780.jpg,20230711b9780.txt
val,_bee_20230711b,20230711b9795.jpg,20230711b9795.txt
val,_bee_20230711b,20230711b9810.jpg,20230711b9810.txt
val,_bee_20230711b,20230711b9825.jpg,20230711b9825.txt
val,_bee_20230711b,20230711b9840.jpg,20230711b9840.txt
val,_bee_20230711b,20230711b9855.jpg,20230711b9855.txt
val,_bee_20230711b,20230711b9870.jpg,20230711b9870.txt
val,_bee_20230711b,20230711b9885.jpg,20230711b9885.txt
val,_bee_20230711b,20230711b990.jpg,20230711b990.txt
val,_bee_20230711b,20230711b9900.jpg,20230711b9900.txt
val,_bee_20230711b,20230711b9915.jpg,20230711b9915.txt
val,_bee_20230711b,20230711b9930.jpg,20230711b9930.txt
val,_bee_20230711b,20230711b9945.jpg,20230711b9945.txt
val,_bee_20230711b,20230711b9960.jpg,20230711b9960.txt
val,_bee_20230711b,20230711b9975.jpg,20230711b9975.txt
val,_bee_20230711b,20230711b9990.jpg,20230711b9990.txt
test,_bee_20230711c,20230711c1005.jpg,20230711c1005.txt
test,_bee_20230711c,20230711c1020.jpg,20230711c1020.txt
test,_bee_20230711c,20230711c105.jpg,20230711c105.txt
test,_bee_20230711c,20230711c1095.jpg,20230711c1095.txt
test,_bee_20230711c,20230711c1110.jpg,20230711c1110.txt
test,_bee_20230711c,20230711c1125.jpg,20230711c1125.txt
test,_bee_20230711c,20230711c1140.jpg,20230711c1140.txt
test,_bee_20230711c,20230711c1170.jpg,20230711c1170.txt
test,_bee_20230711c,20230711c120.jpg,20230711c120.txt
test,_bee_20230711c,20230711c1260.jpg,20230711c1260.txt
test,_bee_20230711c,20230711c1275.jpg,20230711c1275.txt
test,_bee_20230711c,20230711c1290.jpg,20230711c1290.txt
test,_bee_20230711c,20230711c1305.jpg,20230711c1305.txt
test,_bee_20230711c,20230711c1335.jpg,20230711c1335.txt
test,_bee_20230711c,20230711c135.jpg,20230711c135.txt
test,_bee_20230711c,20230711c1350.jpg,20230711c1350.txt
test,_bee_20230711c,20230711c150.jpg,20230711c150.txt
test,_bee_20230711c,20230711c1635.jpg,20230711c1635.txt
test,_bee_20230711c,20230711c165.jpg,20230711c165.txt
test,_bee_20230711c,20230711c1650.jpg,20230711c1650.txt
test,_bee_20230711c,20230711c1665.jpg,20230711c1665.txt
test,_bee_20230711c,20230711c1680.jpg,20230711c1680.txt
test,_bee_20230711c,20230711c1695.jpg,20230711c1695.txt
test,_bee_20230711c,20230711c1710.jpg,20230711c1710.txt
test,_bee_20230711c,20230711c1725.jpg,20230711c1725.txt
test,_bee_20230711c,20230711c1755.jpg,20230711c1755.txt
test,_bee_20230711c,20230711c180.jpg,20230711c180.txt
test,_bee_20230711c,20230711c1815.jpg,20230711c1815.txt
test,_bee_20230711c,20230711c1830.jpg,20230711c1830.txt
test,_bee_20230711c,20230711c195.jpg,20230711c195.txt
test,_bee_20230711c,20230711c1980.jpg,20230711c1980.txt
test,_bee_20230711c,20230711c1995.jpg,20230711c1995.txt
test,_bee_20230711c,20230711c2025.jpg,20230711c2025.txt
test,_bee_20230711c,20230711c2040.jpg,20230711c2040.txt
test,_bee_20230711c,20230711c2070.jpg,20230711c2070.txt
test,_bee_20230711c,20230711c2085.jpg,20230711c2085.txt
test,_bee_20230711c,20230711c210.jpg,20230711c210.txt
test,_bee_20230711c,20230711c2115.jpg,20230711c2115.txt
test,_bee_20230711c,20230711c2130.jpg,20230711c2130.txt
test,_bee_20230711c,20230711c2145.jpg,20230711c2145.txt
test,_bee_20230711c,20230711c2160.jpg,20230711c2160.txt
test,_bee_20230711c,20230711c2175.jpg,20230711c2175.txt
test,_bee_20230711c,20230711c2190.jpg,20230711c2190.txt
test,_bee_20230711c,20230711c2205.jpg,20230711c2205.txt
test,_bee_20230711c,20230711c2220.jpg,20230711c2220.txt
test,_bee_20230711c,20230711c2235.jpg,20230711c2235.txt
test,_bee_20230711c,20230711c225.jpg,20230711c225.txt
test,_bee_20230711c,20230711c2250.jpg,20230711c2250.txt
test,_bee_20230711c,20230711c2295.jpg,20230711c2295.txt
test,_bee_20230711c,20230711c2310.jpg,20230711c2310.txt
test,_bee_20230711c,20230711c2325.jpg,20230711c2325.txt
test,_bee_20230711c,20230711c2340.jpg,20230711c2340.txt
test,_bee_20230711c,20230711c2355.jpg,20230711c2355.txt
test,_bee_20230711c,20230711c2370.jpg,20230711c2370.txt
test,_bee_20230711c,20230711c2385.jpg,20230711c2385.txt
test,_bee_20230711c,20230711c240.jpg,20230711c240.txt
test,_bee_20230711c,20230711c2400.jpg,20230711c2400.txt
test,_bee_20230711c,20230711c2415.jpg,20230711c2415.txt
test,_bee_20230711c,20230711c2430.jpg,20230711c2430.txt
test,_bee_20230711c,20230711c2445.jpg,20230711c2445.txt
test,_bee_20230711c,20230711c2460.jpg,20230711c2460.txt
test,_bee_20230711c,20230711c2475.jpg,20230711c2475.txt
test,_bee_20230711c,20230711c2490.jpg,20230711c2490.txt
test,_bee_20230711c,20230711c2505.jpg,20230711c2505.txt
test,_bee_20230711c,20230711c2520.jpg,20230711c2520.txt
test,_bee_20230711c,20230711c2535.jpg,20230711c2535.txt
test,_bee_20230711c,20230711c2550.jpg,20230711c2550.txt
test,_bee_20230711c,20230711c2565.jpg,20230711c2565.txt
test,_bee_20230711c,20230711c2580.jpg,20230711c2580.txt
test,_bee_20230711c,20230711c2625.jpg,20230711c2625.txt
test,_bee_20230711c,20230711c2640.jpg,20230711c2640.txt
test,_bee_20230711c,20230711c2655.jpg,20230711c2655.txt
test,_bee_20230711c,20230711c2670.jpg,20230711c2670.txt
test,_bee_20230711c,20230711c2685.jpg,20230711c2685.txt
test,_bee_20230711c,20230711c2700.jpg,20230711c2700.txt
test,_bee_20230711c,20230711c2715.jpg,20230711c2715.txt
test,_bee_20230711c,20230711c2730.jpg,20230711c2730.txt
test,_bee_20230711c,20230711c2745.jpg,20230711c2745.txt
test,_bee_20230711c,20230711c2760.jpg,20230711c2760.txt
test,_bee_20230711c,20230711c2790.jpg,20230711c2790.txt
test,_bee_20230711c,20230711c2805.jpg,20230711c2805.txt
test,_bee_20230711c,20230711c2820.jpg,20230711c2820.txt
test,_bee_20230711c,20230711c2835.jpg,20230711c2835.txt
test,_bee_20230711c,20230711c2850.jpg,20230711c2850.txt
test,_bee_20230711c,20230711c2865.jpg,20230711c2865.txt
test,_bee_20230711c,20230711c2880.jpg,20230711c2880.txt
test,_bee_20230711c,20230711c2895.jpg,20230711c2895.txt
test,_bee_20230711c,20230711c2910.jpg,20230711c2910.txt
test,_bee_20230711c,20230711c2925.jpg,20230711c2925.txt
test,_bee_20230711c,20230711c2940.jpg,20230711c2940.txt
test,_bee_20230711c,20230711c2970.jpg,20230711c2970.txt
test,_bee_20230711c,20230711c2985.jpg,20230711c2985.txt
test,_bee_20230711c,20230711c3000.jpg,20230711c3000.txt
test,_bee_20230711c,20230711c3075.jpg,20230711c3075.txt
test,_bee_20230711c,20230711c3090.jpg,20230711c3090.txt
test,_bee_20230711c,20230711c3105.jpg,20230711c3105.txt
test,_bee_20230711c,20230711c3120.jpg,20230711c3120.txt
test,_bee_20230711c,20230711c3135.jpg,20230711c3135.txt
test,_bee_20230711c,20230711c3150.jpg,20230711c3150.txt
test,_bee_20230711c,20230711c3165.jpg,20230711c3165.txt
test,_bee_20230711c,20230711c3180.jpg,20230711c3180.txt
test,_bee_20230711c,20230711c3195.jpg,20230711c3195.txt
test,_bee_20230711c,20230711c3210.jpg,20230711c3210.txt
test,_bee_20230711c,20230711c3225.jpg,20230711c3225.txt
test,_bee_20230711c,20230711c3240.jpg,20230711c3240.txt
test,_bee_20230711c,20230711c3255.jpg,20230711c3255.txt
test,_bee_20230711c,20230711c3285.jpg,20230711c3285.txt
test,_bee_20230711c,20230711c3300.jpg,20230711c3300.txt
test,_bee_20230711c,20230711c3360.jpg,20230711c3360.txt
test,_bee_20230711c,20230711c3375.jpg,20230711c3375.txt
test,_bee_20230711c,20230711c3390.jpg,20230711c3390.txt
test,_bee_20230711c,20230711c3405.jpg,20230711c3405.txt
test,_bee_20230711c,20230711c3420.jpg,20230711c3420.txt
test,_bee_20230711c,20230711c3435.jpg,20230711c3435.txt
test,_bee_20230711c,20230711c345.jpg,20230711c345.txt
test,_bee_20230711c,20230711c3450.jpg,20230711c3450.txt
test,_bee_20230711c,20230711c3465.jpg,20230711c3465.txt
test,_bee_20230711c,20230711c3555.jpg,20230711c3555.txt
test,_bee_20230711c,20230711c360.jpg,20230711c360.txt
test,_bee_20230711c,20230711c3645.jpg,20230711c3645.txt
test,_bee_20230711c,20230711c3660.jpg,20230711c3660.txt
test,_bee_20230711c,20230711c3675.jpg,20230711c3675.txt
test,_bee_20230711c,20230711c3690.jpg,20230711c3690.txt
test,_bee_20230711c,20230711c3705.jpg,20230711c3705.txt
test,_bee_20230711c,20230711c3720.jpg,20230711c3720.txt
test,_bee_20230711c,20230711c3735.jpg,20230711c3735.txt
test,_bee_20230711c,20230711c375.jpg,20230711c375.txt
test,_bee_20230711c,20230711c3750.jpg,20230711c3750.txt
test,_bee_20230711c,20230711c3765.jpg,20230711c3765.txt
test,_bee_20230711c,20230711c3780.jpg,20230711c3780.txt
test,_bee_20230711c,20230711c3795.jpg,20230711c3795.txt
test,_bee_20230711c,20230711c3810.jpg,20230711c3810.txt
test,_bee_20230711c,20230711c3825.jpg,20230711c3825.txt
test,_bee_20230711c,20230711c3840.jpg,20230711c3840.txt
test,_bee_20230711c,20230711c3855.jpg,20230711c3855.txt
test,_bee_20230711c,20230711c3870.jpg,20230711c3870.txt
test,_bee_20230711c,20230711c3885.jpg,20230711c3885.txt
test,_bee_20230711c,20230711c390.jpg,20230711c390.txt
test,_bee_20230711c,20230711c3900.jpg,20230711c3900.txt
test,_bee_20230711c,20230711c3915.jpg,20230711c3915.txt
test,_bee_20230711c,20230711c3930.jpg,20230711c3930.txt
test,_bee_20230711c,20230711c3945.jpg,20230711c3945.txt
test,_bee_20230711c,20230711c3960.jpg,20230711c3960.txt
test,_bee_20230711c,20230711c3975.jpg,20230711c3975.txt
test,_bee_20230711c,20230711c3990.jpg,20230711c3990.txt
test,_bee_20230711c,20230711c4005.jpg,20230711c4005.txt
test,_bee_20230711c,20230711c4020.jpg,20230711c4020.txt
test,_bee_20230711c,20230711c4035.jpg,20230711c4035.txt
test,_bee_20230711c,20230711c4050.jpg,20230711c4050.txt
test,_bee_20230711c,20230711c4065.jpg,20230711c4065.txt
test,_bee_20230711c,20230711c4080.jpg,20230711c4080.txt
test,_bee_20230711c,20230711c4095.jpg,20230711c4095.txt
test,_bee_20230711c,20230711c4110.jpg,20230711c4110.txt
test,_bee_20230711c,20230711c4125.jpg,20230711c4125.txt
test,_bee_20230711c,20230711c4140.jpg,20230711c4140.txt
test,_bee_20230711c,20230711c4155.jpg,20230711c4155.txt
test,_bee_20230711c,20230711c4170.jpg,20230711c4170.txt
test,_bee_20230711c,20230711c4185.jpg,20230711c4185.txt
test,_bee_20230711c,20230711c4200.jpg,20230711c4200.txt
test,_bee_20230711c,20230711c4215.jpg,20230711c4215.txt
test,_bee_20230711c,20230711c4230.jpg,20230711c4230.txt
test,_bee_20230711c,20230711c4245.jpg,20230711c4245.txt
test,_bee_20230711c,20230711c4260.jpg,20230711c4260.txt
test,_bee_20230711c,20230711c4275.jpg,20230711c4275.txt
test,_bee_20230711c,20230711c4290.jpg,20230711c4290.txt
test,_bee_20230711c,20230711c4305.jpg,20230711c4305.txt
test,_bee_20230711c,20230711c4320.jpg,20230711c4320.txt
test,_bee_20230711c,20230711c4335.jpg,20230711c4335.txt
test,_bee_20230711c,20230711c435.jpg,20230711c435.txt
test,_bee_20230711c,20230711c4350.jpg,20230711c4350.txt
test,_bee_20230711c,20230711c4365.jpg,20230711c4365.txt
test,_bee_20230711c,20230711c4380.jpg,20230711c4380.txt
test,_bee_20230711c,20230711c4395.jpg,20230711c4395.txt
test,_bee_20230711c,20230711c4410.jpg,20230711c4410.txt
test,_bee_20230711c,20230711c4425.jpg,20230711c4425.txt
test,_bee_20230711c,20230711c4440.jpg,20230711c4440.txt
test,_bee_20230711c,20230711c4455.jpg,20230711c4455.txt
test,_bee_20230711c,20230711c4470.jpg,20230711c4470.txt
test,_bee_20230711c,20230711c4485.jpg,20230711c4485.txt
test,_bee_20230711c,20230711c450.jpg,20230711c450.txt
test,_bee_20230711c,20230711c4500.jpg,20230711c4500.txt
test,_bee_20230711c,20230711c4515.jpg,20230711c4515.txt
test,_bee_20230711c,20230711c4530.jpg,20230711c4530.txt
test,_bee_20230711c,20230711c4545.jpg,20230711c4545.txt
test,_bee_20230711c,20230711c4560.jpg,20230711c4560.txt
test,_bee_20230711c,20230711c4575.jpg,20230711c4575.txt
test,_bee_20230711c,20230711c4590.jpg,20230711c4590.txt
test,_bee_20230711c,20230711c4605.jpg,20230711c4605.txt
test,_bee_20230711c,20230711c4620.jpg,20230711c4620.txt
test,_bee_20230711c,20230711c4635.jpg,20230711c4635.txt
test,_bee_20230711c,20230711c465.jpg,20230711c465.txt
test,_bee_20230711c,20230711c4650.jpg,20230711c4650.txt
test,_bee_20230711c,20230711c4665.jpg,20230711c4665.txt
test,_bee_20230711c,20230711c4680.jpg,20230711c4680.txt
test,_bee_20230711c,20230711c4695.jpg,20230711c4695.txt
test,_bee_20230711c,20230711c4710.jpg,20230711c4710.txt
test,_bee_20230711c,20230711c4725.jpg,20230711c4725.txt
test,_bee_20230711c,20230711c4740.jpg,20230711c4740.txt
test,_bee_20230711c,20230711c4755.jpg,20230711c4755.txt
test,_bee_20230711c,20230711c4770.jpg,20230711c4770.txt
test,_bee_20230711c,20230711c4785.jpg,20230711c4785.txt
test,_bee_20230711c,20230711c480.jpg,20230711c480.txt
test,_bee_20230711c,20230711c4800.jpg,20230711c4800.txt
test,_bee_20230711c,20230711c4815.jpg,20230711c4815.txt
test,_bee_20230711c,20230711c4830.jpg,20230711c4830.txt
test,_bee_20230711c,20230711c4845.jpg,20230711c4845.txt
test,_bee_20230711c,20230711c4860.jpg,20230711c4860.txt
test,_bee_20230711c,20230711c4875.jpg,20230711c4875.txt
test,_bee_20230711c,20230711c4890.jpg,20230711c4890.txt
test,_bee_20230711c,20230711c4905.jpg,20230711c4905.txt
test,_bee_20230711c,20230711c4920.jpg,20230711c4920.txt
test,_bee_20230711c,20230711c4935.jpg,20230711c4935.txt
test,_bee_20230711c,20230711c495.jpg,20230711c495.txt
test,_bee_20230711c,20230711c4950.jpg,20230711c4950.txt
test,_bee_20230711c,20230711c4965.jpg,20230711c4965.txt
test,_bee_20230711c,20230711c4980.jpg,20230711c4980.txt
test,_bee_20230711c,20230711c4995.jpg,20230711c4995.txt
test,_bee_20230711c,20230711c5010.jpg,20230711c5010.txt
test,_bee_20230711c,20230711c5025.jpg,20230711c5025.txt
test,_bee_20230711c,20230711c5040.jpg,20230711c5040.txt
test,_bee_20230711c,20230711c5055.jpg,20230711c5055.txt
test,_bee_20230711c,20230711c5070.jpg,20230711c5070.txt
test,_bee_20230711c,20230711c5085.jpg,20230711c5085.txt
test,_bee_20230711c,20230711c510.jpg,20230711c510.txt
test,_bee_20230711c,20230711c5100.jpg,20230711c5100.txt
test,_bee_20230711c,20230711c5115.jpg,20230711c5115.txt
test,_bee_20230711c,20230711c5130.jpg,20230711c5130.txt
test,_bee_20230711c,20230711c5145.jpg,20230711c5145.txt
test,_bee_20230711c,20230711c5160.jpg,20230711c5160.txt
test,_bee_20230711c,20230711c5175.jpg,20230711c5175.txt
test,_bee_20230711c,20230711c5190.jpg,20230711c5190.txt
test,_bee_20230711c,20230711c5205.jpg,20230711c5205.txt
test,_bee_20230711c,20230711c5220.jpg,20230711c5220.txt
test,_bee_20230711c,20230711c5235.jpg,20230711c5235.txt
test,_bee_20230711c,20230711c525.jpg,20230711c525.txt
test,_bee_20230711c,20230711c5250.jpg,20230711c5250.txt
test,_bee_20230711c,20230711c5265.jpg,20230711c5265.txt
test,_bee_20230711c,20230711c5280.jpg,20230711c5280.txt
test,_bee_20230711c,20230711c5295.jpg,20230711c5295.txt
test,_bee_20230711c,20230711c5325.jpg,20230711c5325.txt
test,_bee_20230711c,20230711c5340.jpg,20230711c5340.txt
test,_bee_20230711c,20230711c5355.jpg,20230711c5355.txt
test,_bee_20230711c,20230711c5370.jpg,20230711c5370.txt
test,_bee_20230711c,20230711c5385.jpg,20230711c5385.txt
test,_bee_20230711c,20230711c540.jpg,20230711c540.txt
test,_bee_20230711c,20230711c5400.jpg,20230711c5400.txt
test,_bee_20230711c,20230711c5415.jpg,20230711c5415.txt
test,_bee_20230711c,20230711c5430.jpg,20230711c5430.txt
test,_bee_20230711c,20230711c5445.jpg,20230711c5445.txt
test,_bee_20230711c,20230711c5460.jpg,20230711c5460.txt
test,_bee_20230711c,20230711c5475.jpg,20230711c5475.txt
test,_bee_20230711c,20230711c5490.jpg,20230711c5490.txt
test,_bee_20230711c,20230711c5505.jpg,20230711c5505.txt
test,_bee_20230711c,20230711c5520.jpg,20230711c5520.txt
test,_bee_20230711c,20230711c5535.jpg,20230711c5535.txt
test,_bee_20230711c,20230711c555.jpg,20230711c555.txt
test,_bee_20230711c,20230711c5550.jpg,20230711c5550.txt
test,_bee_20230711c,20230711c5565.jpg,20230711c5565.txt
test,_bee_20230711c,20230711c5580.jpg,20230711c5580.txt
test,_bee_20230711c,20230711c5595.jpg,20230711c5595.txt
test,_bee_20230711c,20230711c5610.jpg,20230711c5610.txt
test,_bee_20230711c,20230711c5625.jpg,20230711c5625.txt
test,_bee_20230711c,20230711c5640.jpg,20230711c5640.txt
test,_bee_20230711c,20230711c5655.jpg,20230711c5655.txt
test,_bee_20230711c,20230711c5670.jpg,20230711c5670.txt
test,_bee_20230711c,20230711c5685.jpg,20230711c5685.txt
test,_bee_20230711c,20230711c5700.jpg,20230711c5700.txt
test,_bee_20230711c,20230711c5715.jpg,20230711c5715.txt
test,_bee_20230711c,20230711c5730.jpg,20230711c5730.txt
test,_bee_20230711c,20230711c5745.jpg,20230711c5745.txt
test,_bee_20230711c,20230711c5760.jpg,20230711c5760.txt
test,_bee_20230711c,20230711c5775.jpg,20230711c5775.txt
test,_bee_20230711c,20230711c5790.jpg,20230711c5790.txt
test,_bee_20230711c,20230711c5805.jpg,20230711c5805.txt
test,_bee_20230711c,20230711c5820.jpg,20230711c5820.txt
test,_bee_20230711c,20230711c5835.jpg,20230711c5835.txt
test,_bee_20230711c,20230711c5850.jpg,20230711c5850.txt
test,_bee_20230711c,20230711c5865.jpg,20230711c5865.txt
test,_bee_20230711c,20230711c5880.jpg,20230711c5880.txt
test,_bee_20230711c,20230711c5895.jpg,20230711c5895.txt
test,_bee_20230711c,20230711c5910.jpg,20230711c5910.txt
test,_bee_20230711c,20230711c5925.jpg,20230711c5925.txt
test,_bee_20230711c,20230711c5940.jpg,20230711c5940.txt
test,_bee_20230711c,20230711c5955.jpg,20230711c5955.txt
test,_bee_20230711c,20230711c5970.jpg,20230711c5970.txt
test,_bee_20230711c,20230711c5985.jpg,20230711c5985.txt
test,_bee_20230711c,20230711c600.jpg,20230711c600.txt
test,_bee_20230711c,20230711c6000.jpg,20230711c6000.txt
test,_bee_20230711c,20230711c6015.jpg,20230711c6015.txt
test,_bee_20230711c,20230711c6030.jpg,20230711c6030.txt
test,_bee_20230711c,20230711c6045.jpg,20230711c6045.txt
test,_bee_20230711c,20230711c6060.jpg,20230711c6060.txt
test,_bee_20230711c,20230711c6075.jpg,20230711c6075.txt
test,_bee_20230711c,20230711c6105.jpg,20230711c6105.txt
test,_bee_20230711c,20230711c6120.jpg,20230711c6120.txt
test,_bee_20230711c,20230711c6135.jpg,20230711c6135.txt
test,_bee_20230711c,20230711c615.jpg,20230711c615.txt
test,_bee_20230711c,20230711c6150.jpg,20230711c6150.txt
test,_bee_20230711c,20230711c6165.jpg,20230711c6165.txt
test,_bee_20230711c,20230711c6195.jpg,20230711c6195.txt
test,_bee_20230711c,20230711c6210.jpg,20230711c6210.txt
test,_bee_20230711c,20230711c6225.jpg,20230711c6225.txt
test,_bee_20230711c,20230711c6240.jpg,20230711c6240.txt
test,_bee_20230711c,20230711c6255.jpg,20230711c6255.txt
test,_bee_20230711c,20230711c6270.jpg,20230711c6270.txt
test,_bee_20230711c,20230711c6285.jpg,20230711c6285.txt
test,_bee_20230711c,20230711c6315.jpg,20230711c6315.txt
test,_bee_20230711c,20230711c6330.jpg,20230711c6330.txt
test,_bee_20230711c,20230711c6345.jpg,20230711c6345.txt
test,_bee_20230711c,20230711c6360.jpg,20230711c6360.txt
test,_bee_20230711c,20230711c6375.jpg,20230711c6375.txt
test,_bee_20230711c,20230711c6390.jpg,20230711c6390.txt
test,_bee_20230711c,20230711c6405.jpg,20230711c6405.txt
test,_bee_20230711c,20230711c6420.jpg,20230711c6420.txt
test,_bee_20230711c,20230711c6435.jpg,20230711c6435.txt
test,_bee_20230711c,20230711c6450.jpg,20230711c6450.txt
test,_bee_20230711c,20230711c6465.jpg,20230711c6465.txt
test,_bee_20230711c,20230711c6480.jpg,20230711c6480.txt
test,_bee_20230711c,20230711c6495.jpg,20230711c6495.txt
test,_bee_20230711c,20230711c6510.jpg,20230711c6510.txt
test,_bee_20230711c,20230711c6525.jpg,20230711c6525.txt
test,_bee_20230711c,20230711c6540.jpg,20230711c6540.txt
test,_bee_20230711c,20230711c6555.jpg,20230711c6555.txt
test,_bee_20230711c,20230711c6570.jpg,20230711c6570.txt
test,_bee_20230711c,20230711c6585.jpg,20230711c6585.txt
test,_bee_20230711c,20230711c6600.jpg,20230711c6600.txt
test,_bee_20230711c,20230711c6615.jpg,20230711c6615.txt
test,_bee_20230711c,20230711c6630.jpg,20230711c6630.txt
test,_bee_20230711c,20230711c6645.jpg,20230711c6645.txt
test,_bee_20230711c,20230711c6660.jpg,20230711c6660.txt
test,_bee_20230711c,20230711c6675.jpg,20230711c6675.txt
test,_bee_20230711c,20230711c6690.jpg,20230711c6690.txt
test,_bee_20230711c,20230711c6705.jpg,20230711c6705.txt
test,_bee_20230711c,20230711c6720.jpg,20230711c6720.txt
test,_bee_20230711c,20230711c6735.jpg,20230711c6735.txt
test,_bee_20230711c,20230711c675.jpg,20230711c675.txt
test,_bee_20230711c,20230711c6750.jpg,20230711c6750.txt
test,_bee_20230711c,20230711c6765.jpg,20230711c6765.txt
test,_bee_20230711c,20230711c6780.jpg,20230711c6780.txt
test,_bee_20230711c,20230711c6795.jpg,20230711c6795.txt
test,_bee_20230711c,20230711c6810.jpg,20230711c6810.txt
test,_bee_20230711c,20230711c6825.jpg,20230711c6825.txt
test,_bee_20230711c,20230711c6840.jpg,20230711c6840.txt
test,_bee_20230711c,20230711c6855.jpg,20230711c6855.txt
test,_bee_20230711c,20230711c6870.jpg,20230711c6870.txt
test,_bee_20230711c,20230711c6885.jpg,20230711c6885.txt
test,_bee_20230711c,20230711c690.jpg,20230711c690.txt
test,_bee_20230711c,20230711c6900.jpg,20230711c6900.txt
test,_bee_20230711c,20230711c6915.jpg,20230711c6915.txt
test,_bee_20230711c,20230711c6930.jpg,20230711c6930.txt
test,_bee_20230711c,20230711c6945.jpg,20230711c6945.txt
test,_bee_20230711c,20230711c6960.jpg,20230711c6960.txt
test,_bee_20230711c,20230711c6975.jpg,20230711c6975.txt
test,_bee_20230711c,20230711c6990.jpg,20230711c6990.txt
test,_bee_20230711c,20230711c7005.jpg,20230711c7005.txt
test,_bee_20230711c,20230711c7020.jpg,20230711c7020.txt
test,_bee_20230711c,20230711c7035.jpg,20230711c7035.txt
test,_bee_20230711c,20230711c705.jpg,20230711c705.txt
test,_bee_20230711c,20230711c7050.jpg,20230711c7050.txt
test,_bee_20230711c,20230711c7065.jpg,20230711c7065.txt
test,_bee_20230711c,20230711c7080.jpg,20230711c7080.txt
test,_bee_20230711c,20230711c7095.jpg,20230711c7095.txt
test,_bee_20230711c,20230711c7110.jpg,20230711c7110.txt
test,_bee_20230711c,20230711c7125.jpg,20230711c7125.txt
test,_bee_20230711c,20230711c7140.jpg,20230711c7140.txt
test,_bee_20230711c,20230711c7155.jpg,20230711c7155.txt
test,_bee_20230711c,20230711c7170.jpg,20230711c7170.txt
test,_bee_20230711c,20230711c7185.jpg,20230711c7185.txt
test,_bee_20230711c,20230711c7200.jpg,20230711c7200.txt
test,_bee_20230711c,20230711c7215.jpg,20230711c7215.txt
test,_bee_20230711c,20230711c7230.jpg,20230711c7230.txt
test,_bee_20230711c,20230711c7245.jpg,20230711c7245.txt
test,_bee_20230711c,20230711c7260.jpg,20230711c7260.txt
test,_bee_20230711c,20230711c7275.jpg,20230711c7275.txt
test,_bee_20230711c,20230711c7290.jpg,20230711c7290.txt
test,_bee_20230711c,20230711c7305.jpg,20230711c7305.txt
test,_bee_20230711c,20230711c7320.jpg,20230711c7320.txt
test,_bee_20230711c,20230711c7335.jpg,20230711c7335.txt
test,_bee_20230711c,20230711c735.jpg,20230711c735.txt
test,_bee_20230711c,20230711c7350.jpg,20230711c7350.txt
test,_bee_20230711c,20230711c7365.jpg,20230711c7365.txt
test,_bee_20230711c,20230711c7380.jpg,20230711c7380.txt
test,_bee_20230711c,20230711c7395.jpg,20230711c7395.txt
test,_bee_20230711c,20230711c7410.jpg,20230711c7410.txt
test,_bee_20230711c,20230711c7425.jpg,20230711c7425.txt
test,_bee_20230711c,20230711c7440.jpg,20230711c7440.txt
test,_bee_20230711c,20230711c7455.jpg,20230711c7455.txt
test,_bee_20230711c,20230711c7470.jpg,20230711c7470.txt
test,_bee_20230711c,20230711c7485.jpg,20230711c7485.txt
test,_bee_20230711c,20230711c750.jpg,20230711c750.txt
test,_bee_20230711c,20230711c7500.jpg,20230711c7500.txt
test,_bee_20230711c,20230711c7515.jpg,20230711c7515.txt
test,_bee_20230711c,20230711c7530.jpg,20230711c7530.txt
test,_bee_20230711c,20230711c7545.jpg,20230711c7545.txt
test,_bee_20230711c,20230711c7560.jpg,20230711c7560.txt
test,_bee_20230711c,20230711c7575.jpg,20230711c7575.txt
test,_bee_20230711c,20230711c7590.jpg,20230711c7590.txt
test,_bee_20230711c,20230711c7605.jpg,20230711c7605.txt
test,_bee_20230711c,20230711c7620.jpg,20230711c7620.txt
test,_bee_20230711c,20230711c7635.jpg,20230711c7635.txt
test,_bee_20230711c,20230711c765.jpg,20230711c765.txt
test,_bee_20230711c,20230711c7650.jpg,20230711c7650.txt
test,_bee_20230711c,20230711c7665.jpg,20230711c7665.txt
test,_bee_20230711c,20230711c7680.jpg,20230711c7680.txt
test,_bee_20230711c,20230711c7695.jpg,20230711c7695.txt
test,_bee_20230711c,20230711c7710.jpg,20230711c7710.txt
test,_bee_20230711c,20230711c7725.jpg,20230711c7725.txt
test,_bee_20230711c,20230711c7740.jpg,20230711c7740.txt
test,_bee_20230711c,20230711c7755.jpg,20230711c7755.txt
test,_bee_20230711c,20230711c7770.jpg,20230711c7770.txt
test,_bee_20230711c,20230711c7785.jpg,20230711c7785.txt
test,_bee_20230711c,20230711c780.jpg,20230711c780.txt
test,_bee_20230711c,20230711c7800.jpg,20230711c7800.txt
test,_bee_20230711c,20230711c7815.jpg,20230711c7815.txt
test,_bee_20230711c,20230711c7830.jpg,20230711c7830.txt
test,_bee_20230711c,20230711c7845.jpg,20230711c7845.txt
test,_bee_20230711c,20230711c7860.jpg,20230711c7860.txt
test,_bee_20230711c,20230711c7875.jpg,20230711c7875.txt
test,_bee_20230711c,20230711c7890.jpg,20230711c7890.txt
test,_bee_20230711c,20230711c7905.jpg,20230711c7905.txt
test,_bee_20230711c,20230711c7920.jpg,20230711c7920.txt
test,_bee_20230711c,20230711c7935.jpg,20230711c7935.txt
test,_bee_20230711c,20230711c795.jpg,20230711c795.txt
test,_bee_20230711c,20230711c7950.jpg,20230711c7950.txt
test,_bee_20230711c,20230711c7965.jpg,20230711c7965.txt
test,_bee_20230711c,20230711c7980.jpg,20230711c7980.txt
test,_bee_20230711c,20230711c7995.jpg,20230711c7995.txt
test,_bee_20230711c,20230711c8010.jpg,20230711c8010.txt
test,_bee_20230711c,20230711c8025.jpg,20230711c8025.txt
test,_bee_20230711c,20230711c8040.jpg,20230711c8040.txt
test,_bee_20230711c,20230711c8055.jpg,20230711c8055.txt
test,_bee_20230711c,20230711c8070.jpg,20230711c8070.txt
test,_bee_20230711c,20230711c8085.jpg,20230711c8085.txt
test,_bee_20230711c,20230711c810.jpg,20230711c810.txt
test,_bee_20230711c,20230711c8100.jpg,20230711c8100.txt
test,_bee_20230711c,20230711c8115.jpg,20230711c8115.txt
test,_bee_20230711c,20230711c8130.jpg,20230711c8130.txt
test,_bee_20230711c,20230711c8145.jpg,20230711c8145.txt
test,_bee_20230711c,20230711c8160.jpg,20230711c8160.txt
test,_bee_20230711c,20230711c8175.jpg,20230711c8175.txt
test,_bee_20230711c,20230711c8190.jpg,20230711c8190.txt
test,_bee_20230711c,20230711c8205.jpg,20230711c8205.txt
test,_bee_20230711c,20230711c8220.jpg,20230711c8220.txt
test,_bee_20230711c,20230711c8235.jpg,20230711c8235.txt
test,_bee_20230711c,20230711c825.jpg,20230711c825.txt
test,_bee_20230711c,20230711c8250.jpg,20230711c8250.txt
test,_bee_20230711c,20230711c8265.jpg,20230711c8265.txt
test,_bee_20230711c,20230711c8280.jpg,20230711c8280.txt
test,_bee_20230711c,20230711c8295.jpg,20230711c8295.txt
test,_bee_20230711c,20230711c8310.jpg,20230711c8310.txt
test,_bee_20230711c,20230711c8325.jpg,20230711c8325.txt
test,_bee_20230711c,20230711c8340.jpg,20230711c8340.txt
test,_bee_20230711c,20230711c8355.jpg,20230711c8355.txt
test,_bee_20230711c,20230711c8370.jpg,20230711c8370.txt
test,_bee_20230711c,20230711c8385.jpg,20230711c8385.txt
test,_bee_20230711c,20230711c840.jpg,20230711c840.txt
test,_bee_20230711c,20230711c8400.jpg,20230711c8400.txt
test,_bee_20230711c,20230711c8415.jpg,20230711c8415.txt
test,_bee_20230711c,20230711c8430.jpg,20230711c8430.txt
test,_bee_20230711c,20230711c8445.jpg,20230711c8445.txt
test,_bee_20230711c,20230711c8460.jpg,20230711c8460.txt
test,_bee_20230711c,20230711c8475.jpg,20230711c8475.txt
test,_bee_20230711c,20230711c8490.jpg,20230711c8490.txt
test,_bee_20230711c,20230711c8505.jpg,20230711c8505.txt
test,_bee_20230711c,20230711c8520.jpg,20230711c8520.txt
test,_bee_20230711c,20230711c8535.jpg,20230711c8535.txt
test,_bee_20230711c,20230711c8550.jpg,20230711c8550.txt
test,_bee_20230711c,20230711c8565.jpg,20230711c8565.txt
test,_bee_20230711c,20230711c8580.jpg,20230711c8580.txt
test,_bee_20230711c,20230711c8595.jpg,20230711c8595.txt
test,_bee_20230711c,20230711c8610.jpg,20230711c8610.txt
test,_bee_20230711c,20230711c8625.jpg,20230711c8625.txt
test,_bee_20230711c,20230711c8640.jpg,20230711c8640.txt
test,_bee_20230711c,20230711c8655.jpg,20230711c8655.txt
test,_bee_20230711c,20230711c8670.jpg,20230711c8670.txt
test,_bee_20230711c,20230711c8685.jpg,20230711c8685.txt
test,_bee_20230711c,20230711c870.jpg,20230711c870.txt
test,_bee_20230711c,20230711c8700.jpg,20230711c8700.txt
test,_bee_20230711c,20230711c8715.jpg,20230711c8715.txt
test,_bee_20230711c,20230711c8730.jpg,20230711c8730.txt
test,_bee_20230711c,20230711c8745.jpg,20230711c8745.txt
test,_bee_20230711c,20230711c8760.jpg,20230711c8760.txt
test,_bee_20230711c,20230711c8775.jpg,20230711c8775.txt
test,_bee_20230711c,20230711c8790.jpg,20230711c8790.txt
test,_bee_20230711c,20230711c8805.jpg,20230711c8805.txt
test,_bee_20230711c,20230711c8820.jpg,20230711c8820.txt
test,_bee_20230711c,20230711c8835.jpg,20230711c8835.txt
test,_bee_20230711c,20230711c8850.jpg,20230711c8850.txt
test,_bee_20230711c,20230711c8865.jpg,20230711c8865.txt
test,_bee_20230711c,20230711c8880.jpg,20230711c8880.txt
test,_bee_20230711c,20230711c8895.jpg,20230711c8895.txt
test,_bee_20230711c,20230711c8910.jpg,20230711c8910.txt
test,_bee_20230711c,20230711c8925.jpg,20230711c8925.txt
test,_bee_20230711c,20230711c8940.jpg,20230711c8940.txt
test,_bee_20230711c,20230711c8955.jpg,20230711c8955.txt
test,_bee_20230711c,20230711c8970.jpg,20230711c8970.txt
test,_bee_20230711c,20230711c8985.jpg,20230711c8985.txt
test,_bee_20230711c,20230711c90.jpg,20230711c90.txt
test,_bee_20230711c,20230711c9000.jpg,20230711c9000.txt
test,_bee_20230711c,20230711c9015.jpg,20230711c9015.txt
test,_bee_20230711c,20230711c9030.jpg,20230711c9030.txt
test,_bee_20230711c,20230711c9045.jpg,20230711c9045.txt
test,_bee_20230711c,20230711c9060.jpg,20230711c9060.txt
test,_bee_20230711c,20230711c9075.jpg,20230711c9075.txt
test,_bee_20230711c,20230711c9090.jpg,20230711c9090.txt
test,_bee_20230711c,20230711c9105.jpg,20230711c9105.txt
test,_bee_20230711c,20230711c9120.jpg,20230711c9120.txt
test,_bee_20230711c,20230711c9135.jpg,20230711c9135.txt
test,_bee_20230711c,20230711c915.jpg,20230711c915.txt
test,_bee_20230711c,20230711c930.jpg,20230711c930.txt
test,_bee_20230711c,20230711c945.jpg,20230711c945.txt
test,_bee_20230711c,20230711c960.jpg,20230711c960.txt
test,_bee_20230711c,20230711c975.jpg,20230711c975.txt
test,_bee_20230711c,20230711c990.jpg,20230711c990.txt
